"Sys_PK","Sys_TimeStamp","Sys_GUID","Sys_DTCreated","Sys_User","Sys_LastUser","Sys_Exported","Sys_DTExported","Sys_Info","Codigo","CodigoTel","Nombre","Estado","sys_recver","sys_deleted","sys_lock"
"1","2017-05-13 12:20:45","52D2212D9908464F9DFDC7F8DD360055","2008-01-03 04:46:58",\N,\N,"0","2008-01-03 04:46:58",\N,"CT0001","00","(Desconocido)","1","0",\N,\N
"2","2017-05-13 12:20:45","8BD984AC56DA4C01B67723D7805C9DFD","2008-01-30 12:47:25",\N,\N,"0","2008-01-30 12:47:25",\N,"CT0002","449","Aguascalientes","2","0",\N,\N
"3","2017-05-13 12:20:45","076C6B9833364260A00937AE10078023","2008-01-30 12:47:25",\N,\N,"0","2008-01-30 12:47:25",\N,"CT0003","495","Jaltiche de Abajo","2","0",\N,\N
"4","2017-05-13 12:20:45","15D35BA17090479B938EFFDF051560E3","2008-01-30 12:47:25",\N,\N,"0","2008-01-30 12:47:25",\N,"CT0004","449","Jaltomate","2","0",\N,\N
"5","2017-05-13 12:20:45","A6FEFA20F6AE4EA9A2656D2568482DB9","2008-01-30 12:47:25",\N,\N,"0","2008-01-30 12:47:25",\N,"CT0005","449","Jesús María","2","0",\N,\N
"6","2017-05-13 12:20:45","2D83FDFFA1E64C80B52CEEFE002C88A2","2008-01-30 12:47:25",\N,\N,"0","2008-01-30 12:47:25",\N,"CT0006","495","La Panadera","2","0",\N,\N
"7","2017-05-13 12:20:45","8476D6073C6240C8009C85C1C44D7700","2008-01-30 12:47:25",\N,\N,"0","2008-01-30 12:47:25",\N,"CT0007","458","La Punta","2","0",\N,\N
"8","2017-05-13 12:20:45","4FC2C9FEDB4944F086332DA6A94121E8","2008-01-30 12:47:25",\N,\N,"0","2008-01-30 12:47:25",\N,"CT0008","495","Malpaso","2","0",\N,\N
"9","2017-05-13 12:20:45","0E6D8F385C704F6EAA6DD31FA4BFA46B","2008-01-30 12:47:25",\N,\N,"0","2008-01-30 12:47:25",\N,"CT0009","465","Pabellón de Arteaga","2","0",\N,\N
"10","2017-05-13 12:20:45","3B05551D6FB74C6C8FF3F688AA542FC3","2008-01-30 12:47:25",\N,\N,"0","2008-01-30 12:47:25",\N,"CT0010","465","Pabellón de Hidalgo","2","0",\N,\N
"11","2017-05-13 12:20:46","21F390DF29534D85BC7FA6A9CA78BEC7","2008-01-30 12:47:25",\N,\N,"0","2008-01-30 12:47:25",\N,"CT0011","496","Palo Alto","2","0",\N,\N
"12","2017-05-13 12:20:46","A03B359FA250496AADE200C3DA1342EF","2008-01-30 12:47:25",\N,\N,"0","2008-01-30 12:47:25",\N,"CT0012","449","Peñuelas (El Cienegal)","2","0",\N,\N
"13","2017-05-13 12:20:46","4B9AA6812487429EB602093E00AD1E6B","2008-01-30 12:47:25",\N,\N,"0","2008-01-30 12:47:25",\N,"CT0013","496","Amarillas de Esparza (Amarillas)","2","0",\N,\N
"14","2017-05-13 12:20:46","951B299F6FA84E9286C990F20090E717","2008-01-30 12:47:25",\N,\N,"0","2008-01-30 12:47:25",\N,"CT0014","496","Pilotos","2","0",\N,\N
"15","2017-05-13 12:20:46","A252CEC618D043E1AE28903BECB8C660","2008-01-30 12:47:25",\N,\N,"0","2008-01-30 12:47:25",\N,"CT0015","465","Rincón de Romos","2","0",\N,\N
"16","2017-05-13 12:20:46","30E4C1D08F79491C95EB1DB6894B1F5C","2008-01-30 12:47:25",\N,\N,"0","2008-01-30 12:47:25",\N,"CT0016","465","San Francisco de los Romo","2","0",\N,\N
"17","2017-05-13 12:20:46","0822415F04A64779AD3E186543DC42C1","2008-01-30 12:47:25",\N,\N,"0","2008-01-30 12:47:25",\N,"CT0017","449","San Ignacio","2","0",\N,\N
"18","2017-05-13 12:20:46","2CA499513F7A4A36BD43582C63DCBA78","2008-01-30 12:47:25",\N,\N,"0","2008-01-30 12:47:25",\N,"CT0018","465","San José de Gracia","2","0",\N,\N
"19","2017-05-13 12:20:46","2AB35A08E9394A318F6200DD19FD2707","2008-01-30 12:47:25",\N,\N,"0","2008-01-30 12:47:25",\N,"CT0019","495","San Tadeo","2","0",\N,\N
"20","2017-05-13 12:20:46","C4ECA5CAFAE64E70B7A897877654A5A8","2008-01-30 12:47:25",\N,\N,"0","2008-01-30 12:47:25",\N,"CT0020","465","Tepezala","2","0",\N,\N
"21","2017-05-13 12:20:46","B925CA8441AD40B784250938CF72ED00","2008-01-30 12:47:25",\N,\N,"0","2008-01-30 12:47:25",\N,"CT0021","449","Valladolid","2","0",\N,\N
"22","2017-05-13 12:20:46","40AC66C91C384F389F92F21EF43E928D","2008-01-30 12:47:25",\N,\N,"0","2008-01-30 12:47:25",\N,"CT0022","496","Asientos","2","0",\N,\N
"23","2017-05-13 12:20:46","1B626D684DA24D0BBE7517BADC00EFE2","2008-01-30 12:47:25",\N,\N,"0","2008-01-30 12:47:25",\N,"CT0023","495","Calvillo","2","0",\N,\N
"24","2017-05-13 12:20:47","1F79726C0CBE4F35BAD9AAE238EFEFE3","2008-01-30 12:47:25",\N,\N,"0","2008-01-30 12:47:25",\N,"CT0024","496","Ciénaga Grande","2","0",\N,\N
"25","2017-05-13 12:20:47","3E1E90689F31468ABCAF22A71DD6F4BD","2008-01-30 12:47:25",\N,\N,"0","2008-01-30 12:47:25",\N,"CT0025","458","Cosío","2","0",\N,\N
"26","2017-05-13 12:20:47","20D674B2CEEA482AAC2E059CB253E27E","2008-01-30 12:47:25",\N,\N,"0","2008-01-30 12:47:25",\N,"CT0026","465","Emiliano Zapata","2","0",\N,\N
"27","2017-05-13 12:20:47","8A572BA3E1364F86B3BAFF27066B15D8","2008-01-30 12:47:25",\N,\N,"0","2008-01-30 12:47:25",\N,"CT0027","449","General Ignacio Zaragoza (Venadero)","2","0",\N,\N
"28","2017-05-13 12:20:47","118D7FFBB62B411B8243AC5FCAB729B9","2008-01-30 12:47:25",\N,\N,"0","2008-01-30 12:47:25",\N,"CT0028","449","Gral. J. Ma. Morelos y Pavón (Cañada Honda)","2","0",\N,\N
"29","2017-05-13 12:20:47","166395387DDF474384E685CF6C28D3AA","2008-01-30 12:47:25",\N,\N,"0","2008-01-30 12:47:25",\N,"CT0029","646","Santo Tomás","3","0",\N,\N
"30","2017-05-13 12:20:47","8EC3FAD85591400CB4EDD363CEB68724","2008-01-30 12:47:25",\N,\N,"0","2008-01-30 12:47:25",\N,"CT0030","665","Tecate","3","0",\N,\N
"31","2017-05-13 12:20:47","D6F4E10ADEFA46799C37DCA778E6FF6B","2008-01-30 12:47:25",\N,\N,"0","2008-01-30 12:47:25",\N,"CT0031","664","Tijuana","3","0",\N,\N
"32","2017-05-13 12:20:47","B016CAF859014095B027EA73D56BA980","2008-01-30 12:47:25",\N,\N,"0","2008-01-30 12:47:25",\N,"CT0032","646","Uruapan","3","0",\N,\N
"33","2017-05-13 12:20:47","2A8B112D6CF54C6993D2E9895C818E7E","2008-01-30 12:47:25",\N,\N,"0","2008-01-30 12:47:25",\N,"CT0033","646","Valle de la Trinidad","3","0",\N,\N
"34","2017-05-13 12:20:47","7341CB3B75CF4949BA12827660968226","2008-01-30 12:47:25",\N,\N,"0","2008-01-30 12:47:25",\N,"CT0034","646","Valle de las Palmas","3","0",\N,\N
"35","2017-05-13 12:20:47","1D43E529D5454DCB9954F8D47DFAF100","2008-01-30 12:47:25",\N,\N,"0","2008-01-30 12:47:25",\N,"CT0035","616","Venustiano Carranza (Santa María)","3","0",\N,\N
"36","2017-05-13 12:20:47","7B7B0FCC088E4C46A006929D4B98B32D","2008-01-30 12:47:25",\N,\N,"0","2008-01-30 12:47:25",\N,"CT0036","658","Vicente Guerrero (Algodones)","3","0",\N,\N
"37","2017-05-13 12:20:47","83406EE5A8144F72B1DFE84C35E88500","2008-01-30 12:47:25",\N,\N,"0","2008-01-30 12:47:25",\N,"CT0037","615","Villa Alberto A. Alvarado A. (El Fundo Legal)","3","0",\N,\N
"38","2017-05-13 12:20:47","529262BA801441C0A49C4D9B1CD1DC00","2008-01-30 12:47:25",\N,\N,"0","2008-01-30 12:47:25",\N,"CT0038","646","Villa de Juárez (San Antonio de las Minas)","3","0",\N,\N
"39","2017-05-13 12:20:47","FAFF7271514A42A89DAC22E6F9F4ECB4","2008-01-30 12:47:25",\N,\N,"0","2008-01-30 12:47:25",\N,"CT0039","658","Villa Hermosa","3","0",\N,\N
"40","2017-05-13 12:20:47","1FBE91F1062745698CDD652277BB8372","2008-01-30 12:47:25",\N,\N,"0","2008-01-30 12:47:25",\N,"CT0040","615","Gustavo Díaz Ordaz (Vizcaíno)","3","0",\N,\N
"41","2017-05-13 12:20:47","1912DDF38EDB4ECA95671952369BAF6F","2008-01-30 12:47:25",\N,\N,"0","2008-01-30 12:47:25",\N,"CT0041","616","Alfredo B. Bonfil","3","0",\N,\N
"42","2017-05-13 12:20:47","87697BCCFFB74727979173C8F26F49AD","2008-01-30 12:47:25",\N,\N,"0","2008-01-30 12:47:25",\N,"CT0042","646","Bajamar","3","0",\N,\N
"43","2017-05-13 12:20:47","CC12444EBE824A750043BCD540758DF4","2008-01-30 12:47:25",\N,\N,"0","2008-01-30 12:47:25",\N,"CT0043","658","Benito Juárez (Tecolotes)","3","0",\N,\N
"44","2017-05-13 12:20:47","7EC19C01E90F4CFCAE36F780A4244E83","2008-01-30 12:47:25",\N,\N,"0","2008-01-30 12:47:25",\N,"CT0044","616","Camalu","3","0",\N,\N
"45","2017-05-13 12:20:47","1772B6D2E90740D487009EA985EE68E7","2008-01-30 12:47:25",\N,\N,"0","2008-01-30 12:47:25",\N,"CT0045","686","Chihuahua","3","0",\N,\N
"46","2017-05-13 12:20:47","089F7A356E19408682D88D470061D91C","2008-01-30 12:47:25",\N,\N,"0","2008-01-30 12:47:25",\N,"CT0046","658","Ciudad Morelos (Cuervos)","3","0",\N,\N
"47","2017-05-13 12:20:47","ED234F7288704350BD89BBAD11B24640","2008-01-30 12:47:25",\N,\N,"0","2008-01-30 12:47:25",\N,"CT0047","646","Colonia Benito García (El Zorrillo)","3","0",\N,\N
"48","2017-05-13 12:20:47","09FE10EF678C45BA97D6BB9D46DC8EFE","2008-01-30 12:47:25",\N,\N,"0","2008-01-30 12:47:25",\N,"CT0048","686","Colonia La Puerta","3","0",\N,\N
"49","2017-05-13 12:20:47","0DA88798C9614CEBAD7F506C63362B46","2008-01-30 12:47:25",\N,\N,"0","2008-01-30 12:47:25",\N,"CT0049","616","Colonia Vicente Guerrero","3","0",\N,\N
"50","2017-05-13 12:20:47","9A6C17794D054A4CBC61D866DB944E27","2008-01-30 12:47:25",\N,\N,"0","2008-01-30 12:47:25",\N,"CT0050","686","Delta (Estación Delta)","3","0",\N,\N
"51","2017-05-13 12:20:47","D64BCDB3DF6C48C4AD04E3E2F5CA89C4","2008-01-30 12:47:25",\N,\N,"0","2008-01-30 12:47:25",\N,"CT0051","686","Durango","3","0",\N,\N
"52","2017-05-13 12:20:47","CFBD77A594F34F8EA2634E7D88BBFC2E","2008-01-30 12:47:25",\N,\N,"0","2008-01-30 12:47:25",\N,"CT0052","616","Ejido 27 de Enero","3","0",\N,\N
"53","2017-05-13 12:20:47","B841C0800B874B428F35F2A0C15ED74D","2008-01-30 12:47:25",\N,\N,"0","2008-01-30 12:47:25",\N,"CT0053","658","Ejido Chiapas 1","3","0",\N,\N
"54","2017-05-13 12:20:47","E176DDFF96D64A8AA38C20C4594BD291","2008-01-30 12:47:25",\N,\N,"0","2008-01-30 12:47:25",\N,"CT0054","658","Ejido Distrito Federal","3","0",\N,\N
"55","2017-05-13 12:20:47","C0D8938AE9E548E5AD9D5BD9843E95D0","2008-01-30 12:47:25",\N,\N,"0","2008-01-30 12:47:25",\N,"CT0055","658","Ejido Dr. Alberto Oviedo Mota (El Indiviso)","3","0",\N,\N
"56","2017-05-13 12:20:47","7C565C141117475090ABDCE256615DFB","2008-01-30 12:47:25",\N,\N,"0","2008-01-30 12:47:25",\N,"CT0056","616","Ejido General Leandro Valle","3","0",\N,\N
"57","2017-05-13 12:20:48","478E68EFE97C434FBC15F7C93D4ED649","2008-01-30 12:47:25",\N,\N,"0","2008-01-30 12:47:25",\N,"CT0057","658","Ejido Guadalajara","3","0",\N,\N
"58","2017-05-13 12:20:48","48787AB5177F48A586CDEE3800BFBC96","2008-01-30 12:47:25",\N,\N,"0","2008-01-30 12:47:25",\N,"CT0058","686","Ejido Guanajuato","3","0",\N,\N
"59","2017-05-13 12:20:48","2DCD26D40D9A42DD9DA1EB9C812E9CE8","2008-01-30 12:47:25",\N,\N,"0","2008-01-30 12:47:25",\N,"CT0059","616","Ejido José María Morelos","3","0",\N,\N
"60","2017-05-13 12:20:48","FC8525DE2ED2415D8CFFD771B898AF72","2008-01-30 12:47:25",\N,\N,"0","2008-01-30 12:47:25",\N,"CT0060","658","Ejido Lázaro Cárdenas","3","0",\N,\N
"61","2017-05-13 12:20:48","5BCC87CD48594D60AAD579AE066E9CC4","2008-01-30 12:47:25",\N,\N,"0","2008-01-30 12:47:25",\N,"CT0061","658","Ejido Monterrey (Colonia Bataquez)","3","0",\N,\N
"62","2017-05-13 12:20:48","5B0ACB6F6E2440D8A69F2C8468C92D83","2008-01-30 12:47:25",\N,\N,"0","2008-01-30 12:47:25",\N,"CT0062","664","Ejido Ojo de Agua","3","0",\N,\N
"63","2017-05-13 12:20:48","F30164906FBF4A02B6976DF45CCDC045","2008-01-30 12:47:25",\N,\N,"0","2008-01-30 12:47:25",\N,"CT0063","658","Ejido Querétaro","3","0",\N,\N
"64","2017-05-13 12:20:48","74FAC379AB5745888575333FC8202461","2008-01-30 12:47:25",\N,\N,"0","2008-01-30 12:47:25",\N,"CT0064","658","Ejido Quintana Roo","3","0",\N,\N
"65","2017-05-13 12:20:48","19A585A438084FE7BEE9BC7D66618283","2008-01-30 12:47:25",\N,\N,"0","2008-01-30 12:47:25",\N,"CT0065","686","Ejido Sanson Flores","3","0",\N,\N
"66","2017-05-13 12:20:48","03F7D1E993C947AE87346ED22BE6E573","2008-01-30 12:47:25",\N,\N,"0","2008-01-30 12:47:25",\N,"CT0066","686","Ejido Sinaloa","3","0",\N,\N
"67","2017-05-13 12:20:48","656E03FA14884FDD8F8DF0DD18184ED8","2008-01-30 12:47:25",\N,\N,"0","2008-01-30 12:47:25",\N,"CT0067","658","Ejido Yucatán","3","0",\N,\N
"68","2017-05-13 12:20:48","A8FA87519C2A4F96884298A45B63EB00","2008-01-30 12:47:25",\N,\N,"0","2008-01-30 12:47:25",\N,"CT0068","665","El Descanso","3","0",\N,\N
"69","2017-05-13 12:20:48","202DECB271C04862AF3D9C3B0096B16F","2008-01-30 12:47:25",\N,\N,"0","2008-01-30 12:47:25",\N,"CT0069","665","El Hongo","3","0",\N,\N
"70","2017-05-13 12:20:48","4B62E15BA9A84645B8BDE6344C91F939","2008-01-30 12:47:25",\N,\N,"0","2008-01-30 12:47:25",\N,"CT0070","646","El Porvenir Guadalupe","3","0",\N,\N
"71","2017-05-13 12:20:48","D05C4FF89575402AB31FB1A1803E8987","2008-01-30 12:47:25",\N,\N,"0","2008-01-30 12:47:25",\N,"CT0071","616","El Rosario","3","0",\N,\N
"72","2017-05-13 12:20:48","A76F7369FB5A454291F600CAA85E3B4D","2008-01-30 12:47:25",\N,\N,"0","2008-01-30 12:47:25",\N,"CT0072","646","El Sauzal","3","0",\N,\N
"73","2017-05-13 12:20:48","44CA631003D040C8B53B87C69F7B2959","2008-01-30 12:47:25",\N,\N,"0","2008-01-30 12:47:25",\N,"CT0073","646","Ensenada","3","0",\N,\N
"74","2017-05-13 12:20:48","D201016F891E45F58898A74DDF871D33","2008-01-30 12:47:25",\N,\N,"0","2008-01-30 12:47:25",\N,"CT0074","646","Erendira","3","0",\N,\N
"75","2017-05-13 12:20:48","9183DB417EF642FF8295B5AED5D58357","2008-01-30 12:47:25",\N,\N,"0","2008-01-30 12:47:25",\N,"CT0075","653","Estación Coahuila (Km 57)","3","0",\N,\N
"76","2017-05-13 12:20:48","866D967807BA46D2958629CE79798C8E","2008-01-30 12:47:25",\N,\N,"0","2008-01-30 12:47:25",\N,"CT0076","646","Francisco R. Serrano (Valle San Matías)","3","0",\N,\N
"77","2017-05-13 12:20:48","DEB09DAFD3D547B1B97D10F347311F86","2008-01-30 12:47:25",\N,\N,"0","2008-01-30 12:47:25",\N,"CT0077","658","Guadalupe Victoria (Km 43)","3","0",\N,\N
"78","2017-05-13 12:20:48","46C218BF376F40F9939819DC8500B5EE","2008-01-30 12:47:25",\N,\N,"0","2008-01-30 12:47:25",\N,"CT0078","658","Hermosillo","3","0",\N,\N
"79","2017-05-13 12:20:48","B6F5106DB40745149FD8EAB8DA0411A1","2008-01-30 12:47:25",\N,\N,"0","2008-01-30 12:47:25",\N,"CT0079","646","Héroes de la Independencia","3","0",\N,\N
"80","2017-05-13 12:20:48","CF45789994F24F29A5A0EF15A5BFA865","2008-01-30 12:47:25",\N,\N,"0","2008-01-30 12:47:25",\N,"CT0080","658","Ingeniero Francisco Murguía (Km. 49)","3","0",\N,\N
"81","2017-05-13 12:20:48","AAE5F05D5EC0420D90EB129058A35F8E","2008-01-30 12:47:25",\N,\N,"0","2008-01-30 12:47:25",\N,"CT0081","616","Isla de Cedros","3","0",\N,\N
"82","2017-05-13 12:20:48","BDCA51308DA0484C00DEFFCEBDFE217B","2008-01-30 12:47:25",\N,\N,"0","2008-01-30 12:47:25",\N,"CT0082","686","Islas Agrarias Grupo A","3","0",\N,\N
"83","2017-05-13 12:20:48","8167678B6EC74CA8A2DF99426CDD5694","2008-01-30 12:47:25",\N,\N,"0","2008-01-30 12:47:25",\N,"CT0083","686","Islas Agrarias Grupo B","3","0",\N,\N
"84","2017-05-13 12:20:48","57D9D67D2DB543CE93BAD7CE98424212","2008-01-30 12:47:25",\N,\N,"0","2008-01-30 12:47:25",\N,"CT0084","686","Jalapa","3","0",\N,\N
"85","2017-05-13 12:20:48","B17EE3ADB8ED40EF846D70D6FA3F1C59","2008-01-30 12:47:25",\N,\N,"0","2008-01-30 12:47:25",\N,"CT0085","646","La Bufadora","3","0",\N,\N
"86","2017-05-13 12:20:48","9CAAAFD098554651831214697D81302F","2008-01-30 12:47:25",\N,\N,"0","2008-01-30 12:47:25",\N,"CT0086","646","Lázaro Cárdenas (Valle de la Trinidad)","3","0",\N,\N
"87","2017-05-13 12:20:48","D5C5042BFAF941968504C92EAF03EECE","2008-01-30 12:47:25",\N,\N,"0","2008-01-30 12:47:25",\N,"CT0087","646","Maneadero","3","0",\N,\N
"88","2017-05-13 12:20:48","06F85534267E4D6C8036002070717D6E","2008-01-30 12:47:25",\N,\N,"0","2008-01-30 12:47:25",\N,"CT0088","661","Marena Cove","3","0",\N,\N
"89","2017-05-13 12:20:48","094352A762154D6BB5DE4871D09F334D","2008-01-30 12:47:25",\N,\N,"0","2008-01-30 12:47:25",\N,"CT0089","658","Mérida","3","0",\N,\N
"90","2017-05-13 12:20:48","307493CCF00C46E2B28C58F87B00A920","2008-01-30 12:47:25",\N,\N,"0","2008-01-30 12:47:25",\N,"CT0090","686","Mexicali","3","0",\N,\N
"91","2017-05-13 12:20:48","767D7BDC2D384983886738AC93A1A4C3","2008-01-30 12:47:25",\N,\N,"0","2008-01-30 12:47:25",\N,"CT0091","686","Michoacán de Ocampo","3","0",\N,\N
"92","2017-05-13 12:20:48","7DA0366BD2654CA991ADF9C67797495D","2008-01-30 12:47:25",\N,\N,"0","2008-01-30 12:47:25",\N,"CT0092","646","Misión","3","0",\N,\N
"93","2017-05-13 12:20:48","F365CBEB21A04BDC95C1540090925299","2008-01-30 12:47:25",\N,\N,"0","2008-01-30 12:47:25",\N,"CT0093","646","Nacionalista de Sánchez Taboada","3","0",\N,\N
"94","2017-05-13 12:20:48","4093B6477AB245C5829B49EBA16248F4","2008-01-30 12:47:25",\N,\N,"0","2008-01-30 12:47:25",\N,"CT0094","686","Nayarit Llamada","3","0",\N,\N
"95","2017-05-13 12:20:49","7B4FFF4F993E45C6BCBE52A9F3195128","2008-01-30 12:47:25",\N,\N,"0","2008-01-30 12:47:25",\N,"CT0095","686","Nuevo León","3","0",\N,\N
"96","2017-05-13 12:20:49","EE3AB7A76A3F48CCA91B6ECCC353414E","2008-01-30 12:47:25",\N,\N,"0","2008-01-30 12:47:25",\N,"CT0096","646","Ojos Negros Real del Castillo","3","0",\N,\N
"97","2017-05-13 12:20:49","B980846E419B4F239E159883E461F405","2008-01-30 12:47:25",\N,\N,"0","2008-01-30 12:47:25",\N,"CT0097","658","Paredones","3","0",\N,\N
"98","2017-05-13 12:20:49","A63DCC7529FF44DB8BE61DE01EAB1BFE","2008-01-30 12:47:25",\N,\N,"0","2008-01-30 12:47:25",\N,"CT0098","616","Poblado Héroes de Chapultepec","3","0",\N,\N
"99","2017-05-13 12:20:49","D931AA9587D446A28563B2E3C5B2D6ED","2008-01-30 12:47:25",\N,\N,"0","2008-01-30 12:47:25",\N,"CT0099","661","Popotla","3","0",\N,\N
"100","2017-05-13 12:20:49","1F29DED099684A4598ABE8B0233E0000","2008-01-30 12:47:25",\N,\N,"0","2008-01-30 12:47:25",\N,"CT0100","661","Primo Tapia","3","0",\N,\N
"101","2017-05-13 12:20:49","BEF3C3BEDC9E4DBD0077CA732681742B","2008-01-30 12:47:25",\N,\N,"0","2008-01-30 12:47:25",\N,"CT0101","686","Puebla","3","0",\N,\N
"102","2017-05-13 12:20:49","2AB31282E008469B9BFE8FB0D9510099","2008-01-30 12:47:25",\N,\N,"0","2008-01-30 12:47:25",\N,"CT0102","646","Punta Banda (El Rincón de Punta Banda)","3","0",\N,\N
"103","2017-05-13 12:20:49","0D4C893244E945098B00F18BD70156FD","2008-01-30 12:47:25",\N,\N,"0","2008-01-30 12:47:25",\N,"CT0103","616","Punta Cólonet","3","0",\N,\N
"104","2017-05-13 12:20:49","A889F9821B4443099E7540E5C9B70625","2008-01-30 12:47:25",\N,\N,"0","2008-01-30 12:47:25",\N,"CT0104","658","República Mexicana","3","0",\N,\N
"105","2017-05-13 12:20:49","5956CDCA3FE44431B5D711E75F342DFD","2008-01-30 12:47:25",\N,\N,"0","2008-01-30 12:47:25",\N,"CT0105","661","Rosarito (Campo 30-06)","3","0",\N,\N
"106","2017-05-13 12:20:49","A07A31E979284A519E7550B9E635DEBC","2008-01-30 12:47:25",\N,\N,"0","2008-01-30 12:47:25",\N,"CT0106","616","Ruben Jaramillo","3","0",\N,\N
"107","2017-05-13 12:20:49","A1AB1E06078044E1A39D013EFAA0AC98","2008-01-30 12:47:25",\N,\N,"0","2008-01-30 12:47:25",\N,"CT0107","686","Rumorosa","3","0",\N,\N
"108","2017-05-13 12:20:49","C0B5CD1DE2D24EF680846E49E6006D87","2008-01-30 12:47:25",\N,\N,"0","2008-01-30 12:47:25",\N,"CT0108","658","Saltillo","3","0",\N,\N
"109","2017-05-13 12:20:49","BA6A4029509A4CF481C6ABF009482EAC","2008-01-30 12:47:25",\N,\N,"0","2008-01-30 12:47:25",\N,"CT0109","664","San Antonio del Mar","3","0",\N,\N
"110","2017-05-13 12:20:49","D0A857A0C22344FBA7DA4037922131D9","2008-01-30 12:47:25",\N,\N,"0","2008-01-30 12:47:25",\N,"CT0110","686","San Felipe","3","0",\N,\N
"111","2017-05-13 12:20:49","621AE22CE7DE4D428BE497FE57818C52","2008-01-30 12:47:25",\N,\N,"0","2008-01-30 12:47:25",\N,"CT0111","616","San Quintín","3","0",\N,\N
"112","2017-05-13 12:20:49","9995D1963A2C4EA58009073916FE0738","2008-01-30 12:47:25",\N,\N,"0","2008-01-30 12:47:25",\N,"CT0112","646","San Vicente","3","0",\N,\N
"113","2017-05-13 12:20:49","9F888CCE52A24A83A7D41DECCDC0002D","2008-01-30 12:47:25",\N,\N,"0","2008-01-30 12:47:25",\N,"CT0113","615","Bahía Tortugas","4","0",\N,\N
"114","2017-05-13 12:20:49","593751653C8F452DAE469C163FA6F845","2008-01-30 12:47:25",\N,\N,"0","2008-01-30 12:47:25",\N,"CT0114","624","Buena Vista","4","0",\N,\N
"115","2017-05-13 12:20:49","0B0DFAC8EDA145DEA50064061CABBB2B","2008-01-30 12:47:25",\N,\N,"0","2008-01-30 12:47:25",\N,"CT0115","624","Cabo del Sol","4","0",\N,\N
"116","2017-05-13 12:20:49","184EC1FF135B4B84006484B1CBA948FF","2008-01-30 12:47:25",\N,\N,"0","2008-01-30 12:47:25",\N,"CT0116","624","Cabo Real","4","0",\N,\N
"117","2017-05-13 12:20:49","D05D331B7E2C475B98C0DAA6A8D3D3BC","2008-01-30 12:47:25",\N,\N,"0","2008-01-30 12:47:25",\N,"CT0117","624","Cabo San Lucas","4","0",\N,\N
"118","2017-05-13 12:20:49","2E9F6E1F33C54243838E18A1C3987212","2008-01-30 12:47:25",\N,\N,"0","2008-01-30 12:47:25",\N,"CT0118","612","Chametla","4","0",\N,\N
"119","2017-05-13 12:20:49","4D59FFE48F7C45BC9487EC2200E12B8C","2008-01-30 12:47:25",\N,\N,"0","2008-01-30 12:47:25",\N,"CT0119","613","Ciudad Constitución","4","0",\N,\N
"120","2017-05-13 12:20:49","6A8C3881B08B43448D271ECF88ABA2D0","2008-01-30 12:47:25",\N,\N,"0","2008-01-30 12:47:25",\N,"CT0120","615","Estero de la Bocana","4","0",\N,\N
"121","2017-05-13 12:20:49","CB504BF40BE3452EB3B7819BD1C14775","2008-01-30 12:47:25",\N,\N,"0","2008-01-30 12:47:25",\N,"CT0121","615","Guerrero Negro","4","0",\N,\N
"122","2017-05-13 12:20:49","1CE4F3CB9E4C4E898CC34EF0FDCF8C7B","2008-01-30 12:47:25",\N,\N,"0","2008-01-30 12:47:25",\N,"CT0122","612","La Paz","4","0",\N,\N
"123","2017-05-13 12:20:49","F803CA5014034541B7E78670C598C9C4","2008-01-30 12:47:25",\N,\N,"0","2008-01-30 12:47:25",\N,"CT0123","624","La Ribera","4","0",\N,\N
"124","2017-05-13 12:20:49","EDD8D12B2D9E4A69A11061C05700BAF2","2008-01-30 12:47:25",\N,\N,"0","2008-01-30 12:47:25",\N,"CT0124","624","Las Lagunitas","4","0",\N,\N
"125","2017-05-13 12:20:49","1E5B19206B7A4C708CBBAD3019933933","2008-01-30 12:47:25",\N,\N,"0","2008-01-30 12:47:25",\N,"CT0125","613","Loreto","4","0",\N,\N
"126","2017-05-13 12:20:49","99C1FB015C3C4A11A6B104FD7D73EDA8","2008-01-30 12:47:25",\N,\N,"0","2008-01-30 12:47:25",\N,"CT0126","624","Miraflores","4","0",\N,\N
"127","2017-05-13 12:20:49","0E132D5E3FF54755A5222EBBEC71F795","2008-01-30 12:47:25",\N,\N,"0","2008-01-30 12:47:25",\N,"CT0127","615","Mulege (Mulege)","4","0",\N,\N
"128","2017-05-13 12:20:49","58B1CAFC6FE245BA885B847EC3E5DD00","2008-01-30 12:47:25",\N,\N,"0","2008-01-30 12:47:25",\N,"CT0128","613","Nopolo","4","0",\N,\N
"129","2017-05-13 12:20:49","00E48F7CD9AE43778E1823EDC58C4638","2008-01-30 12:47:25",\N,\N,"0","2008-01-30 12:47:25",\N,"CT0129","613","Puerto Adolfo López Mateos","4","0",\N,\N
"130","2017-05-13 12:20:50","A76E5CA25BAF4273A0DBA0CDC46200DA","2008-01-30 12:47:25",\N,\N,"0","2008-01-30 12:47:25",\N,"CT0130","613","Puerto San Carlos","4","0",\N,\N
"131","2017-05-13 12:20:50","C5B506AC97694EA4AC8FF7D8BA42BE00","2008-01-30 12:47:25",\N,\N,"0","2008-01-30 12:47:25",\N,"CT0131","615","Punta Abreojos","4","0",\N,\N
"132","2017-05-13 12:20:50","EF9B2A440CDB4AED940726148FA18827","2008-01-30 12:47:25",\N,\N,"0","2008-01-30 12:47:25",\N,"CT0132","615","San Ignacio","4","0",\N,\N
"133","2017-05-13 12:20:50","04C29AE72D82434BA4A2F7D794DF6DB8","2008-01-30 12:47:25",\N,\N,"0","2008-01-30 12:47:25",\N,"CT0133","624","San José del Cabo","4","0",\N,\N
"134","2017-05-13 12:20:50","B458C0418B874D039450FAB575958392","2008-01-30 12:47:25",\N,\N,"0","2008-01-30 12:47:25",\N,"CT0134","624","San José Viejo","4","0",\N,\N
"135","2017-05-13 12:20:50","813ACA39A6DD4A7084AD9769391907A6","2008-01-30 12:47:25",\N,\N,"0","2008-01-30 12:47:25",\N,"CT0135","615","Santa Rosalía","4","0",\N,\N
"136","2017-05-13 12:20:50","AD535D8CE4CE426B82FDFB00C576795F","2008-01-30 12:47:25",\N,\N,"0","2008-01-30 12:47:25",\N,"CT0136","624","Santiago","4","0",\N,\N
"137","2017-05-13 12:20:50","899F08953BC0495FB091837D00A8BEB9","2008-01-30 12:47:25",\N,\N,"0","2008-01-30 12:47:25",\N,"CT0137","612","Todos Santos","4","0",\N,\N
"138","2017-05-13 12:20:50","09565D7FC20E473A959E909797905CC3","2008-01-30 12:47:25",\N,\N,"0","2008-01-30 12:47:25",\N,"CT0138","613","Villa Insurgentes","4","0",\N,\N
"139","2017-05-13 12:20:50","E3818883E4A14974BD51416565499181","2008-01-30 12:47:25",\N,\N,"0","2008-01-30 12:47:25",\N,"CT0139","981","Alfredo B. Bonfil","5","0",\N,\N
"140","2017-05-13 12:20:50","DBC4B33F59694AF28BF0C2DAD5EBC1E7","2008-01-30 12:47:25",\N,\N,"0","2008-01-30 12:47:25",\N,"CT0140","996","Becal","5","0",\N,\N
"141","2017-05-13 12:20:50","A9235B80B80F4C94B65FC6D5F01FD84C","2008-01-30 12:47:25",\N,\N,"0","2008-01-30 12:47:25",\N,"CT0141","996","Calkini","5","0",\N,\N
"142","2017-05-13 12:20:50","67CF6C92F88544DCBB30472CC5FBB321","2008-01-30 12:47:25",\N,\N,"0","2008-01-30 12:47:25",\N,"CT0142","981","Campeche","5","0",\N,\N
"143","2017-05-13 12:20:50","B1BDE45750094A76B3515D6FB00028E0","2008-01-30 12:47:25",\N,\N,"0","2008-01-30 12:47:25",\N,"CT0143","982","Candelaria","5","0",\N,\N
"144","2017-05-13 12:20:50","69EAA66E22F34847830263AD6979F200","2008-01-30 12:47:25",\N,\N,"0","2008-01-30 12:47:25",\N,"CT0144","982","Champotón","5","0",\N,\N
"145","2017-05-13 12:20:50","35C01C00F1C34325A2AE56E2FD21F723","2008-01-30 12:47:25",\N,\N,"0","2008-01-30 12:47:25",\N,"CT0145","981","China","5","0",\N,\N
"146","2017-05-13 12:20:50","58195418B2854137A432B732733B50BE","2008-01-30 12:47:25",\N,\N,"0","2008-01-30 12:47:25",\N,"CT0146","938","Ciudad del Carmen","5","0",\N,\N
"147","2017-05-13 12:20:50","AAE46454E96E4795B0A815369F2C00F7","2008-01-30 12:47:25",\N,\N,"0","2008-01-30 12:47:25",\N,"CT0147","982","División del Norte","5","0",\N,\N
"148","2017-05-13 12:20:50","276230861516480E85426E15D81933CF","2008-01-30 12:47:25",\N,\N,"0","2008-01-30 12:47:25",\N,"CT0148","996","Dzibalchen","5","0",\N,\N
"149","2017-05-13 12:20:50","9399892A5D3F4B93964CAB1DF450D221","2008-01-30 12:47:25",\N,\N,"0","2008-01-30 12:47:25",\N,"CT0149","996","Dzitbalche","5","0",\N,\N
"150","2017-05-13 12:20:50","9F76B564ED5147E5A3D1380055FCC54F","2008-01-30 12:47:25",\N,\N,"0","2008-01-30 12:47:25",\N,"CT0150","982","Escárcega","5","0",\N,\N
"151","2017-05-13 12:20:50","223252B0C72047A3B503E2F3BEB493DF","2008-01-30 12:47:25",\N,\N,"0","2008-01-30 12:47:25",\N,"CT0151","996","Hecelchakan","5","0",\N,\N
"152","2017-05-13 12:20:50","4C2EDB536EFF40B3BCEBCB85CC4633D2","2008-01-30 12:47:25",\N,\N,"0","2008-01-30 12:47:25",\N,"CT0152","996","Hopelchen","5","0",\N,\N
"153","2017-05-13 12:20:50","3FC850B0084C4AD8AE1DDCA6A21DA725","2008-01-30 12:47:25",\N,\N,"0","2008-01-30 12:47:25",\N,"CT0153","982","Isla Aguada","5","0",\N,\N
"154","2017-05-13 12:20:50","547DC64C6A2641F693C115908853F330","2008-01-30 12:47:25",\N,\N,"0","2008-01-30 12:47:25",\N,"CT0154","982","Ley Federal de Reforma Agraria","5","0",\N,\N
"155","2017-05-13 12:20:50","59736C7BA4EC47F8B5DBC5135BF5D3A3","2008-01-30 12:47:25",\N,\N,"0","2008-01-30 12:47:25",\N,"CT0155","938","Nuevo Progreso","5","0",\N,\N
"156","2017-05-13 12:20:50","DEB3A38602C14DA09CEBE7E589149026","2008-01-30 12:47:25",\N,\N,"0","2008-01-30 12:47:25",\N,"CT0156","913","Palizada","5","0",\N,\N
"157","2017-05-13 12:20:50","D14BD7A591474AF3B353F6E61CFDAB31","2008-01-30 12:47:25",\N,\N,"0","2008-01-30 12:47:25",\N,"CT0157","996","Pomuch","5","0",\N,\N
"158","2017-05-13 12:20:50","DD8B0DEC316C42A2BC6E2D26EF8FAAC8","2008-01-30 12:47:25",\N,\N,"0","2008-01-30 12:47:25",\N,"CT0158","982","Sabancuy","5","0",\N,\N
"159","2017-05-13 12:20:50","C46C57CBFE4043B6A9F428E52D33A8FF","2008-01-30 12:47:25",\N,\N,"0","2008-01-30 12:47:25",\N,"CT0159","982","Seybaplaya","5","0",\N,\N
"160","2017-05-13 12:20:50","0977695991224D01B037974FEC69E377","2008-01-30 12:47:25",\N,\N,"0","2008-01-30 12:47:25",\N,"CT0160","982","Sihochac","5","0",\N,\N
"161","2017-05-13 12:20:50","AA700834BC5644F4BCFC6C9FEF9B86E8","2008-01-30 12:47:25",\N,\N,"0","2008-01-30 12:47:25",\N,"CT0161","996","Tenabo","5","0",\N,\N
"162","2017-05-13 12:20:50","7921C1ED96DC47A98D41455EC7DEF59D","2008-01-30 12:47:25",\N,\N,"0","2008-01-30 12:47:25",\N,"CT0162","983","Xpujil","5","0",\N,\N
"163","2017-05-13 12:20:50","9C975C9E925E4C5CA969ED5CD6FA309E","2008-01-30 12:47:25",\N,\N,"0","2008-01-30 12:47:25",\N,"CT0163","636","Guadalupe Victoria (Mp.Asención)","6","0",\N,\N
"164","2017-05-13 12:20:51","5BCC81C300BE432F88CB652FCDA4D168","2008-01-30 12:47:25",\N,\N,"0","2008-01-30 12:47:25",\N,"CT0164","659","Abraham González","6","0",\N,\N
"165","2017-05-13 12:20:51","36C73D54E3354842B26B80D343F165B5","2008-01-30 12:47:25",\N,\N,"0","2008-01-30 12:47:25",\N,"CT0165","635","Areponapuchi","6","0",\N,\N
"166","2017-05-13 12:20:51","A426324996E240988D237400BB698DAA","2008-01-30 12:47:25",\N,\N,"0","2008-01-30 12:47:25",\N,"CT0166","649","Baborigame","6","0",\N,\N
"167","2017-05-13 12:20:51","0A86F05731194014A52B294334FE37C3","2008-01-30 12:47:25",\N,\N,"0","2008-01-30 12:47:25",\N,"CT0167","659","Bachiniva","6","0",\N,\N
"168","2017-05-13 12:20:51","549E18D2C57749708735B01974471F30","2008-01-30 12:47:25",\N,\N,"0","2008-01-30 12:47:25",\N,"CT0168","649","Batopilas","6","0",\N,\N
"169","2017-05-13 12:20:51","572CD9A4CAA54790805BC22493BBCBB9","2008-01-30 12:47:25",\N,\N,"0","2008-01-30 12:47:25",\N,"CT0169","636","Benito Juárez (Mpio.Buenaven","6","0",\N,\N
"170","2017-05-13 12:20:51","B434FCBB87B9490A00BD7E1D28089883","2008-01-30 12:47:25",\N,\N,"0","2008-01-30 12:47:25",\N,"CT0170","635","Bocoyna","6","0",\N,\N
"171","2017-05-13 12:20:51","9304565A996A4DD4ADEFDB73B8559461","2008-01-30 12:47:25",\N,\N,"0","2008-01-30 12:47:25",\N,"CT0171","636","Buenos Aires","6","0",\N,\N
"172","2017-05-13 12:20:51","DBB648626BD8409AB6A96C00523D96F1","2008-01-30 12:47:25",\N,\N,"0","2008-01-30 12:47:25",\N,"CT0172","659","Campo 303","6","0",\N,\N
"173","2017-05-13 12:20:51","FD634FFAF09B4F6EBEB623AE3681EB63","2008-01-30 12:47:25",\N,\N,"0","2008-01-30 12:47:25",\N,"CT0173","659","Campo 305 ( Jagueyes )","6","0",\N,\N
"174","2017-05-13 12:20:51","EB38461433FA4D66B2118DA6A4BDA1F6","2008-01-30 12:47:25",\N,\N,"0","2008-01-30 12:47:25",\N,"CT0174","625","Campo Menonita Número 106","6","0",\N,\N
"175","2017-05-13 12:20:51","1BC59B7F6D03427BBEAD58932EE88B99","2008-01-30 12:47:25",\N,\N,"0","2008-01-30 12:47:25",\N,"CT0175","625","Campo Numero Ciento Uno Viejo","6","0",\N,\N
"176","2017-05-13 12:20:51","52730282D8494D5D84283E21E99E2142","2008-01-30 12:47:25",\N,\N,"0","2008-01-30 12:47:25",\N,"CT0176","625","Campo Número Cientosiete","6","0",\N,\N
"177","2017-05-13 12:20:51","A36AE589FF094B63B5C196FEEE34FDE5","2008-01-30 12:47:25",\N,\N,"0","2008-01-30 12:47:25",\N,"CT0177","625","Campo Número Ocho","6","0",\N,\N
"178","2017-05-13 12:20:51","4A89EACAA3A9405BBE21622EB0229ECC","2008-01-30 12:47:25",\N,\N,"0","2008-01-30 12:47:25",\N,"CT0178","625","Campo Número Seis y Medio B","6","0",\N,\N
"179","2017-05-13 12:20:51","C3DED7103DE14633AB419FDCCC8F9C9B","2008-01-30 12:47:25",\N,\N,"0","2008-01-30 12:47:25",\N,"CT0179","625","Campo Número Veinte","6","0",\N,\N
"180","2017-05-13 12:20:51","00F7884845A04DA19801FAB12B575D39","2008-01-30 12:47:25",\N,\N,"0","2008-01-30 12:47:25",\N,"CT0180","625","Campo Número Veintidós","6","0",\N,\N
"181","2017-05-13 12:20:51","DA8B6A9933044782AB7B7C16B1A8E95D","2008-01-30 12:47:25",\N,\N,"0","2008-01-30 12:47:25",\N,"CT0181","635","Carichi","6","0",\N,\N
"182","2017-05-13 12:20:51","FF98D82F9DF9422AAC5768AD561B8E3E","2008-01-30 12:47:25",\N,\N,"0","2008-01-30 12:47:25",\N,"CT0182","636","Casa de Janos","6","0",\N,\N
"183","2017-05-13 12:20:51","B39F367A2B1D46D191D5B7BCCD513EFC","2008-01-30 12:47:25",\N,\N,"0","2008-01-30 12:47:25",\N,"CT0183","636","Casas Grandes","6","0",\N,\N
"184","2017-05-13 12:20:51","E64FFA04D5D04ECF008B9919E75C49E5","2008-01-30 12:47:25",\N,\N,"0","2008-01-30 12:47:25",\N,"CT0184","614","Chihuahua","6","0",\N,\N
"185","2017-05-13 12:20:51","74958B5F3C7843DB00AA231B9EF8D25F","2008-01-30 12:47:25",\N,\N,"0","2008-01-30 12:47:25",\N,"CT0185","648","Ciudad Camargo","6","0",\N,\N
"186","2017-05-13 12:20:51","3633E9392E644FCEB055A13EDC000063","2008-01-30 12:47:25",\N,\N,"0","2008-01-30 12:47:25",\N,"CT0186","625","Ciudad Cuauhtémoc","6","0",\N,\N
"187","2017-05-13 12:20:51","F01B046AF9B648F794E023273BE20020","2008-01-30 12:47:25",\N,\N,"0","2008-01-30 12:47:25",\N,"CT0187","639","Ciudad Delicias","6","0",\N,\N
"188","2017-05-13 12:20:51","7E7726CA1D8C4C5B96C4133BE422D1AA","2008-01-30 12:47:25",\N,\N,"0","2008-01-30 12:47:25",\N,"CT0188","629","Ciudad Jiménez","6","0",\N,\N
"189","2017-05-13 12:20:51","09D5D153396D41F2BB82F831A4EFC076","2008-01-30 12:47:25",\N,\N,"0","2008-01-30 12:47:25",\N,"CT0189","656","Ciudad Juárez","6","0",\N,\N
"190","2017-05-13 12:20:51","68A45F4D374E416DB67CAF8077993095","2008-01-30 12:47:25",\N,\N,"0","2008-01-30 12:47:25",\N,"CT0190","652","Ciudad Madera","6","0",\N,\N
"191","2017-05-13 12:20:51","2D2E19C11D684B2C85C93715B23D6D15","2008-01-30 12:47:25",\N,\N,"0","2008-01-30 12:47:25",\N,"CT0191","625","Colonia Alvaro Obregón (Rubio)","6","0",\N,\N
"192","2017-05-13 12:20:51","F81F9281F0A941CBACB5E6227BEA797E","2008-01-30 12:47:25",\N,\N,"0","2008-01-30 12:47:25",\N,"CT0192","625","Colonia Anáhuac","6","0",\N,\N
"193","2017-05-13 12:20:52","DDA1A103371048E79FA61D64CE170099","2008-01-30 12:47:25",\N,\N,"0","2008-01-30 12:47:25",\N,"CT0193","639","Colonia Campesina","6","0",\N,\N
"194","2017-05-13 12:20:52","0FD7942A11AE4F24BAE700AC19BD8009","2008-01-30 12:47:25",\N,\N,"0","2008-01-30 12:47:25",\N,"CT0194","636","Colonia Juárez","6","0",\N,\N
"195","2017-05-13 12:20:52","AD08E75FC1C649FCA2145207DB27CAA9","2008-01-30 12:47:25",\N,\N,"0","2008-01-30 12:47:25",\N,"CT0195","636","Colonia Le Barón","6","0",\N,\N
"196","2017-05-13 12:20:52","356DC5E1993A4F32A2C34006CF6DFB69","2008-01-30 12:47:25",\N,\N,"0","2008-01-30 12:47:25",\N,"CT0196","636","Colonia Madero","6","0",\N,\N
"197","2017-05-13 12:20:52","82CF129B76CE49ECBB5080A53300121C","2008-01-30 12:47:25",\N,\N,"0","2008-01-30 12:47:25",\N,"CT0197","626","Coyame","6","0",\N,\N
"198","2017-05-13 12:20:52","5FCB626B72894372A2CB21799FC1567F","2008-01-30 12:47:25",\N,\N,"0","2008-01-30 12:47:25",\N,"CT0198","635","Creel","6","0",\N,\N
"199","2017-05-13 12:20:52","B657D71A56154BA187A82E284B4164AA","2008-01-30 12:47:25",\N,\N,"0","2008-01-30 12:47:25",\N,"CT0199","656","Doctor Porfirio Parra (La Caseta)","6","0",\N,\N
"200","2017-05-13 12:20:52","B4F19CA190EB4202BBB1C48193E6DE13","2008-01-30 12:47:25",\N,\N,"0","2008-01-30 12:47:25",\N,"CT0200","659","Ejido B.Juárez (Mpio.Namiquipa)","6","0",\N,\N
"201","2017-05-13 12:20:52","36C75840877A4CF9A17E8CFF705E7725","2008-01-30 12:47:25",\N,\N,"0","2008-01-30 12:47:25",\N,"CT0201","636","Ejido Constitución","6","0",\N,\N
"202","2017-05-13 12:20:52","3432BCB67C5C4C369CD39045197EAE89","2008-01-30 12:47:25",\N,\N,"0","2008-01-30 12:47:25",\N,"CT0202","652","Ejido El Largo","6","0",\N,\N
"203","2017-05-13 12:20:52","83C23DAF194D4A0D98C1DE862445E5E7","2008-01-30 12:47:25",\N,\N,"0","2008-01-30 12:47:25",\N,"CT0203","659","El Molino","6","0",\N,\N
"204","2017-05-13 12:20:52","9F43975A13BF48369830B217A3A32C3D","2008-01-30 12:47:25",\N,\N,"0","2008-01-30 12:47:25",\N,"CT0204","659","El Porvenir (Mpio. Bachiniva)","6","0",\N,\N
"205","2017-05-13 12:20:52","36DBBCB856A7474A9D2EDD9DE1BAD700","2008-01-30 12:47:25",\N,\N,"0","2008-01-30 12:47:25",\N,"CT0205","656","El Porvenir (Mpio. Praxedis G.)","6","0",\N,\N
"206","2017-05-13 12:20:52","E9F9E7D415EF466EA15D9C042953D500","2008-01-30 12:47:25",\N,\N,"0","2008-01-30 12:47:25",\N,"CT0206","614","El Sauz","6","0",\N,\N
"207","2017-05-13 12:20:52","C39B34ABF3914F2FB58EF14031D20067","2008-01-30 12:47:25",\N,\N,"0","2008-01-30 12:47:25",\N,"CT0207","649","El Tule","6","0",\N,\N
"208","2017-05-13 12:20:52","9642E1ADACFA44E68091B988B3A61249","2008-01-30 12:47:25",\N,\N,"0","2008-01-30 12:47:25",\N,"CT0208","649","El Vergel (Ejido El Vergel)","6","0",\N,\N
"209","2017-05-13 12:20:52","DCC939980AFB4CF188A7C0A0FB2E1107","2008-01-30 12:47:25",\N,\N,"0","2008-01-30 12:47:25",\N,"CT0209","629","Escalón","6","0",\N,\N
"210","2017-05-13 12:20:52","295D65023F0D4571B8A2E1AF4BB6A478","2008-01-30 12:47:25",\N,\N,"0","2008-01-30 12:47:25",\N,"CT0210","781","Hacienda de Cabañas","12","0",\N,\N
"211","2017-05-13 12:20:52","1FA7AD22774448F8A3681B9D1000D000","2008-01-30 12:47:25",\N,\N,"0","2008-01-30 12:47:25",\N,"CT0211","757","Huamuxtitlán","12","0",\N,\N
"212","2017-05-13 12:20:52","B07EECDDD8EC4F9A8F61E26C003500C8","2008-01-30 12:47:25",\N,\N,"0","2008-01-30 12:47:25",\N,"CT0212","727","Huitzuco","12","0",\N,\N
"213","2017-05-13 12:20:52","0D0D3FA7EE4B4D55BE7CD7002E67BC04","2008-01-30 12:47:25",\N,\N,"0","2008-01-30 12:47:25",\N,"CT0213","762","Huixtac","12","0",\N,\N
"214","2017-05-13 12:20:52","081EB05C58A24978A2005BD7B813D9CA","2008-01-30 12:47:25",\N,\N,"0","2008-01-30 12:47:25",\N,"CT0214","733","Iguala","12","0",\N,\N
"215","2017-05-13 12:20:52","03B11DC2618B481BAEEFAC4C49997BB0","2008-01-30 12:47:25",\N,\N,"0","2008-01-30 12:47:25",\N,"CT0215","736","Ixcapuzalco","12","0",\N,\N
"216","2017-05-13 12:20:52","20920ECB2FB846579C139100B4332B4B","2008-01-30 12:47:25",\N,\N,"0","2008-01-30 12:47:25",\N,"CT0216","736","Ixcateopan de Cuauhtémoc","12","0",\N,\N
"217","2017-05-13 12:20:52","7143E4BBD1B94C0C88E9FD2418021134","2008-01-30 12:47:25",\N,\N,"0","2008-01-30 12:47:25",\N,"CT0217","755","Ixtapa Zihuatanejo","12","0",\N,\N
"218","2017-05-13 12:20:52","5F080FF2EE0A4EA6A1D3FC557DCE3665","2008-01-30 12:47:25",\N,\N,"0","2008-01-30 12:47:25",\N,"CT0218","741","Juchitán","12","0",\N,\N
"219","2017-05-13 12:20:52","5844FCEEDD274F4F9B673DBBBB00B92F","2008-01-30 12:47:25",\N,\N,"0","2008-01-30 12:47:25",\N,"CT0219","744","Kilometro 30","12","0",\N,\N
"220","2017-05-13 12:20:52","DB8DEAFD0E2E4ED4912495D097ACD79B","2008-01-30 12:47:25",\N,\N,"0","2008-01-30 12:47:25",\N,"CT0220","755","La Unión","12","0",\N,\N
"221","2017-05-13 12:20:52","E69DF51A37424CBAAB2475AF32815BA1","2008-01-30 12:47:25",\N,\N,"0","2008-01-30 12:47:25",\N,"CT0221","745","Las Mesas","12","0",\N,\N
"222","2017-05-13 12:20:52","B813A02F23EF4DE7B7B4B2ABDCC8C812","2008-01-30 12:47:25",\N,\N,"0","2008-01-30 12:47:25",\N,"CT0222","745","Las Vigas","12","0",\N,\N
"223","2017-05-13 12:20:52","DF5E62E104B34A65A297C55144D15302","2008-01-30 12:47:25",\N,\N,"0","2008-01-30 12:47:25",\N,"CT0223","736","Los Sauces","12","0",\N,\N
"224","2017-05-13 12:20:52","2846FDC6255E4B6D8C319BA49FB815A0","2008-01-30 12:47:25",\N,\N,"0","2008-01-30 12:47:25",\N,"CT0224","744","Luces del Mar","12","0",\N,\N
"225","2017-05-13 12:20:52","66DF676820204F5600B17B2970A9A827","2008-01-30 12:47:25",\N,\N,"0","2008-01-30 12:47:25",\N,"CT0225","741","Marquelia","12","0",\N,\N
"226","2017-05-13 12:20:52","F992A7FFCAF14922A24FC9CDA28490F8","2008-01-30 12:47:25",\N,\N,"0","2008-01-30 12:47:25",\N,"CT0226","733","Maxela","12","0",\N,\N
"227","2017-05-13 12:20:53","C76961CA078C481FBCD295561956C3C1","2008-01-30 12:47:25",\N,\N,"0","2008-01-30 12:47:25",\N,"CT0227","733","Mayanalán","12","0",\N,\N
"228","2017-05-13 12:20:53","913AD461C8854C5BAD1D06328332CCF9","2008-01-30 12:47:25",\N,\N,"0","2008-01-30 12:47:25",\N,"CT0228","747","Mazatlán","12","0",\N,\N
"229","2017-05-13 12:20:53","AFB123F7331C48E099DEF418E8A895D1","2008-01-30 12:47:25",\N,\N,"0","2008-01-30 12:47:25",\N,"CT0229","733","Mezcala","12","0",\N,\N
"230","2017-05-13 12:20:53","2096DFD598974754BA8EA344405E4FB1","2008-01-30 12:47:25",\N,\N,"0","2008-01-30 12:47:25",\N,"CT0230","754","Mochitlán","12","0",\N,\N
"231","2017-05-13 12:20:53","DB5AFB5AB8F84BE7006DDEDEEA074BDC","2008-01-30 12:47:25",\N,\N,"0","2008-01-30 12:47:25",\N,"CT0231","736","Nuevo Balsas","12","0",\N,\N
"232","2017-05-13 12:20:53","9265608AD10147BD8072C695728C4296","2008-01-30 12:47:25",\N,\N,"0","2008-01-30 12:47:25",\N,"CT0232","742","Nuxco","12","0",\N,\N
"233","2017-05-13 12:20:53","E2D8BDD8C08046ABA663D5556500F557","2008-01-30 12:47:25",\N,\N,"0","2008-01-30 12:47:25",\N,"CT0233","756","Olinalá","12","0",\N,\N
"234","2017-05-13 12:20:53","43BF76DEDF2A4F49AE1D66C0DF2E3730","2008-01-30 12:47:25",\N,\N,"0","2008-01-30 12:47:25",\N,"CT0234","741","Ometepec","12","0",\N,\N
"235","2017-05-13 12:20:53","54F00F1B7FC440228FCBCF3E86CF743C","2008-01-30 12:47:25",\N,\N,"0","2008-01-30 12:47:25",\N,"CT0235","736","Oxtotitlán","12","0",\N,\N
"236","2017-05-13 12:20:53","EBEC20014F4F42A691C1B7A9F7866EA1","2008-01-30 12:47:25",\N,\N,"0","2008-01-30 12:47:25",\N,"CT0236","742","Papanoa","12","0",\N,\N
"237","2017-05-13 12:20:53","073A5A08317D4131BEDB0810FDEF0871","2008-01-30 12:47:25",\N,\N,"0","2008-01-30 12:47:25",\N,"CT0237","767","Paso de Arena","12","0",\N,\N
"238","2017-05-13 12:20:53","D1875520270F4F8EBF6349059860B6D0","2008-01-30 12:47:25",\N,\N,"0","2008-01-30 12:47:25",\N,"CT0238","727","Paso Morelos (Cuetlajuchi)","12","0",\N,\N
"239","2017-05-13 12:20:53","5EDA448D88974E508CB83D8B41601F58","2008-01-30 12:47:25",\N,\N,"0","2008-01-30 12:47:25",\N,"CT0239","753","Petacalco","12","0",\N,\N
"240","2017-05-13 12:20:53","6E8DA6856C5B408C843DD4E02977E04F","2008-01-30 12:47:25",\N,\N,"0","2008-01-30 12:47:25",\N,"CT0240","758","Petatlán","12","0",\N,\N
"241","2017-05-13 12:20:53","860A1ECD2DF14BB9A08856E7F6C02CAA","2008-01-30 12:47:25",\N,\N,"0","2008-01-30 12:47:25",\N,"CT0241","721","Pilcaya","12","0",\N,\N
"242","2017-05-13 12:20:53","AF32B4A5408445E7A206D946FEB627A0","2008-01-30 12:47:25",\N,\N,"0","2008-01-30 12:47:25",\N,"CT0242","767","Placeres del Oro","12","0",\N,\N
"243","2017-05-13 12:20:53","B641F4DA32764E059E01D85BEB7BAFD2","2008-01-30 12:47:25",\N,\N,"0","2008-01-30 12:47:25",\N,"CT0243","756","Quechultenango","12","0",\N,\N
"244","2017-05-13 12:20:53","2C933A11F41C4781B11272E31EC49C24","2008-01-30 12:47:25",\N,\N,"0","2008-01-30 12:47:25",\N,"CT0244","733","Sabana Grande","12","0",\N,\N
"245","2017-05-13 12:20:53","25ACF99FF21241BE8BDA2D7276CD35F0","2008-01-30 12:47:25",\N,\N,"0","2008-01-30 12:47:25",\N,"CT0245","758","San Jeronimito (San Jerónimo)","12","0",\N,\N
"246","2017-05-13 12:20:53","B3CEC1A0C0B94F0E855E637F88019461","2008-01-30 12:47:25",\N,\N,"0","2008-01-30 12:47:25",\N,"CT0246","781","San Jerónimo de Juárez","12","0",\N,\N
"247","2017-05-13 12:20:53","DAE09F00CF2F47FFBEFC4300142EB8C0","2008-01-30 12:47:25",\N,\N,"0","2008-01-30 12:47:25",\N,"CT0247","732","San José Poliutla","12","0",\N,\N
"248","2017-05-13 12:20:53","CD84EEB43D5D4FF6B9EAB12F7272EC48","2008-01-30 12:47:25",\N,\N,"0","2008-01-30 12:47:25",\N,"CT0248","733","San Juan Tetelcingo","12","0",\N,\N
"249","2017-05-13 12:20:53","F1AACF27C6D5479CBEF3545D3DC28D8F","2008-01-30 12:47:25",\N,\N,"0","2008-01-30 12:47:25",\N,"CT0249","741","San Luis Acatlán","12","0",\N,\N
"250","2017-05-13 12:20:53","47B1638B8F48403BB6BDB12BD7859851","2008-01-30 12:47:25",\N,\N,"0","2008-01-30 12:47:25",\N,"CT0250","742","San Luis de la Loma","12","0",\N,\N
"251","2017-05-13 12:20:53","69FBF9670D584DC1A7057D80A4F83166","2008-01-30 12:47:25",\N,\N,"0","2008-01-30 12:47:25",\N,"CT0251","745","San Marcos","12","0",\N,\N
"252","2017-05-13 12:20:53","0BCDCA7CF0314F8DB978005CABE2001D","2008-01-30 12:47:25",\N,\N,"0","2008-01-30 12:47:25",\N,"CT0252","736","San Martín Pachivia","12","0",\N,\N
"253","2017-05-13 12:20:53","DDAD9595C3244ECB983F389BA7C83B3C","2008-01-30 12:47:25",\N,\N,"0","2008-01-30 12:47:25",\N,"CT0253","733","San Miguel Tecuixiapan","12","0",\N,\N
"254","2017-05-13 12:20:53","1C3DF5A7701C4E06B1EB26D41D1875EF","2008-01-30 12:47:25",\N,\N,"0","2008-01-30 12:47:25",\N,"CT0254","732","San Miguel Totolapan","12","0",\N,\N
"255","2017-05-13 12:20:53","EBA09D539283459A89CDC1B07D4CCB77","2008-01-30 12:47:25",\N,\N,"0","2008-01-30 12:47:25",\N,"CT0255","741","San Nicolás","12","0",\N,\N
"256","2017-05-13 12:20:53","263FBBA5DB324F40AAA57FD0817ED751","2008-01-30 12:47:25",\N,\N,"0","2008-01-30 12:47:25",\N,"CT0256","733","San Vicente Palapa","12","0",\N,\N
"257","2017-05-13 12:20:53","9CFA6E7A57BC406991DB20F14B77E0DA","2008-01-30 12:47:25",\N,\N,"0","2008-01-30 12:47:25",\N,"CT0257","732","Santa Ana del Aguila","12","0",\N,\N
"258","2017-05-13 12:20:53","E32180833340441C9FCE2C3C4E2541A9","2008-01-30 12:47:25",\N,\N,"0","2008-01-30 12:47:25",\N,"CT0258","733","Santa Teresa","12","0",\N,\N
"259","2017-05-13 12:20:53","C34551AE5F5346F1B0BB3912D07583CD","2008-01-30 12:47:25",\N,\N,"0","2008-01-30 12:47:25",\N,"CT0259","767","Tanganhuato","12","0",\N,\N
"260","2017-05-13 12:20:53","D80F5850772B47779EEDD98251940056","2008-01-30 12:47:25",\N,\N,"0","2008-01-30 12:47:25",\N,"CT0260","762","Taxco","12","0",\N,\N
"261","2017-05-13 12:20:53","DC011E05808F477AA44CBE007BD1E2BF","2008-01-30 12:47:25",\N,\N,"0","2008-01-30 12:47:25",\N,"CT0261","745","Tecoanapa","12","0",\N,\N
"262","2017-05-13 12:20:53","B1CF9CBB015E465493F68936096E282B","2008-01-30 12:47:25",\N,\N,"0","2008-01-30 12:47:25",\N,"CT0262","742","Tecpan de Galeana","12","0",\N,\N
"263","2017-05-13 12:20:54","3AA8F8BB19134D3AB7C165A4CE835C7C","2008-01-30 12:47:25",\N,\N,"0","2008-01-30 12:47:25",\N,"CT0263","736","Teloloapan","12","0",\N,\N
"264","2017-05-13 12:20:54","1364D9BF90D546FBB9F7F83B98C17D91","2008-01-30 12:47:25",\N,\N,"0","2008-01-30 12:47:25",\N,"CT0264","756","Temalacatzingo","12","0",\N,\N
"265","2017-05-13 12:20:54","7B1637C9A8C849D495FB4185C6EC0091","2008-01-30 12:47:25",\N,\N,"0","2008-01-30 12:47:25",\N,"CT0265","742","Tenexpa","12","0",\N,\N
"266","2017-05-13 12:20:54","D84680EEE01345D69CC79585B06DD005","2008-01-30 12:47:25",\N,\N,"0","2008-01-30 12:47:25",\N,"CT0266","733","Tepecoacuilco de Trujano","12","0",\N,\N
"267","2017-05-13 12:20:54","F47E0F3895D849E7AE799D68C52FA099","2008-01-30 12:47:25",\N,\N,"0","2008-01-30 12:47:25",\N,"CT0267","781","Tepetixtla","12","0",\N,\N
"268","2017-05-13 12:20:54","277B005066A54BBDADA5FC9B984FE727","2008-01-30 12:47:25",\N,\N,"0","2008-01-30 12:47:25",\N,"CT0268","742","Tetitlán","12","0",\N,\N
"269","2017-05-13 12:20:54","D1F1626C09694C3200DEA8795E2F73D5","2008-01-30 12:47:25",\N,\N,"0","2008-01-30 12:47:25",\N,"CT0269","745","Tierra Colorada","12","0",\N,\N
"270","2017-05-13 12:20:54","D7ACA41FCE494D8B8EAD396298586427","2008-01-30 12:47:25",\N,\N,"0","2008-01-30 12:47:25",\N,"CT0270","754","Tixtla","12","0",\N,\N
"271","2017-05-13 12:20:54","3861231B081F4149876DDC9475165630","2008-01-30 12:47:25",\N,\N,"0","2008-01-30 12:47:25",\N,"CT0271","741","Tlacoachistlahuaca","12","0",\N,\N
"272","2017-05-13 12:20:54","6611ADE622BF43078D102BAAD046054E","2008-01-30 12:47:25",\N,\N,"0","2008-01-30 12:47:25",\N,"CT0272","736","Tlacotepec","12","0",\N,\N
"273","2017-05-13 12:20:54","0628CE6B01F24458AFE38D9E235600A0","2008-01-30 12:47:25",\N,\N,"0","2008-01-30 12:47:25",\N,"CT0273","732","Tlalchapa","12","0",\N,\N
"274","2017-05-13 12:20:54","693CD45CC6884F468EDD730073C7EEE2","2008-01-30 12:47:25",\N,\N,"0","2008-01-30 12:47:25",\N,"CT0274","757","Tlalixtaquilla","12","0",\N,\N
"275","2017-05-13 12:20:54","941C412E3B9E421D91063F4F60856403","2008-01-30 12:47:25",\N,\N,"0","2008-01-30 12:47:25",\N,"CT0275","757","Tlapa de Comonfort","12","0",\N,\N
"276","2017-05-13 12:20:54","726F48F476864C408BE65DE31281CC00","2008-01-30 12:47:25",\N,\N,"0","2008-01-30 12:47:25",\N,"CT0276","732","Tlapehuala","12","0",\N,\N
"277","2017-05-13 12:20:54","AA00AF7714974504826F264E4595B0E4","2008-01-30 12:47:25",\N,\N,"0","2008-01-30 12:47:25",\N,"CT0277","727","Tlaxmalac","12","0",\N,\N
"278","2017-05-13 12:20:54","86717E15D9034DD089DC1358F0BCE5BA","2008-01-30 12:47:25",\N,\N,"0","2008-01-30 12:47:25",\N,"CT0278","733","Tonalapa del Sur","12","0",\N,\N
"279","2017-05-13 12:20:54","1FA918442F3444B8AAD77F05957C1080","2008-01-30 12:47:25",\N,\N,"0","2008-01-30 12:47:25",\N,"CT0279","755","Troncones (Emiliano Zapata)","12","0",\N,\N
"280","2017-05-13 12:20:54","D6207149E8E54322863011EE905FD120","2008-01-30 12:47:25",\N,\N,"0","2008-01-30 12:47:25",\N,"CT0280","727","Tulimán","12","0",\N,\N
"281","2017-05-13 12:20:54","CBB76492F0854A1B99BD3D56803764C9","2008-01-30 12:47:25",\N,\N,"0","2008-01-30 12:47:25",\N,"CT0281","732","Villa Hidalgo (El Cubo)","12","0",\N,\N
"282","2017-05-13 12:20:54","2EB1BE9E21984FB100C8A0CFB5FB3869","2008-01-30 12:47:25",\N,\N,"0","2008-01-30 12:47:25",\N,"CT0282","732","Villa Nicolás Bravo","12","0",\N,\N
"283","2017-05-13 12:20:54","4B4EE4D1C2E94907BF2177D08DC77374","2008-01-30 12:47:25",\N,\N,"0","2008-01-30 12:47:25",\N,"CT0283","744","Xaltianguis","12","0",\N,\N
"284","2017-05-13 12:20:54","9BBBD8AE09B54B5C87F598ED00E1FFB4","2008-01-30 12:47:25",\N,\N,"0","2008-01-30 12:47:25",\N,"CT0284","757","Xochihuehuetlán","12","0",\N,\N
"285","2017-05-13 12:20:54","F23830A2B0214FC487FBAAB5A3EE12BC","2008-01-30 12:47:25",\N,\N,"0","2008-01-30 12:47:25",\N,"CT0285","747","Xochipala","12","0",\N,\N
"286","2017-05-13 12:20:54","5D033E0C6AE54D318F48632B956FD9F8","2008-01-30 12:47:25",\N,\N,"0","2008-01-30 12:47:25",\N,"CT0286","741","Xochistlahuaca","12","0",\N,\N
"287","2017-05-13 12:20:54","F613410C26EA4B7C9142C4C9085D0014","2008-01-30 12:47:25",\N,\N,"0","2008-01-30 12:47:25",\N,"CT0287","733","Zacacoyuca","12","0",\N,\N
"288","2017-05-13 12:20:54","2AB4BCA5F70141E9ADD4C870D468F452","2008-01-30 12:47:25",\N,\N,"0","2008-01-30 12:47:25",\N,"CT0288","727","Zacapalco","12","0",\N,\N
"289","2017-05-13 12:20:54","4F024652B8534F0F81D419D5BAA9A894","2008-01-30 12:47:25",\N,\N,"0","2008-01-30 12:47:25",\N,"CT0289","732","Zacapuato","12","0",\N,\N
"290","2017-05-13 12:20:54","42A270FD0BAE430682F15B900056E9C9","2008-01-30 12:47:25",\N,\N,"0","2008-01-30 12:47:25",\N,"CT0290","757","Zacatipa","12","0",\N,\N
"291","2017-05-13 12:20:54","8912119F45B04A148652087DF528D6F6","2008-01-30 12:47:25",\N,\N,"0","2008-01-30 12:47:25",\N,"CT0291","742","Zacualpan","12","0",\N,\N
"292","2017-05-13 12:20:54","F42FB5DD80944EBBA5109FE275006FE0","2008-01-30 12:47:25",\N,\N,"0","2008-01-30 12:47:25",\N,"CT0292","755","Zihuatanejo","12","0",\N,\N
"293","2017-05-13 12:20:54","73E4E94A04FE4955A5AEB2837193AFE1","2008-01-30 12:47:25",\N,\N,"0","2008-01-30 12:47:25",\N,"CT0293","767","Zirándaro","12","0",\N,\N
"294","2017-05-13 12:20:54","C0A29A72DF804C9EB400E9206786001E","2008-01-30 12:47:25",\N,\N,"0","2008-01-30 12:47:25",\N,"CT0294","747","Zumpango del Río","12","0",\N,\N
"295","2017-05-13 12:20:54","92E4EEFCC22F4B8187ECE022CE1F2C3B","2008-01-30 12:47:25",\N,\N,"0","2008-01-30 12:47:25",\N,"CT0295","466","La Estancia de San José del Carmen","13","0",\N,\N
"296","2017-05-13 12:20:54","4988718FC74D4983BFE433DA18E6A224","2008-01-30 12:47:25",\N,\N,"0","2008-01-30 12:47:25",\N,"CT0296","429","Abasolo","13","0",\N,\N
"297","2017-05-13 12:20:55","40100511647E47378E4138BCCE0005DF","2008-01-30 12:47:25",\N,\N,"0","2008-01-30 12:47:25",\N,"CT0297","417","Acámbaro","13","0",\N,\N
"298","2017-05-13 12:20:55","868BA5C5C4C44026B7776398E7401767","2008-01-30 12:47:25",\N,\N,"0","2008-01-30 12:47:25",\N,"CT0298","418","Adjuntas del Río (Las Adjunts)","13","0",\N,\N
"299","2017-05-13 12:20:55","0779E8F7A7F946B58F4E85FC0373906E","2008-01-30 12:47:25",\N,\N,"0","2008-01-30 12:47:25",\N,"CT0299","477","Alvaro Obregón","13","0",\N,\N
"300","2017-05-13 12:20:55","D79B3F69EC984666BED87F824D477C00","2008-01-30 12:47:25",\N,\N,"0","2008-01-30 12:47:25",\N,"CT0300","442","Ameche","13","0",\N,\N
"301","2017-05-13 12:20:55","099DD4311BA5481A8C61CE25A9E12F8F","2008-01-30 12:47:25",\N,\N,"0","2008-01-30 12:47:25",\N,"CT0301","413","Apaseo El Alto","13","0",\N,\N
"302","2017-05-13 12:20:55","B00DA392B9664881988464D247705F06","2008-01-30 12:47:25",\N,\N,"0","2008-01-30 12:47:25",\N,"CT0302","413","Apaseo El Grande","13","0",\N,\N
"303","2017-05-13 12:20:55","5B5AF81D23C34917A1D52C64818C75D8","2008-01-30 12:47:25",\N,\N,"0","2008-01-30 12:47:25",\N,"CT0303","462","Arandas","13","0",\N,\N
"304","2017-05-13 12:20:55","1EE69E2C901B49F68E007D001CEF7B1C","2008-01-30 12:47:25",\N,\N,"0","2008-01-30 12:47:25",\N,"CT0304","473","Arperos","13","0",\N,\N
"305","2017-05-13 12:20:55","775C355590644E6EB8C9AF8EDF26E633","2008-01-30 12:47:25",\N,\N,"0","2008-01-30 12:47:25",\N,"CT0305","461","Arreguín de Abajo","13","0",\N,\N
"306","2017-05-13 12:20:55","CC94A5A7F4F94D14866F1008BFB0D8A4","2008-01-30 12:47:25",\N,\N,"0","2008-01-30 12:47:25",\N,"CT0306","415","Atotonilco (santuario)","13","0",\N,\N
"307","2017-05-13 12:20:55","FC159279A7484BCBB73B623038F1C52F","2008-01-30 12:47:25",\N,\N,"0","2008-01-30 12:47:25",\N,"CT0307","472","Bajío de Bonillas","13","0",\N,\N
"308","2017-05-13 12:20:55","C9E1173B496B4E0EA85E960137995BB6","2008-01-30 12:47:25",\N,\N,"0","2008-01-30 12:47:25",\N,"CT0308","469","Buenavista de Cortés","13","0",\N,\N
"309","2017-05-13 12:20:55","1232C5BE86B147F1A52E9D485D657761","2008-01-30 12:47:25",\N,\N,"0","2008-01-30 12:47:25",\N,"CT0309","442","Caleras de Ameche","13","0",\N,\N
"310","2017-05-13 12:20:55","51EC9D25C4D548BFA6138508F15B8037","2008-01-30 12:47:25",\N,\N,"0","2008-01-30 12:47:25",\N,"CT0310","432","Calzada del Tepozán (El Tepozán)","13","0",\N,\N
"311","2017-05-13 12:20:55","BE55BB5454454FC589F62F37D01B16F2","2008-01-30 12:47:25",\N,\N,"0","2008-01-30 12:47:25",\N,"CT0311","411","Cañada de Caracheo","13","0",\N,\N
"312","2017-05-13 12:20:55","C9CB454DAAA943579F8C8D40684BB8D4","2008-01-30 12:47:25",\N,\N,"0","2008-01-30 12:47:25",\N,"CT0312","462","Carrizal Grande","13","0",\N,\N
"313","2017-05-13 12:20:55","BDBC80E5DB694248855522AF721CC5BD","2008-01-30 12:47:25",\N,\N,"0","2008-01-30 12:47:25",\N,"CT0313","461","Celaya","13","0",\N,\N
"314","2017-05-13 12:20:55","E019DF639E3E46DB8C48BF04E4853FC5","2008-01-30 12:47:25",\N,\N,"0","2008-01-30 12:47:25",\N,"CT0314","438","Cerano (San Juan Cerano)","13","0",\N,\N
"315","2017-05-13 12:20:55","47F32F715AC943AFB4C36BA23CDAA9F8","2008-01-30 12:47:25",\N,\N,"0","2008-01-30 12:47:25",\N,"CT0315","464","Cerro Gordo (San Rafael)","13","0",\N,\N
"316","2017-05-13 12:20:55","413108B6A4CC40678165224E528B9749","2008-01-30 12:47:25",\N,\N,"0","2008-01-30 12:47:25",\N,"CT0316","417","Chamácuaro","13","0",\N,\N
"317","2017-05-13 12:20:55","6DDADCA9ED144D579C0028A9B7BE6CCB","2008-01-30 12:47:25",\N,\N,"0","2008-01-30 12:47:25",\N,"CT0317","462","Charco de Pantoja","13","0",\N,\N
"318","2017-05-13 12:20:55","F6C7AA57B65B4D3C915B43E48D00F65D","2008-01-30 12:47:25",\N,\N,"0","2008-01-30 12:47:25",\N,"CT0318","472","Chichimequillas","13","0",\N,\N
"319","2017-05-13 12:20:55","0193DE77F7EB48A6BBDD675285660053","2008-01-30 12:47:25",\N,\N,"0","2008-01-30 12:47:25",\N,"CT0319","417","Chupicuaro (Nuevo Chupicuaro)","13","0",\N,\N
"320","2017-05-13 12:20:55","94FA096EABAA49668CCFBED3D43B4D21","2008-01-30 12:47:25",\N,\N,"0","2008-01-30 12:47:25",\N,"CT0320","432","Ciudad Manuel Doblado","13","0",\N,\N
"321","2017-05-13 12:20:55","8C218EBC9D5F4D95BC5100898E67CFCF","2008-01-30 12:47:25",\N,\N,"0","2008-01-30 12:47:25",\N,"CT0321","411","Colonia 18 de Marzo","13","0",\N,\N
"322","2017-05-13 12:20:55","878A044CF0D94310914857C9099CD726","2008-01-30 12:47:25",\N,\N,"0","2008-01-30 12:47:25",\N,"CT0322","472","Comanjilla","13","0",\N,\N
"323","2017-05-13 12:20:55","882FBFA9C1DB430290EEBE23A3EE75C4","2008-01-30 12:47:25",\N,\N,"0","2008-01-30 12:47:25",\N,"CT0323","412","Comonfort","13","0",\N,\N
"324","2017-05-13 12:20:55","EC839F27BFB7474CACCEF8BA20F1E1A8","2008-01-30 12:47:25",\N,\N,"0","2008-01-30 12:47:25",\N,"CT0324","421","Coroneo","13","0",\N,\N
"325","2017-05-13 12:20:55","77F00E1FCAF548FE9563218CBB072B00","2008-01-30 12:47:25",\N,\N,"0","2008-01-30 12:47:25",\N,"CT0325","469","Corralejo de Hidalgo","13","0",\N,\N
"326","2017-05-13 12:20:55","A090E15EDC014413AC03CFBD9B71594E","2008-01-30 12:47:25",\N,\N,"0","2008-01-30 12:47:25",\N,"CT0326","411","Cortazar","13","0",\N,\N
"327","2017-05-13 12:20:56","564C907EDA094B64BE69594ECCA389CE","2008-01-30 12:47:25",\N,\N,"0","2008-01-30 12:47:25",\N,"CT0327","468","Covadonga","13","0",\N,\N
"328","2017-05-13 12:20:56","2B989753763342DAB969B6A9E2DE9552","2008-01-30 12:47:25",\N,\N,"0","2008-01-30 12:47:25",\N,"CT0328","429","Cuerámaro","13","0",\N,\N
"329","2017-05-13 12:20:56","73B100B1CFCD4D278B53FB002338F477","2008-01-30 12:47:25",\N,\N,"0","2008-01-30 12:47:25",\N,"CT0329","349","Atengo","15","0",\N,\N
"330","2017-05-13 12:20:56","334CE4E6C43C4E35B9C85E52DB5DF16C","2008-01-30 12:47:25",\N,\N,"0","2008-01-30 12:47:25",\N,"CT0330","388","Atenguillo","15","0",\N,\N
"331","2017-05-13 12:20:56","F61A1E1176F6415BBB98A9FA45A013BF","2008-01-30 12:47:25",\N,\N,"0","2008-01-30 12:47:25",\N,"CT0331","371","Atenquique","15","0",\N,\N
"332","2017-05-13 12:20:56","1C8F37F472B0461BBF544253D79CCD33","2008-01-30 12:47:25",\N,\N,"0","2008-01-30 12:47:25",\N,"CT0332","376","Atequiza","15","0",\N,\N
"333","2017-05-13 12:20:56","7FC6A6C35B6E4408B3DE6B607E2C0054","2008-01-30 12:47:25",\N,\N,"0","2008-01-30 12:47:25",\N,"CT0333","391","Atotonilco El Alto","15","0",\N,\N
"334","2017-05-13 12:20:56","09D4CAAC99F5479486838478D92190BF","2008-01-30 12:47:25",\N,\N,"0","2008-01-30 12:47:25",\N,"CT0334","372","Atoyac","15","0",\N,\N
"335","2017-05-13 12:20:56","0F2CD245DF69429BA2CB00A3DC738F88","2008-01-30 12:47:25",\N,\N,"0","2008-01-30 12:47:25",\N,"CT0335","317","Autlán","15","0",\N,\N
"336","2017-05-13 12:20:56","A678EA0E660941EAA9712000ED095934","2008-01-30 12:47:25",\N,\N,"0","2008-01-30 12:47:25",\N,"CT0336","345","Ayotlán","15","0",\N,\N
"337","2017-05-13 12:20:56","368E0600EA0046228225DDD2A268E7DD","2008-01-30 12:47:25",\N,\N,"0","2008-01-30 12:47:25",\N,"CT0337","316","Ayutla","15","0",\N,\N
"338","2017-05-13 12:20:56","5E7F3452514A4F6DAF87CDCF3520DB72","2008-01-30 12:47:25",\N,\N,"0","2008-01-30 12:47:25",\N,"CT0338","475","Bajío de San José","15","0",\N,\N
"339","2017-05-13 12:20:56","B9F173C54705491D89180146B11831D4","2008-01-30 12:47:25",\N,\N,"0","2008-01-30 12:47:25",\N,"CT0339","55","Santiago Cuautlalpan (Mp.Tepotzot","16","0",\N,\N
"340","2017-05-13 12:20:56","DC5DA1DAA88645E386D89D3906461451","2008-01-30 12:47:25",\N,\N,"0","2008-01-30 12:47:25",\N,"CT0340","595","Santiago Cuautlalpan (Mp.Texcoco)","16","0",\N,\N
"341","2017-05-13 12:20:56","C59F93D02D104C00BE0003AB37C80737","2008-01-30 12:47:25",\N,\N,"0","2008-01-30 12:47:25",\N,"CT0341","718","Acambay","16","0",\N,\N
"342","2017-05-13 12:20:56","5F18B17E9ADD4905B4DE5E01B13E9142","2008-01-30 12:47:25",\N,\N,"0","2008-01-30 12:47:25",\N,"CT0342","718","Aculco","16","0",\N,\N
"343","2017-05-13 12:20:56","C973440769AE42C19E195833F20252D3","2008-01-30 12:47:25",\N,\N,"0","2008-01-30 12:47:25",\N,"CT0343","718","Ahuacatitlán Centro","16","0",\N,\N
"344","2017-05-13 12:20:56","07C14F077378475090A5E6BC4EBD5D1C","2008-01-30 12:47:25",\N,\N,"0","2008-01-30 12:47:25",\N,"CT0344","716","Almoloya de Alquisiras","16","0",\N,\N
"345","2017-05-13 12:20:56","DFDFCB49852249D39704E5CA8B0021A9","2008-01-30 12:47:25",\N,\N,"0","2008-01-30 12:47:25",\N,"CT0345","725","Almoloya de Juárez","16","0",\N,\N
"346","2017-05-13 12:20:56","EF6456B32E7045F8B7E2574ECD975835","2008-01-30 12:47:25",\N,\N,"0","2008-01-30 12:47:25",\N,"CT0346","724","Almoloya de las Granadas","16","0",\N,\N
"347","2017-05-13 12:20:56","9C8526B339D44BFE96FB8110B12739DD","2008-01-30 12:47:25",\N,\N,"0","2008-01-30 12:47:25",\N,"CT0347","726","Amanalco de Becerra","16","0",\N,\N
"348","2017-05-13 12:20:56","F7CEC8B1C6714AF8A51CBA3F00628C90","2008-01-30 12:47:25",\N,\N,"0","2008-01-30 12:47:25",\N,"CT0348","716","Amatepec","16","0",\N,\N
"349","2017-05-13 12:20:56","0D13DADB6EF54836A276FE0044098FBB","2008-01-30 12:47:25",\N,\N,"0","2008-01-30 12:47:25",\N,"CT0349","597","Amecameca","16","0",\N,\N
"350","2017-05-13 12:20:56","DCD0A1E9D44946068E6E185E25098948","2008-01-30 12:47:25",\N,\N,"0","2008-01-30 12:47:25",\N,"CT0350","599","Apaxco","16","0",\N,\N
"351","2017-05-13 12:20:56","5843C640748248D2AAD5016591D0CBAB","2008-01-30 12:47:25",\N,\N,"0","2008-01-30 12:47:25",\N,"CT0351","712","Atlacomulco","16","0",\N,\N
"352","2017-05-13 12:20:56","125C172B17474ADFA760009E39B2C2F8","2008-01-30 12:47:25",\N,\N,"0","2008-01-30 12:47:25",\N,"CT0352","717","Atlatlahuca","16","0",\N,\N
"353","2017-05-13 12:20:56","2458AF04A79F474792EDCFB378A7CDD0","2008-01-30 12:47:25",\N,\N,"0","2008-01-30 12:47:25",\N,"CT0353","647","Bacame Nuevo","27","0",\N,\N
"354","2017-05-13 12:20:56","BFB1240F0367477E9D39495155E85EAB","2008-01-30 12:47:25",\N,\N,"0","2008-01-30 12:47:25",\N,"CT0354","634","Bacerac","27","0",\N,\N
"355","2017-05-13 12:20:56","9076D83FD896480EBB9C9DE93F919C67","2008-01-30 12:47:25",\N,\N,"0","2008-01-30 12:47:25",\N,"CT0355","645","Bacoachi","27","0",\N,\N
"356","2017-05-13 12:20:56","6874C3B6D8F345F60080FED189E00303","2008-01-30 12:47:25",\N,\N,"0","2008-01-30 12:47:25",\N,"CT0356","647","Bacobampo","27","0",\N,\N
"357","2017-05-13 12:20:57","97B17C704BA448D895C7BDBC6ED87CB0","2008-01-30 12:47:25",\N,\N,"0","2008-01-30 12:47:25",\N,"CT0357","644","Bacum","27","0",\N,\N
"358","2017-05-13 12:20:57","37E8E1A17A0A4C51AA59EA90BAD8002E","2008-01-30 12:47:25",\N,\N,"0","2008-01-30 12:47:25",\N,"CT0358","662","Bahía de Kino","27","0",\N,\N
"359","2017-05-13 12:20:57","1DB49D628F934ED897A145CD87FED619","2008-01-30 12:47:25",\N,\N,"0","2008-01-30 12:47:25",\N,"CT0359","623","Banamichi","27","0",\N,\N
"360","2017-05-13 12:20:57","B381BA8792254F37BA50F5BD3D375900","2008-01-30 12:47:25",\N,\N,"0","2008-01-30 12:47:25",\N,"CT0360","623","Baviacora","27","0",\N,\N
"361","2017-05-13 12:20:57","84F756A03263432DA42C73D744F0FC28","2008-01-30 12:47:25",\N,\N,"0","2008-01-30 12:47:25",\N,"CT0361","634","Bavispe","27","0",\N,\N
"362","2017-05-13 12:20:57","7EBFE701D1C04EF79EBFE6585F00B4A4","2008-01-30 12:47:25",\N,\N,"0","2008-01-30 12:47:25",\N,"CT0362","641","Benjamin Hill","27","0",\N,\N
"363","2017-05-13 12:20:57","D25B826C31C54E6781EA77DD715E79B4","2008-01-30 12:47:25",\N,\N,"0","2008-01-30 12:47:25",\N,"CT0363","643","Buaysiacobe","27","0",\N,\N
"364","2017-05-13 12:20:57","56CDCAB56A2A43268EC617023F6300A7","2008-01-30 12:47:25",\N,\N,"0","2008-01-30 12:47:25",\N,"CT0364","637","Caborca","27","0",\N,\N
"365","2017-05-13 12:20:57","E8D1AA43A6DE4EEE865F000054DAC9BB","2008-01-30 12:47:25",\N,\N,"0","2008-01-30 12:47:25",\N,"CT0365","645","Cananea","27","0",\N,\N
"366","2017-05-13 12:20:57","8405807E3B2841A29E6DFEE88E621D03","2008-01-30 12:47:25",\N,\N,"0","2008-01-30 12:47:25",\N,"CT0366","623","Carbo","27","0",\N,\N
"367","2017-05-13 12:20:57","69715D5B5FA0457A8C2F318EC9B4C195","2008-01-30 12:47:25",\N,\N,"0","2008-01-30 12:47:25",\N,"CT0367","642","Chinotahueca","27","0",\N,\N
"368","2017-05-13 12:20:57","74C094DB8BE0449EACA4AAB1EE2237D1","2008-01-30 12:47:25",\N,\N,"0","2008-01-30 12:47:25",\N,"CT0368","631","Cibuta","27","0",\N,\N
"369","2017-05-13 12:20:57","3DA05EBFCA0747D59426CFA59C9B3744","2008-01-30 12:47:25",\N,\N,"0","2008-01-30 12:47:25",\N,"CT0369","644","Ciudad Obregón","27","0",\N,\N
"370","2017-05-13 12:20:57","C85F650A61864F5FB1D98B441498EAF9","2008-01-30 12:47:25",\N,\N,"0","2008-01-30 12:47:25",\N,"CT0370","634","Colonia El Tajo","27","0",\N,\N
"371","2017-05-13 12:20:57","D69F03DD72CF4D6DB1E000D47D7D55F7","2008-01-30 12:47:25",\N,\N,"0","2008-01-30 12:47:25",\N,"CT0371","643","Colonia Irrigación","27","0",\N,\N
"372","2017-05-13 12:20:57","D33B432A8D6D460EBE26C518E95740FD","2008-01-30 12:47:25",\N,\N,"0","2008-01-30 12:47:25",\N,"CT0372","643","Colonia Jecopaco","27","0",\N,\N
"373","2017-05-13 12:20:57","96D8AD8023464376B1C3601EF3642C99","2008-01-30 12:47:25",\N,\N,"0","2008-01-30 12:47:25",\N,"CT0373","634","Cumpas","27","0",\N,\N
"374","2017-05-13 12:20:57","CEB0A50C6A9D4CC18E008240B22F906B","2008-01-30 12:47:25",\N,\N,"0","2008-01-30 12:47:25",\N,"CT0374","643","Ejido 31 de Octubre","27","0",\N,\N
"375","2017-05-13 12:20:57","D22A180A077540A0B95DB4F64DBFE200","2008-01-30 12:47:25",\N,\N,"0","2008-01-30 12:47:25",\N,"CT0375","644","Ejido Cuauhtémoc (Campo Cinco)","27","0",\N,\N
"376","2017-05-13 12:20:57","D7CAED5E4125459E94D49D4787437191","2008-01-30 12:47:25",\N,\N,"0","2008-01-30 12:47:25",\N,"CT0610","965","Revolución Mexicana","7","0",\N,\N
"377","2017-05-13 12:20:57","90378B53511449B39EB8848E552900F4","2008-01-30 12:47:25",\N,\N,"0","2008-01-30 12:47:25",\N,"CT0611","916","Salto de Agua","7","0",\N,\N
"378","2017-05-13 12:20:57","0FB3DE90331845BC8E1386B5EE9B23ED","2008-01-30 12:47:25",\N,\N,"0","2008-01-30 12:47:25",\N,"CT0612","967","San Cristóbal de las Casas","7","0",\N,\N
"379","2017-05-13 12:20:57","89F5B4DDA111483184AB757097EFD3FA","2008-01-30 12:47:25",\N,\N,"0","2008-01-30 12:47:25",\N,"CT0613","961","San Fernando","7","0",\N,\N
"380","2017-05-13 12:20:57","DB4987E9E7A94F29AEEC720000E78F93","2008-01-30 12:47:25",\N,\N,"0","2008-01-30 12:47:25",\N,"CT0614","965","San Pedro Buenavista","7","0",\N,\N
"381","2017-05-13 12:20:57","3FDAFB06C9C946A7AA00CCD179007CB1","2008-01-30 12:47:25",\N,\N,"0","2008-01-30 12:47:25",\N,"CT0615","919","Simojovel","7","0",\N,\N
"382","2017-05-13 12:20:57","47FEF070F6FB4CE4AFADF02834B61BC7","2008-01-30 12:47:25",\N,\N,"0","2008-01-30 12:47:25",\N,"CT0616","992","Socoltenango","7","0",\N,\N
"383","2017-05-13 12:20:57","7512C71A611C438C92F2D6AC7D023520","2008-01-30 12:47:25",\N,\N,"0","2008-01-30 12:47:25",\N,"CT0617","992","Soyatitán","7","0",\N,\N
"384","2017-05-13 12:20:57","1B83C9D52426491897EE684C45FD7DEB","2008-01-30 12:47:25",\N,\N,"0","2008-01-30 12:47:25",\N,"CT0618","961","Suchiapa","7","0",\N,\N
"385","2017-05-13 12:20:57","2219A3C71E0D464488882C3C9600E7F1","2008-01-30 12:47:25",\N,\N,"0","2008-01-30 12:47:25",\N,"CT0619","962","Suchiate","7","0",\N,\N
"386","2017-05-13 12:20:57","40DC19BEFC1A4E969215859846A3D257","2008-01-30 12:47:25",\N,\N,"0","2008-01-30 12:47:25",\N,"CT0620","962","Tapachula","7","0",\N,\N
"387","2017-05-13 12:20:58","D53AD86C278945FCBA2325EDA8003EF9","2008-01-30 12:47:25",\N,\N,"0","2008-01-30 12:47:25",\N,"CT0621","919","Tapilula","7","0",\N,\N
"388","2017-05-13 12:20:58","C3E6F29F8978481DBEDCD1BADE8199C6","2008-01-30 12:47:25",\N,\N,"0","2008-01-30 12:47:25",\N,"CT0622","968","Tecpatán","7","0",\N,\N
"389","2017-05-13 12:20:58","9DA16E52BE914C749F86E5B4A54024E6","2008-01-30 12:47:25",\N,\N,"0","2008-01-30 12:47:25",\N,"CT0623","967","Tenejapa","7","0",\N,\N
"390","2017-05-13 12:20:58","375B543D250B43A8BAC802CF65ACF7D8","2008-01-30 12:47:25",\N,\N,"0","2008-01-30 12:47:25",\N,"CT0624","992","Teopisca","7","0",\N,\N
"391","2017-05-13 12:20:58","8BB81066130A42108C6FCD607BDAAA92","2008-01-30 12:47:25",\N,\N,"0","2008-01-30 12:47:25",\N,"CT0625","968","Tierra y Libertad","7","0",\N,\N
"392","2017-05-13 12:20:58","B3A9C3A2A8284EAEA2157C8936DE355F","2008-01-30 12:47:25",\N,\N,"0","2008-01-30 12:47:25",\N,"CT0626","919","Tila","7","0",\N,\N
"393","2017-05-13 12:20:58","FE90157E11C744B9B60543D490124D7C","2008-01-30 12:47:25",\N,\N,"0","2008-01-30 12:47:25",\N,"CT0627","966","Tonalá","7","0",\N,\N
"394","2017-05-13 12:20:58","17D17B5B87AD4A4A96D8CB2202BB8300","2008-01-30 12:47:25",\N,\N,"0","2008-01-30 12:47:25",\N,"CT0628","994","Tres Picos","7","0",\N,\N
"395","2017-05-13 12:20:58","5F52F53F2DF142D5A828BFE14C493F19","2008-01-30 12:47:25",\N,\N,"0","2008-01-30 12:47:25",\N,"CT0629","962","Tuxtla Chico","7","0",\N,\N
"396","2017-05-13 12:20:58","CA765AC5F3554DAE9E20E0198757D06F","2008-01-30 12:47:25",\N,\N,"0","2008-01-30 12:47:25",\N,"CT0630","961","Tuxtla Gutiérrez","7","0",\N,\N
"397","2017-05-13 12:20:58","F661236ACE5546D89BD062895BD1AA00","2008-01-30 12:47:25",\N,\N,"0","2008-01-30 12:47:25",\N,"CT0631","963","Tzimol","7","0",\N,\N
"398","2017-05-13 12:20:58","609EBB05A9FD4CE687A03E91D166D4F3","2008-01-30 12:47:25",\N,\N,"0","2008-01-30 12:47:25",\N,"CT0632","962","Unión Juárez","7","0",\N,\N
"399","2017-05-13 12:20:58","9E02FF1BD5774A7A8B33DF33A2D1124B","2008-01-30 12:47:25",\N,\N,"0","2008-01-30 12:47:25",\N,"CT0633","961","Veinte de Noviembre","7","0",\N,\N
"400","2017-05-13 12:20:58","B591A1FDFC8F4C0D882B16637838F01F","2008-01-30 12:47:25",\N,\N,"0","2008-01-30 12:47:25",\N,"CT0634","992","Venustiano Carranza","7","0",\N,\N
"401","2017-10-06 06:02:28","DA45F8DABDEB451700F9E151361452EA","2008-01-30 12:47:25",\N,\N,"0","2008-01-30 12:47:25",\N,"CT0635","965","Villacorzo","7","0",\N,\N
"402","2017-05-13 12:20:58","4D1657DE7A6E4F3198B4007D00CA5060","2008-01-30 12:47:25",\N,\N,"0","2008-01-30 12:47:25",\N,"CT0636","961","Villa de Acala","7","0",\N,\N
"403","2017-05-13 12:20:58","46B648D6D375460E83D3A153DF895DF9","2008-01-30 12:47:25",\N,\N,"0","2008-01-30 12:47:25",\N,"CT0637","992","Villa de las Rosas","7","0",\N,\N
"404","2017-11-16 10:20:50","81ECADB0BE614458853C137BC40008DF","2008-01-30 12:47:25",\N,\N,"0","2008-01-30 12:47:25",\N,"CT0638","965","Villaflores","7","0",\N,\N
"405","2017-05-13 12:20:58","D0DD0C7D8A0A4C07B1C5F1C503002119","2008-01-30 12:47:25",\N,\N,"0","2008-01-30 12:47:25",\N,"CT0639","919","Yajalón","7","0",\N,\N
"406","2017-05-13 12:20:58","5A995092B5C84B40A3A39DBB46C600F9","2008-01-30 12:47:25",\N,\N,"0","2008-01-30 12:47:25",\N,"CT0640","866","Abasolo","8","0",\N,\N
"407","2017-05-13 12:20:58","55D56A0F4C9948A1AF09BB62ED62BFBF","2008-01-30 12:47:25",\N,\N,"0","2008-01-30 12:47:25",\N,"CT0641","861","Agujita","8","0",\N,\N
"408","2017-05-13 12:20:58","480C5578007F48B29EAEB2005BC92FD2","2008-01-30 12:47:25",\N,\N,"0","2008-01-30 12:47:25",\N,"CT0642","862","Allende","8","0",\N,\N
"409","2017-05-13 12:20:58","B5AB4341B31D46CCA86380EA31A99CD6","2008-01-30 12:47:25",\N,\N,"0","2008-01-30 12:47:25",\N,"CT0643","844","Arteaga","8","0",\N,\N
"410","2017-05-13 12:20:58","662FC71F7EF34359BBE55C453F84DA85","2008-01-30 12:47:25",\N,\N,"0","2008-01-30 12:47:25",\N,"CT0644","873","Candela","8","0",\N,\N
"411","2017-05-13 12:20:58","37ED1F61C05D4983BCFFB7C17B3B7BC4","2008-01-30 12:47:25",\N,\N,"0","2008-01-30 12:47:25",\N,"CT0645","866","Castaños","8","0",\N,\N
"412","2017-05-13 12:20:58","5B872225BDD747F4BEB1E0031B6C0014","2008-01-30 12:47:25",\N,\N,"0","2008-01-30 12:47:25",\N,"CT0646","877","Ciudad Acuña","8","0",\N,\N
"413","2017-05-13 12:20:58","45C539CB4C5349F89172B992B269CAC8","2008-01-30 12:47:25",\N,\N,"0","2008-01-30 12:47:25",\N,"CT0647","869","Cuatrocienegas","8","0",\N,\N
"414","2017-05-13 12:20:58","D9593279C24D48DF956B8499A6A5F8ED","2008-01-30 12:47:25",\N,\N,"0","2008-01-30 12:47:25",\N,"CT0648","871","El Coyote","8","0",\N,\N
"415","2017-05-13 12:20:58","E1F2D2C09DB44EF491F70175851CB0F5","2008-01-30 12:47:25",\N,\N,"0","2008-01-30 12:47:25",\N,"CT0649","871","Entronque Congregación Hgo.","8","0",\N,\N
"416","2017-05-13 12:20:58","D1EEC6D0B1714A77A6BE71934FB7D700","2008-01-30 12:47:25",\N,\N,"0","2008-01-30 12:47:25",\N,"CT0650","872","Francisco I. Madero","8","0",\N,\N
"417","2017-05-13 12:20:58","DBEB32DD01FD40838615E19E67CFA136","2008-01-30 12:47:25",\N,\N,"0","2008-01-30 12:47:25",\N,"CT0651","866","Frontera","8","0",\N,\N
"418","2017-05-13 12:20:58","CC9235466CA844FBB3DBAF7EE12F4B79","2008-01-30 12:47:25",\N,\N,"0","2008-01-30 12:47:25",\N,"CT0652","842","General Cepeda","8","0",\N,\N
"419","2017-05-13 12:20:59","C827DC485DE04A1286007572DA088CCC","2008-01-30 12:47:25",\N,\N,"0","2008-01-30 12:47:25",\N,"CT0653","862","Guerrero","8","0",\N,\N
"420","2017-05-13 12:20:59","469FD3AAD1CC4B9EA7E0A84039C3006B","2008-01-30 12:47:25",\N,\N,"0","2008-01-30 12:47:25",\N,"CT0654","867","Hidalgo","8","0",\N,\N
"421","2017-05-13 12:20:59","26C08B81540B4BEB00707C7CCDE069F8","2008-01-30 12:47:25",\N,\N,"0","2008-01-30 12:47:25",\N,"CT0655","878","Jiménez","8","0",\N,\N
"422","2017-05-13 12:20:59","E4279D79B83F4876A1BA946DA91C3DA7","2008-01-30 12:47:25",\N,\N,"0","2008-01-30 12:47:25",\N,"CT0656","861","Juárez","8","0",\N,\N
"423","2017-05-13 12:20:59","1603634A1DDD4CEE9871CEB2489143BE","2008-01-30 12:47:25",\N,\N,"0","2008-01-30 12:47:25",\N,"CT0657","872","La Concordia (Rosita)","8","0",\N,\N
"424","2017-05-13 12:20:59","2E93293BAE474D48A3735E92FAC98668","2008-01-30 12:47:25",\N,\N,"0","2008-01-30 12:47:25",\N,"CT0658","871","La Partida","8","0",\N,\N
"425","2017-05-13 12:20:59","C5BAC81B86134A5DB77581D3FAB0687D","2008-01-30 12:47:25",\N,\N,"0","2008-01-30 12:47:25",\N,"CT0659","871","La Paz","8","0",\N,\N
"426","2017-05-13 12:20:59","8AAF992753E94DE19B67B7A3152C1B28","2008-01-30 12:47:25",\N,\N,"0","2008-01-30 12:47:25",\N,"CT0660","872","Laguna del Rey (Del Rey","8","0",\N,\N
"427","2017-05-13 12:20:59","2B937285330245FCA4E0101C878FD960","2008-01-30 12:47:25",\N,\N,"0","2008-01-30 12:47:25",\N,"CT0661","864","Las Esperanzas","8","0",\N,\N
"428","2017-05-13 12:20:59","E97CC16844374217848DA7B35028DCF6","2008-01-30 12:47:25",\N,\N,"0","2008-01-30 12:47:25",\N,"CT0662","872","Lequeitio","8","0",\N,\N
"429","2017-05-13 12:20:59","65F06DC46E154447B9E243D78F093500","2008-01-30 12:47:25",\N,\N,"0","2008-01-30 12:47:25",\N,"CT0663","872","Luchana","8","0",\N,\N
"430","2017-05-13 12:20:59","A0DA27C90A1443379423E496FAE61272","2008-01-30 12:47:25",\N,\N,"0","2008-01-30 12:47:25",\N,"CT0664","871","Matamoros","8","0",\N,\N
"431","2017-05-13 12:20:59","FCB797E2B33F4A7F9D6F391B0747ADE8","2008-01-30 12:47:25",\N,\N,"0","2008-01-30 12:47:25",\N,"CT0665","864","Minas de Barroterán","8","0",\N,\N
"432","2017-05-13 12:20:59","6AF3BD231C0F4D5CA9243DDCF2F8401D","2008-01-30 12:47:25",\N,\N,"0","2008-01-30 12:47:25",\N,"CT0666","866","Monclova","8","0",\N,\N
"433","2017-05-13 12:20:59","3C69D3E0DC864411898F6DA7D2D184C5","2008-01-30 12:47:25",\N,\N,"0","2008-01-30 12:47:25",\N,"CT0667","862","Morelos","8","0",\N,\N
"434","2017-05-13 12:20:59","B0D811155ACD49ECBC76B99D47A59FA9","2008-01-30 12:47:25",\N,\N,"0","2008-01-30 12:47:25",\N,"CT0668","864","Muzquiz","8","0",\N,\N
"435","2017-05-13 12:20:59","D838D3BBF21E4BCEBC5385FF857245B3","2008-01-30 12:47:25",\N,\N,"0","2008-01-30 12:47:25",\N,"CT0669","862","Nava","8","0",\N,\N
"436","2017-05-13 12:20:59","25B91F115BCE428C8B8337B0A900E245","2008-01-30 12:47:25",\N,\N,"0","2008-01-30 12:47:25",\N,"CT0670","861","Nueva Rosita","8","0",\N,\N
"437","2017-05-13 12:20:59","2C153D26A70B4469844C408CBE594CDE","2008-01-30 12:47:25",\N,\N,"0","2008-01-30 12:47:25",\N,"CT0671","869","Ocampo","8","0",\N,\N
"438","2017-05-13 12:20:59","85331893D4BD42FFA659373348B4534B","2008-01-30 12:47:25",\N,\N,"0","2008-01-30 12:47:25",\N,"CT0672","864","Palau","8","0",\N,\N
"439","2017-05-13 12:20:59","5EB5A23E8B3D469E9062524343CF42F1","2008-01-30 12:47:25",\N,\N,"0","2008-01-30 12:47:25",\N,"CT0673","842","Parras de la Fuente","8","0",\N,\N
"440","2017-05-13 12:20:59","40928FF281C9410FA7EA0973B88135C0","2008-01-30 12:47:25",\N,\N,"0","2008-01-30 12:47:25",\N,"CT0674","878","Piedras Negras","8","0",\N,\N
"441","2017-05-13 12:20:59","AE5A67C2E3D3463CAE637C46F1F43768","2008-01-30 12:47:25",\N,\N,"0","2008-01-30 12:47:25",\N,"CT0675","866","Primero de Mayo","8","0",\N,\N
"442","2017-05-13 12:20:59","84B1EA2B1B4A4F79BB1748C0009E4039","2008-01-30 12:47:25",\N,\N,"0","2008-01-30 12:47:25",\N,"CT0676","861","Progreso","8","0",\N,\N
"443","2017-05-13 12:20:59","704F979BAE3543569D29B0AAB0D1DCF9","2008-01-30 12:47:25",\N,\N,"0","2008-01-30 12:47:25",\N,"CT0677","844","Ramos Arizpe","8","0",\N,\N
"444","2017-05-13 12:20:59","2FE9F22113DA47F186F4F6EE595C10BB","2008-01-30 12:47:25",\N,\N,"0","2008-01-30 12:47:25",\N,"CT0678","861","Sabinas","8","0",\N,\N
"445","2017-05-13 12:20:59","F8C014D54A2C4C3B8666D4109FE05CED","2008-01-30 12:47:25",\N,\N,"0","2008-01-30 12:47:25",\N,"CT0679","844","Saltillo","8","0",\N,\N
"446","2017-05-13 12:20:59","D453D43FE26543D3AEEB48F562A8C7ED","2008-01-30 12:47:25",\N,\N,"0","2008-01-30 12:47:25",\N,"CT0680","869","San Buenaventura","8","0",\N,\N
"447","2017-05-13 12:20:59","27B277C8539047EB8564B100003C94EC","2008-01-30 12:47:25",\N,\N,"0","2008-01-30 12:47:25",\N,"CT0681","861","San José de Aura","8","0",\N,\N
"448","2017-05-13 12:20:59","3C65C14542434DAFB511282F0000733C","2008-01-30 12:47:25",\N,\N,"0","2008-01-30 12:47:25",\N,"CT0682","872","San Pedro","8","0",\N,\N
"449","2017-05-13 12:20:59","864C5DD2DBA94F4BBB082913AF39DCB2","2008-01-30 12:47:25",\N,\N,"0","2008-01-30 12:47:25",\N,"CT0683","872","San Rafael de Arriba","8","0",\N,\N
"450","2017-05-13 12:20:59","A1E493138AE14803A518E1FD5E34AEDE","2008-01-30 12:47:25",\N,\N,"0","2008-01-30 12:47:25",\N,"CT0684","871","Santo Niño Aguanaval","8","0",\N,\N
"451","2017-05-13 12:21:00","7103D7991FA747B8BA350046FD266C6D","2008-01-30 12:47:25",\N,\N,"0","2008-01-30 12:47:25",\N,"CT0685","871","Torreón","8","0",\N,\N
"452","2017-05-13 12:21:00","8E7DB8C511054C679C6500D62066D18C","2008-01-30 12:47:25",\N,\N,"0","2008-01-30 12:47:25",\N,"CT0686","671","Viesca","8","0",\N,\N
"453","2017-05-13 12:21:00","69A13FB299F94B268B419C98AB2D5500","2008-01-30 12:47:25",\N,\N,"0","2008-01-30 12:47:25",\N,"CT0687","862","Villa Unión","8","0",\N,\N
"454","2017-05-13 12:21:00","45158B034BC3490290BACEAFF8AADD75","2008-01-30 12:47:25",\N,\N,"0","2008-01-30 12:47:25",\N,"CT0688","862","Zaragoza","8","0",\N,\N
"455","2017-05-13 12:21:00","29052C2A14054F819EFE352620E70621","2008-01-30 12:47:25",\N,\N,"0","2008-01-30 12:47:25",\N,"CT0689","872","TORREON","8","0",\N,\N
"456","2017-05-13 12:21:00","931A2A1DCF884D93ABBA3C73BAF956DD","2008-01-30 12:47:25",\N,\N,"0","2008-01-30 12:47:25",\N,"CT0690","314","Cabañas Juluapan (Los Almendros)","9","0",\N,\N
"457","2017-05-13 12:21:00","6CDC8E78874349EF886F5D8D88B4A9D2","2008-01-30 12:47:25",\N,\N,"0","2008-01-30 12:47:25",\N,"CT0691","314","Camotlán de Miraflores","9","0",\N,\N
"458","2017-05-13 12:21:00","DEA36B12342645E4B8CADCE3746BA2D3","2008-01-30 12:47:25",\N,\N,"0","2008-01-30 12:47:25",\N,"CT0692","313","Cerro de Ortega","9","0",\N,\N
"459","2017-05-13 12:21:00","B1CCE07A270547DC941FE1B869F27187","2008-01-30 12:47:25",\N,\N,"0","2008-01-30 12:47:25",\N,"CT0693","312","Chiapa","9","0",\N,\N
"460","2017-05-13 12:21:00","D8F739A1E8B34B63806D66032C9D503F","2008-01-30 12:47:25",\N,\N,"0","2008-01-30 12:47:25",\N,"CT0694","313","Ciudad de Armería","9","0",\N,\N
"461","2017-05-13 12:21:00","C46C344DC48E4BC491E57B5C5C2DBE58","2008-01-30 12:47:25",\N,\N,"0","2008-01-30 12:47:25",\N,"CT0695","312","Ciudad de Villa de Alvarez","9","0",\N,\N
"462","2017-05-13 12:21:00","96238D9360C74DEAA7531BF86E393CE6","2008-01-30 12:47:25",\N,\N,"0","2008-01-30 12:47:25",\N,"CT0696","318","Cofradía de Suchitlán","9","0",\N,\N
"463","2017-05-13 12:21:00","2DE9E3D270984F73802E425B80E914CC","2008-01-30 12:47:25",\N,\N,"0","2008-01-30 12:47:25",\N,"CT0697","312","Colima","9","0",\N,\N
"464","2017-05-13 12:21:00","707C34BE48E04417A43D183C9BA68CE4","2008-01-30 12:47:25",\N,\N,"0","2008-01-30 12:47:25",\N,"CT0698","312","Comala","9","0",\N,\N
"465","2017-05-13 12:21:00","47FCDEF3FECF48B384C652822E22F32B","2008-01-30 12:47:25",\N,\N,"0","2008-01-30 12:47:25",\N,"CT0699","312","Coquimatlán","9","0",\N,\N
"466","2017-05-13 12:21:00","3041EB29CBE94F7A984B7B9DF07EF756","2008-01-30 12:47:25",\N,\N,"0","2008-01-30 12:47:25",\N,"CT0700","318","Cuauhtémoc","9","0",\N,\N
"467","2017-05-13 12:21:00","90B42DEC4D2B4EBDA4A3243E49C46CE4","2008-01-30 12:47:25",\N,\N,"0","2008-01-30 12:47:25",\N,"CT0701","313","Cuyutlán","9","0",\N,\N
"468","2017-05-13 12:21:00","157F94D87AA0427284E63FCBC538058E","2008-01-30 12:47:25",\N,\N,"0","2008-01-30 12:47:25",\N,"CT0702","314","El Colomo","9","0",\N,\N
"469","2017-05-13 12:21:00","B198332D425A45E69CA2F7B48E6E3F97","2008-01-30 12:47:25",\N,\N,"0","2008-01-30 12:47:25",\N,"CT0703","312","El Trapiche","9","0",\N,\N
"470","2017-05-13 12:21:00","B96BEA6CDD424A39840503816CFFFFBA","2008-01-30 12:47:25",\N,\N,"0","2008-01-30 12:47:25",\N,"CT0704","313","Ixtlahuacán","9","0",\N,\N
"471","2017-05-13 12:21:00","A88142C46B9A449190F7D6ED9F09A631","2008-01-30 12:47:25",\N,\N,"0","2008-01-30 12:47:25",\N,"CT0705","312","Los Tepames","9","0",\N,\N
"472","2017-05-13 12:21:00","3A0044F073374140A6C708DF88EA4C23","2008-01-30 12:47:25",\N,\N,"0","2008-01-30 12:47:25",\N,"CT0706","313","Madrid","9","0",\N,\N
"473","2017-05-13 12:21:00","0D3FC9934BBF46999B4E5CBF802DAC00","2008-01-30 12:47:25",\N,\N,"0","2008-01-30 12:47:25",\N,"CT0707","314","Manzanillo","9","0",\N,\N
"474","2017-05-13 12:21:00","3214576D70E049B3AB147583A20000A6","2008-01-30 12:47:25",\N,\N,"0","2008-01-30 12:47:25",\N,"CT0708","314","Minatitlán","9","0",\N,\N
"475","2017-05-13 12:21:00","414202C08F3847158F004D0083434124","2008-01-30 12:47:25",\N,\N,"0","2008-01-30 12:47:25",\N,"CT0709","312","Pueblo Juárez (La Magdalena)","9","0",\N,\N
"476","2017-05-13 12:21:00","2FE12197CFC24BA4BEBBB88CB14EC9E7","2008-01-30 12:47:25",\N,\N,"0","2008-01-30 12:47:25",\N,"CT0710","318","Quesería","9","0",\N,\N
"477","2017-05-13 12:21:00","E967BDD150384D10B2BD668747400761","2008-01-30 12:47:25",\N,\N,"0","2008-01-30 12:47:25",\N,"CT0711","313","Rincón de López","9","0",\N,\N
"478","2017-05-13 12:21:00","9F6F1870C2F148759F681C689EF10007","2008-01-30 12:47:25",\N,\N,"0","2008-01-30 12:47:25",\N,"CT0712","313","Tecomán","9","0",\N,\N
"479","2017-05-13 12:21:00","370090D24EEC4784B42D5C7323005FAD","2008-01-30 12:47:25",\N,\N,"0","2008-01-30 12:47:25",\N,"CT0713","314","Venustiano Carranza (Cualata)","9","0",\N,\N
"480","2017-05-13 12:21:00","2D3FAAEA7EA9442CB08B008D4648BB37","2008-01-30 12:47:25",\N,\N,"0","2008-01-30 12:47:25",\N,"CT0714","55","Ciudad de México","10","0",\N,\N
"481","2017-05-13 12:21:00","5176EFB06E4B4341972051B0C3B22B62","2008-01-30 12:47:25",\N,\N,"0","2008-01-30 12:47:25",\N,"CT0715","55","San Antonio Tecomitl","10","0",\N,\N
"482","2017-05-13 12:21:01","90F6B438811C40E8929CBFDD27903C22","2008-01-30 12:47:25",\N,\N,"0","2008-01-30 12:47:25",\N,"CT0716","55","San Juan Ixtayopan","10","0",\N,\N
"483","2017-05-13 12:21:01","9B68D95CBC2746ED932EA0E69D0053B6","2008-01-30 12:47:25",\N,\N,"0","2008-01-30 12:47:25",\N,"CT0717","55","San Lorenzo Acopilco","10","0",\N,\N
"484","2017-05-13 12:21:01","939204274B1F445B98BBFC32FEC956E8","2008-01-30 12:47:25",\N,\N,"0","2008-01-30 12:47:25",\N,"CT0718","55","San Miguel Ajusco","10","0",\N,\N
"485","2017-05-13 12:21:01","7BD59B84B32C48138260B5589FACBD77","2008-01-30 12:47:25",\N,\N,"0","2008-01-30 12:47:25",\N,"CT0719","55","San Miguel Topilejo","10","0",\N,\N
"486","2017-05-13 12:21:01","19BA54947F014F6EBB4CD700002C9467","2008-01-30 12:47:25",\N,\N,"0","2008-01-30 12:47:25",\N,"CT0720","55","San Nicolás Tetelco","10","0",\N,\N
"487","2017-05-13 12:21:01","72BF1374C62345999D009839BBC300B4","2008-01-30 12:47:25",\N,\N,"0","2008-01-30 12:47:25",\N,"CT0721","55","San Pablo Oztotepec","10","0",\N,\N
"488","2017-05-13 12:21:01","2DBAE4D548F349C69B6CECC8D68B2E60","2008-01-30 12:47:25",\N,\N,"0","2008-01-30 12:47:25",\N,"CT0722","55","San Pedro Atocpan","10","0",\N,\N
"489","2017-05-13 12:21:01","CEE53B69B8D34EB79DB35E5BD5332BE3","2008-01-30 12:47:25",\N,\N,"0","2008-01-30 12:47:25",\N,"CT0723","55","Santa Catarina Yecahuitzotl","10","0",\N,\N
"490","2017-05-13 12:21:01","1853BCED0DBC474EA94851CCAFBA0026","2008-01-30 12:47:25",\N,\N,"0","2008-01-30 12:47:25",\N,"CT0724","677","Abasolo","11","0",\N,\N
"491","2017-05-13 12:21:01","FE20FC7257854C8CB19D9BCC49AE2F31","2008-01-30 12:47:25",\N,\N,"0","2008-01-30 12:47:25",\N,"CT0725","676","Antonio Amaro","11","0",\N,\N
"492","2017-05-13 12:21:01","FA82CCBCA39E4FF6AE7BCA56B2AF8576","2008-01-30 12:47:25",\N,\N,"0","2008-01-30 12:47:25",\N,"CT0726","872","Bermejillo","11","0",\N,\N
"493","2017-05-13 12:21:01","2312E7065E3848F3AF30735BFE4CD5BC","2008-01-30 12:47:25",\N,\N,"0","2008-01-30 12:47:25",\N,"CT0727","677","Canatlán","11","0",\N,\N
"494","2017-05-13 12:21:01","C96C161C01DF4C01A8CF34BA70E852C9","2008-01-30 12:47:25",\N,\N,"0","2008-01-30 12:47:25",\N,"CT0728","674","Canelas","11","0",\N,\N
"495","2017-05-13 12:21:01","BC4FB9E1AD9948F3AEB7FC00A500C641","2008-01-30 12:47:25",\N,\N,"0","2008-01-30 12:47:25",\N,"CT0729","649","Canutillo","11","0",\N,\N
"496","2017-05-13 12:21:01","72CB4576F9EA4C6AA7AF7FA92239F815","2008-01-30 12:47:25",\N,\N,"0","2008-01-30 12:47:25",\N,"CT0730","629","Ceballos","11","0",\N,\N
"497","2017-05-13 12:21:01","6D382B7E7ACD42318EA6F23667D1BFDF","2008-01-30 12:47:25",\N,\N,"0","2008-01-30 12:47:25",\N,"CT0731","674","Ciénaga de Nuestra Señora de Guadalupe","11","0",\N,\N
"498","2017-05-13 12:21:01","210457C392A24F4F8B6125F600A56232","2008-01-30 12:47:25",\N,\N,"0","2008-01-30 12:47:25",\N,"CT0732","871","Ciudad Lerdo","11","0",\N,\N
"499","2017-05-13 12:21:01","7ED4F32B5CB0482FBCE84FCBA7B528D2","2008-01-30 12:47:25",\N,\N,"0","2008-01-30 12:47:25",\N,"CT0733","618","Colonia Hidalgo","11","0",\N,\N
"500","2017-05-13 12:21:01","7F32A9B873694F9ABB5CCBE0001BE363","2008-01-30 12:47:25",\N,\N,"0","2008-01-30 12:47:25",\N,"CT0734","677","Coneto de Comonfort","11","0",\N,\N
"501","2017-05-13 12:21:01","E0AB36A65D874B749B66C9003554C64D","2008-01-30 12:47:25",\N,\N,"0","2008-01-30 12:47:25",\N,"CT0735","676","Cuauhtémoc","11","0",\N,\N
"502","2017-05-13 12:21:01","D5E0E66C427A48E7BDCED5D332811B30","2008-01-30 12:47:25",\N,\N,"0","2008-01-30 12:47:25",\N,"CT0736","671","Cuéncame de Ceniceros","11","0",\N,\N
"503","2017-05-13 12:21:01","FF929BC8BC9543EB9F9F4CBDADF02245","2008-01-30 12:47:25",\N,\N,"0","2008-01-30 12:47:25",\N,"CT0737","677","Diez de Octubre (San Lucas de Ocampo)","11","0",\N,\N
"504","2017-05-13 12:21:01","00EB0AC75B0E44CD94902336C6349EA3","2008-01-30 12:47:25",\N,\N,"0","2008-01-30 12:47:25",\N,"CT0738","677","Donato Guerra","11","0",\N,\N
"505","2017-05-13 12:21:01","308F7F0FDD1F4414BAC53C2852A930FE","2008-01-30 12:47:25",\N,\N,"0","2008-01-30 12:47:25",\N,"CT0739","618","Durango","11","0",\N,\N
"506","2017-05-13 12:21:01","6CA4413F8D17417E8B5DDC9E00787129","2008-01-30 12:47:25",\N,\N,"0","2008-01-30 12:47:25",\N,"CT0740","629","Ejido Revolución (Las Víboras)","11","0",\N,\N
"507","2017-05-13 12:21:01","425D13C3AB5E49D09644741F285139BA","2008-01-30 12:47:25",\N,\N,"0","2008-01-30 12:47:25",\N,"CT0741","871","El Compás","11","0",\N,\N
"508","2017-05-13 12:21:01","85058C0BFA75417594BCECA0D6EC5C00","2008-01-30 12:47:25",\N,\N,"0","2008-01-30 12:47:25",\N,"CT0742","872","El Lucero (Arcinas)","11","0",\N,\N
"509","2017-05-13 12:21:01","B1208CDD4006457B999456F246EEE8F7","2008-01-30 12:47:25",\N,\N,"0","2008-01-30 12:47:25",\N,"CT0743","618","El Nayar","11","0",\N,\N
"510","2017-05-13 12:21:01","74C80D6FBD6F4E408221FD5498135700","2008-01-30 12:47:25",\N,\N,"0","2008-01-30 12:47:25",\N,"CT0744","675","El Salto","11","0",\N,\N
"511","2017-05-13 12:21:01","E5CE1FA73E9648A99F46723E61298965","2008-01-30 12:47:25",\N,\N,"0","2008-01-30 12:47:25",\N,"CT0745","676","Emiliano Zapata","11","0",\N,\N
"512","2017-05-13 12:21:01","827F5902696241FC931E5D25968B3B30","2008-01-30 12:47:25",\N,\N,"0","2008-01-30 12:47:25",\N,"CT0746","677","Francisco I. Madero","11","0",\N,\N
"513","2017-05-13 12:21:02","084A41348C97495282D381CEA77535FA","2008-01-30 12:47:25",\N,\N,"0","2008-01-30 12:47:25",\N,"CT0747","649","General Escobedo","11","0",\N,\N
"514","2017-05-13 12:21:02","09C6517C712645D68B40E17728957959","2008-01-30 12:47:25",\N,\N,"0","2008-01-30 12:47:25",\N,"CT0748","676","General Jesús Agustín Castro (Independencia)","11","0",\N,\N
"515","2017-05-13 12:21:02","A03E8344E1B2463287A13C032C09A99C","2008-01-30 12:47:25",\N,\N,"0","2008-01-30 12:47:25",\N,"CT0749","671","General Simón Bolívar","11","0",\N,\N
"516","2017-05-13 12:21:02","D34E6ADA2B744326A97D918B3218B45B","2008-01-30 12:47:25",\N,\N,"0","2008-01-30 12:47:25",\N,"CT0750","871","Gómez Palacio","11","0",\N,\N
"517","2017-05-13 12:21:02","9D08D105D207489290B62C7B49FF5B83","2008-01-30 12:47:25",\N,\N,"0","2008-01-30 12:47:25",\N,"CT0751","676","Gral.Felipe Carrillo Puerto","11","0",\N,\N
"518","2017-05-13 12:21:02","0D86D0B8275C443F965261FD191FA202","2008-01-30 12:47:25",\N,\N,"0","2008-01-30 12:47:25",\N,"CT0752","676","Guadalupe Victoria","11","0",\N,\N
"519","2017-05-13 12:21:02","0384E372F8034648B1798E5B1CE9B9BC","2008-01-30 12:47:25",\N,\N,"0","2008-01-30 12:47:25",\N,"CT0753","674","Guanacevi","11","0",\N,\N
"520","2017-05-13 12:21:02","F8CB082D6DA74D5FBA831B0039DA8435","2008-01-30 12:47:25",\N,\N,"0","2008-01-30 12:47:25",\N,"CT0754","677","Guatimape","11","0",\N,\N
"521","2017-05-13 12:21:02","DCD1CA44C74E40089B5B4E3169462F56","2008-01-30 12:47:25",\N,\N,"0","2008-01-30 12:47:25",\N,"CT0755","676","Ignacio Allende","11","0",\N,\N
"522","2017-05-13 12:21:02","D39FB6211DC84276B9EA0094005862A8","2008-01-30 12:47:25",\N,\N,"0","2008-01-30 12:47:25",\N,"CT0756","676","Ignacio Ramírez","11","0",\N,\N
"523","2017-05-13 12:21:02","2B462F18A4564255B406A56550DF9C6D","2008-01-30 12:47:25",\N,\N,"0","2008-01-30 12:47:25",\N,"CT0757","649","Inde","11","0",\N,\N
"524","2017-05-13 12:21:02","05551E8ED5B549B287BC0167DE0088CD","2008-01-30 12:47:25",\N,\N,"0","2008-01-30 12:47:25",\N,"CT0758","677","José Guadalupe Aguilera (Santa Lucia)","11","0",\N,\N
"525","2017-05-13 12:21:02","52824E1A3C9142D900CA8242720037E8","2008-01-30 12:47:25",\N,\N,"0","2008-01-30 12:47:25",\N,"CT0759","676","José Guadalupe Rodríguez (Peñuelas)","11","0",\N,\N
"526","2017-05-13 12:21:02","CC7BE5E37158448B8662F8E23E47BC84","2008-01-30 12:47:25",\N,\N,"0","2008-01-30 12:47:25",\N,"CT0760","674","José María Morelos (Chinacates)","11","0",\N,\N
"527","2017-05-13 12:21:02","967286C240EF47BA9886E4E4104D51BC","2008-01-30 12:47:25",\N,\N,"0","2008-01-30 12:47:25",\N,"CT0761","675","La Ciudad","11","0",\N,\N
"528","2017-05-13 12:21:02","0881C3D122FB4AFD8330A2E9A19424FF","2008-01-30 12:47:25",\N,\N,"0","2008-01-30 12:47:25",\N,"CT0762","675","La Constancia","11","0",\N,\N
"529","2017-05-13 12:21:02","DE17398360884E94A6D37FA64CEC38CF","2008-01-30 12:47:25",\N,\N,"0","2008-01-30 12:47:25",\N,"CT0763","871","La Goma","11","0",\N,\N
"530","2017-05-13 12:21:02","5ED7CF16A56B4FA49F00EE2B948E5CC2","2008-01-30 12:47:25",\N,\N,"0","2008-01-30 12:47:25",\N,"CT0764","675","La Joya","11","0",\N,\N
"531","2017-05-13 12:21:02","F98CC1A05F864B079882645FA969504E","2008-01-30 12:47:25",\N,\N,"0","2008-01-30 12:47:25",\N,"CT0765","674","La Purísima","11","0",\N,\N
"532","2017-05-13 12:21:02","ADAB8B27781B476D87E0621363C843AA","2008-01-30 12:47:25",\N,\N,"0","2008-01-30 12:47:25",\N,"CT0766","649","Las Nieves","11","0",\N,\N
"533","2017-05-13 12:21:02","8E25DCD9911B4AA1A2EFA531FCE0A090","2008-01-30 12:47:25",\N,\N,"0","2008-01-30 12:47:25",\N,"CT0767","618","Llano Grande","11","0",\N,\N
"534","2017-05-13 12:21:02","F5E034AC507541A488BB109F71D133A2","2008-01-30 12:47:25",\N,\N,"0","2008-01-30 12:47:25",\N,"CT0768","674","Los Herrera","11","0",\N,\N
"535","2017-05-13 12:21:02","0AF6AD4552124BB486C500F223D67698","2008-01-30 12:47:25",\N,\N,"0","2008-01-30 12:47:25",\N,"CT0769","872","Mapimi","11","0",\N,\N
"536","2017-05-13 12:21:02","04A15DB8163D40F5B3F245CB02F564EE","2008-01-30 12:47:25",\N,\N,"0","2008-01-30 12:47:25",\N,"CT0770","871","Nazareno","11","0",\N,\N
"537","2017-05-13 12:21:02","FB216FC2702C48F895456BBD32E297A2","2008-01-30 12:47:25",\N,\N,"0","2008-01-30 12:47:25",\N,"CT0771","671","Nazas","11","0",\N,\N
"538","2017-05-13 12:21:02","F1A614FE1DD141148EACDB9710CC332C","2008-01-30 12:47:25",\N,\N,"0","2008-01-30 12:47:25",\N,"CT0772","677","Nicolás Bravo","11","0",\N,\N
"539","2017-05-13 12:21:02","8182C4EBAE8C462D8094C0E01E6144C0","2008-01-30 12:47:25",\N,\N,"0","2008-01-30 12:47:25",\N,"CT0773","675","Nombre de Dios","11","0",\N,\N
"540","2017-05-13 12:21:02","18F9F601EB05422F885F67008FECE567","2008-01-30 12:47:25",\N,\N,"0","2008-01-30 12:47:25",\N,"CT0774","677","Nuevo Ideal","11","0",\N,\N
"541","2017-05-13 12:21:02","2E8FBAB5D5704C1497748E2C2240EB37","2008-01-30 12:47:25",\N,\N,"0","2008-01-30 12:47:25",\N,"CT0775","674","Nuevo San Diego Tensaenz (El Caballo)","11","0",\N,\N
"542","2017-05-13 12:21:02","E6E84E41B7464BD58C5142078C5E5901","2008-01-30 12:47:25",\N,\N,"0","2008-01-30 12:47:25",\N,"CT0776","674","Otaez","11","0",\N,\N
"543","2017-05-13 12:21:02","3D397C32981741FBBF6FDA2644D9FD6E","2008-01-30 12:47:25",\N,\N,"0","2008-01-30 12:47:25",\N,"CT0777","676","Pánuco de Coronado","11","0",\N,\N
"544","2017-05-13 12:21:02","73164EB21F604C3B8C65C1D05000ADB7","2008-01-30 12:47:25",\N,\N,"0","2008-01-30 12:47:25",\N,"CT0778","671","Paso Nacional","11","0",\N,\N
"545","2017-05-13 12:21:02","08D0F47077EC413E9F8DC8CCE68E2F12","2008-01-30 12:47:25",\N,\N,"0","2008-01-30 12:47:25",\N,"CT0779","671","Pedriceña (Estación Pedriceña)","11","0",\N,\N
"546","2017-05-13 12:21:02","2F9A43E7FDB74CF7B5FF618C28A3E56E","2008-01-30 12:47:25",\N,\N,"0","2008-01-30 12:47:25",\N,"CT0780","676","Peñon Blanco","11","0",\N,\N
"547","2017-05-13 12:21:03","3A9471365E654506B7CF3BCBFDEE8FA0","2008-01-30 12:47:25",\N,\N,"0","2008-01-30 12:47:25",\N,"CT0781","676","Ramón Corona","11","0",\N,\N
"548","2017-05-13 12:21:03","AAF906E4C5DD4B4B904200EA7E000065","2008-01-30 12:47:25",\N,\N,"0","2008-01-30 12:47:25",\N,"CT0782","677","Rodeo","11","0",\N,\N
"549","2017-05-13 12:21:03","23E8437939A748A100C8555747EBBFEF","2008-01-30 12:47:25",\N,\N,"0","2008-01-30 12:47:25",\N,"CT0783","649","San Bernardo","11","0",\N,\N
"550","2017-05-13 12:21:03","3C81C9C8220F4AC49C30B57980D29E83","2008-01-30 12:47:25",\N,\N,"0","2008-01-30 12:47:25",\N,"CT0784","675","San Francisco del Mezquital","11","0",\N,\N
"551","2017-05-13 12:21:03","BCD78155B63B468E82CD00037F12F4C0","2008-01-30 12:47:25",\N,\N,"0","2008-01-30 12:47:25",\N,"CT0785","675","San José de Tuitán (Tuitán)","11","0",\N,\N
"552","2017-05-13 12:21:03","F8C7393D94BF4D2AB1413BAEAC04AAFC","2008-01-30 12:47:25",\N,\N,"0","2008-01-30 12:47:25",\N,"CT0786","671","San Juan de Guadalupe","11","0",\N,\N
"553","2017-05-13 12:21:03","A016ABE66D3E4385A096135C8594D223","2008-01-30 12:47:25",\N,\N,"0","2008-01-30 12:47:25",\N,"CT0787","677","San Juan del Río del Centauro del Norte","11","0",\N,\N
"554","2017-05-13 12:21:03","96C29C99DF4A4821AA7367D8EF301F75","2008-01-30 12:47:25",\N,\N,"0","2008-01-30 12:47:25",\N,"CT0788","671","San Luis del Cordero","11","0",\N,\N
"555","2017-05-13 12:21:03","08D31F7E7FF54F4A861901049FAC1503","2008-01-30 12:47:25",\N,\N,"0","2008-01-30 12:47:25",\N,"CT0789","674","San Miguel de Cruces","11","0",\N,\N
"556","2017-05-13 12:21:03","3A71ED13FCA6417C9CBC1E80C5C87EAC","2008-01-30 12:47:25",\N,\N,"0","2008-01-30 12:47:25",\N,"CT0790","674","San Nicolás de Presidio (Presidio de Arriba)","11","0",\N,\N
"557","2017-05-13 12:21:03","47CE57308F41405A888790A9CAD4D465","2008-01-30 12:47:25",\N,\N,"0","2008-01-30 12:47:25",\N,"CT0791","674","San Nicolás","11","0",\N,\N
"558","2017-05-13 12:21:03","B8D174B9E3D64A1CB8803DAB0499007B","2008-01-30 12:47:25",\N,\N,"0","2008-01-30 12:47:25",\N,"CT0792","671","San Pedro del Gallo","11","0",\N,\N
"559","2017-05-13 12:21:03","6A68A2A3B74744E6B288A001C7B1C2DA","2008-01-30 12:47:25",\N,\N,"0","2008-01-30 12:47:25",\N,"CT0793","649","Santa María del Oro","11","0",\N,\N
"560","2017-05-13 12:21:03","B7EF8E5989EA438BA2B2EEDF7825A2E2","2008-01-30 12:47:25",\N,\N,"0","2008-01-30 12:47:25",\N,"CT0794","674","Santiago Papasquiaro","11","0",\N,\N
"561","2017-05-13 12:21:03","B30273B514E241459B7001A830A1E744","2008-01-30 12:47:25",\N,\N,"0","2008-01-30 12:47:25",\N,"CT0795","675","Suchil","11","0",\N,\N
"562","2017-05-13 12:21:03","9390E011F7AE4DD8B21F3906D6CE2809","2008-01-30 12:47:25",\N,\N,"0","2008-01-30 12:47:25",\N,"CT0796","674","Tamazula de Victoria","11","0",\N,\N
"563","2017-05-13 12:21:03","D21C8A9277304B27873EB980E3024E17","2008-01-30 12:47:25",\N,\N,"0","2008-01-30 12:47:25",\N,"CT0797","674","Tayoltita","11","0",\N,\N
"564","2017-05-13 12:21:03","D35EF11496AA43BFAF3564F8277C52F1","2008-01-30 12:47:25",\N,\N,"0","2008-01-30 12:47:25",\N,"CT0798","674","Tepehuanes","11","0",\N,\N
"565","2017-05-13 12:21:03","19CF02DD63454EA4BF34357E92B39BFC","2008-01-30 12:47:25",\N,\N,"0","2008-01-30 12:47:25",\N,"CT0799","872","Tlahualilo de Zaragoza","11","0",\N,\N
"566","2017-05-13 12:21:03","FA0927E74D434CE89C14463C89DB4C58","2008-01-30 12:47:25",\N,\N,"0","2008-01-30 12:47:25",\N,"CT0800","674","Topia","11","0",\N,\N
"567","2017-05-13 12:21:03","29DBBDA31CF645519B62DE8B05A24681","2008-01-30 12:47:25",\N,\N,"0","2008-01-30 12:47:25",\N,"CT0801","671","Velardeña","11","0",\N,\N
"568","2017-05-13 12:21:03","53FCD49D76A04F17A660665651F61042","2008-01-30 12:47:25",\N,\N,"0","2008-01-30 12:47:25",\N,"CT0802","674","Vencedores","11","0",\N,\N
"569","2017-05-13 12:21:03","D0C1DD1FC0B94B1E91D042EA0215758F","2008-01-30 12:47:25",\N,\N,"0","2008-01-30 12:47:25",\N,"CT0803","675","Vicente Guerrero","11","0",\N,\N
"570","2017-05-13 12:21:03","D2372B6D266448C080202900BD158156","2008-01-30 12:47:25",\N,\N,"0","2008-01-30 12:47:25",\N,"CT0804","871","Villa Juárez","11","0",\N,\N
"571","2017-05-13 12:21:03","41F9A64524034A7594FBB202448F3169","2008-01-30 12:47:25",\N,\N,"0","2008-01-30 12:47:25",\N,"CT0805","649","Villa Ocampo","11","0",\N,\N
"572","2017-05-13 12:21:03","25C75B37C02C43EA9D4D68721EC07015","2008-01-30 12:47:25",\N,\N,"0","2008-01-30 12:47:25",\N,"CT0806","649","Villa Orestes Pereyra (Rosario)","11","0",\N,\N
"573","2017-05-13 12:21:03","3669CB0F993B423388B094D7DC448711","2008-01-30 12:47:25",\N,\N,"0","2008-01-30 12:47:25",\N,"CT0807","675","Villa Unión","11","0",\N,\N
"574","2017-05-13 12:21:03","358231CD22794154B684978C43321046","2008-01-30 12:47:25",\N,\N,"0","2008-01-30 12:47:25",\N,"CT0808","762","Acamixtla","12","0",\N,\N
"575","2017-05-13 12:21:03","76766249C29044B9821BC0AC90269082","2008-01-30 12:47:25",\N,\N,"0","2008-01-30 12:47:25",\N,"CT0809","736","Acapetlahuaya","12","0",\N,\N
"576","2017-05-13 12:21:03","2E454B863B0C4EC189DAB21400A5CE05","2008-01-30 12:47:25",\N,\N,"0","2008-01-30 12:47:25",\N,"CT0810","744","Acapulco","12","0",\N,\N
"577","2017-05-13 12:21:03","A7F48511371C40CA8F983F307D912E69","2008-01-30 12:47:25",\N,\N,"0","2008-01-30 12:47:25",\N,"CT0811","732","Acuchillán del Progreso","12","0",\N,\N
"578","2017-05-13 12:21:03","315E89E9277844AF914FF2A3B7A85ED0","2008-01-30 12:47:25",\N,\N,"0","2008-01-30 12:47:25",\N,"CT0812","756","Ahuacuotzingo","12","0",\N,\N
"579","2017-05-13 12:21:03","5DB526E2798B4B64B7ADEA86A1DA3B6D","2008-01-30 12:47:25",\N,\N,"0","2008-01-30 12:47:25",\N,"CT0813","733","Ahuehuepan","12","0",\N,\N
"580","2017-05-13 12:21:04","A96F6EA0342845E9933D2C45000009B7","2008-01-30 12:47:25",\N,\N,"0","2008-01-30 12:47:25",\N,"CT0814","757","Alcozauca de Guerrero","12","0",\N,\N
"581","2017-05-13 12:21:04","3E12F518979B49D4BB9C96B874A3226B","2008-01-30 12:47:25",\N,\N,"0","2008-01-30 12:47:25",\N,"CT0815","757","Alpoyeca","12","0",\N,\N
"582","2017-05-13 12:21:04","29929EA573F9413AAA15A7E987D87B00","2008-01-30 12:47:25",\N,\N,"0","2008-01-30 12:47:25",\N,"CT0816","767","Amuco de la Reforma","12","0",\N,\N
"583","2017-05-13 12:21:04","CDDDC154F77A4891B1879B00060500F7","2008-01-30 12:47:25",\N,\N,"0","2008-01-30 12:47:25",\N,"CT0817","767","Anonas","12","0",\N,\N
"584","2017-05-13 12:21:04","B9C46EB78AE94769A35EE5EF8BBC26DD","2008-01-30 12:47:25",\N,\N,"0","2008-01-30 12:47:25",\N,"CT0818","754","Apango","12","0",\N,\N
"585","2017-05-13 12:21:04","217CE5FBCEC34EABAB4B8FE34DE1E2EA","2008-01-30 12:47:25",\N,\N,"0","2008-01-30 12:47:25",\N,"CT0819","736","Apaxtla de Castrejón","12","0",\N,\N
"586","2017-05-13 12:21:04","A12BC1BE8ACD46C98204FE509856D975","2008-01-30 12:47:25",\N,\N,"0","2008-01-30 12:47:25",\N,"CT0820","767","Aratichanguio","12","0",\N,\N
"587","2017-05-13 12:21:04","758D25D0A92D4456B27B6E70951892A3","2008-01-30 12:47:25",\N,\N,"0","2008-01-30 12:47:25",\N,"CT0821","732","Arcelia","12","0",\N,\N
"588","2017-05-13 12:21:04","1623F3C1E91C40C4BFAD66728D239B7D","2008-01-30 12:47:25",\N,\N,"0","2008-01-30 12:47:25",\N,"CT0822","732","Arroyo Grande","12","0",\N,\N
"589","2017-05-13 12:21:04","37673862D7764A7FB9C28454884BEE3E","2008-01-30 12:47:25",\N,\N,"0","2008-01-30 12:47:25",\N,"CT0823","727","Atenango del Río","12","0",\N,\N
"590","2017-05-13 12:21:04","8D13B7DA4BBD49758B1852D04DF7288C","2008-01-30 12:47:25",\N,\N,"0","2008-01-30 12:47:25",\N,"CT0824","754","Atliaca","12","0",\N,\N
"591","2017-05-13 12:21:04","5999CE100B3A4F98BA481C7885A2DF81","2008-01-30 12:47:25",\N,\N,"0","2008-01-30 12:47:25",\N,"CT0825","756","Atlixtac","12","0",\N,\N
"592","2017-05-13 12:21:04","62DD1C715C8744F4A4928F5C2150D397","2008-01-30 12:47:25",\N,\N,"0","2008-01-30 12:47:25",\N,"CT0826","742","Atoyac de Alvarez","12","0",\N,\N
"593","2017-05-13 12:21:04","8A568CBCCE1A48C9B2A182CE5F73D19F","2008-01-30 12:47:25",\N,\N,"0","2008-01-30 12:47:25",\N,"CT0827","745","Ayutla de los Libres","12","0",\N,\N
"594","2017-05-13 12:21:04","8815F3A39E024D499293C72100CB2C25","2008-01-30 12:47:25",\N,\N,"0","2008-01-30 12:47:25",\N,"CT0828","741","Azoyu","12","0",\N,\N
"595","2017-05-13 12:21:04","CFFB802E4ABA4A85944CEEEEE4043344","2008-01-30 12:47:25",\N,\N,"0","2008-01-30 12:47:25",\N,"CT0829","781","Bajos del Ejido","12","0",\N,\N
"596","2017-05-13 12:21:04","5B76F5EB47B84731B8BEC6F14E550063","2008-01-30 12:47:25",\N,\N,"0","2008-01-30 12:47:25",\N,"CT0830","744","Barra Vieja","12","0",\N,\N
"597","2017-05-13 12:21:04","F7165BEB9D404735885082D4EEDD8332","2008-01-30 12:47:25",\N,\N,"0","2008-01-30 12:47:25",\N,"CT0831","727","Buenavista de Cuellar","12","0",\N,\N
"598","2017-05-13 12:21:04","FFB10F95B5FD4CA2B42DA8EB664D6D00","2008-01-30 12:47:25",\N,\N,"0","2008-01-30 12:47:25",\N,"CT0832","732","Changata","12","0",\N,\N
"599","2017-05-13 12:21:04","9A256E3A320B4850A6F3D49B36829F7D","2008-01-30 12:47:25",\N,\N,"0","2008-01-30 12:47:25",\N,"CT0833","727","Chaucingo","12","0",\N,\N
"600","2017-05-13 12:21:04","896B7EDF686C4C53A8C93DE7E0200831","2008-01-30 12:47:25",\N,\N,"0","2008-01-30 12:47:25",\N,"CT0834","747","Chichihualco","12","0",\N,\N
"601","2017-05-13 12:21:04","EB80D3B67B1645FE009E6F01FE7B61A6","2008-01-30 12:47:25",\N,\N,"0","2008-01-30 12:47:25",\N,"CT0835","756","Chilapa","12","0",\N,\N
"602","2017-05-13 12:21:04","5B8CEA4D1C7047C688545512A19CDC62","2008-01-30 12:47:25",\N,\N,"0","2008-01-30 12:47:25",\N,"CT0836","747","Chilpancingo","12","0",\N,\N
"603","2017-05-13 12:21:04","CE164891175F4C07B7332D00D22967FD","2008-01-30 12:47:25",\N,\N,"0","2008-01-30 12:47:25",\N,"CT0837","767","Ciudad Altamirano","12","0",\N,\N
"604","2017-05-13 12:21:04","FD70D5FD9FDD432CA47B1C76008EDDF5","2008-01-30 12:47:25",\N,\N,"0","2008-01-30 12:47:25",\N,"CT0838","755","Coacoyul","12","0",\N,\N
"605","2017-05-13 12:21:04","2E478B41FE7542038851E4770060B2C1","2008-01-30 12:47:25",\N,\N,"0","2008-01-30 12:47:25",\N,"CT0839","733","Coacoyula de Alvarez","12","0",\N,\N
"606","2017-05-13 12:21:04","6CE8BE3F2CD64A3D854F87F019041E00","2008-01-30 12:47:25",\N,\N,"0","2008-01-30 12:47:25",\N,"CT0840","736","Cocula","12","0",\N,\N
"607","2017-05-13 12:21:04","63F6907F77DE48B69DDB179CFDD469CA","2008-01-30 12:47:25",\N,\N,"0","2008-01-30 12:47:25",\N,"CT0841","756","Colotlipa","12","0",\N,\N
"608","2017-05-13 12:21:04","8B12D3950B154D5493FE4F9BFC428ECD","2008-01-30 12:47:25",\N,\N,"0","2008-01-30 12:47:25",\N,"CT0842","741","Copala","12","0",\N,\N
"609","2017-05-13 12:21:04","0AC9F57D61E047E8A3108707B5D3A99E","2008-01-30 12:47:25",\N,\N,"0","2008-01-30 12:47:25",\N,"CT0843","727","Copalillo","12","0",\N,\N
"610","2017-05-13 12:21:04","3193A5DE72894395BA19F1561783CA72","2008-01-30 12:47:25",\N,\N,"0","2008-01-30 12:47:25",\N,"CT0844","781","Coyuca de Benitez","12","0",\N,\N
"611","2017-05-13 12:21:04","1A5D9E289D0A48C98C9C5DCC2BB78FD8","2008-01-30 12:47:25",\N,\N,"0","2008-01-30 12:47:25",\N,"CT0845","767","Coyuca de Catalán","12","0",\N,\N
"612","2017-05-13 12:21:04","32BE7F91E584457481FE6EFCEA3EF5C2","2008-01-30 12:47:25",\N,\N,"0","2008-01-30 12:47:25",\N,"CT0846","742","Coyuquilla Norte","12","0",\N,\N
"613","2017-05-13 12:21:04","C49014DFA10F49C3A8FB8F32A54DF4B1","2008-01-30 12:47:25",\N,\N,"0","2008-01-30 12:47:25",\N,"CT0847","745","Cruz Grande","12","0",\N,\N
"614","2017-05-13 12:21:04","DA9259F6F3FA4962867C8D023773AE34","2008-01-30 12:47:25",\N,\N,"0","2008-01-30 12:47:25",\N,"CT0848","745","Cruz Quemada","12","0",\N,\N
"615","2017-05-13 12:21:05","6D1172AEED5A4713BE16363FCCE1E05C","2008-01-30 12:47:25",\N,\N,"0","2008-01-30 12:47:25",\N,"CT0849","741","Cuajinicuilapa","12","0",\N,\N
"616","2017-05-13 12:21:05","A9046DFF91B04939003544A3C4DFAC65","2008-01-30 12:47:25",\N,\N,"0","2008-01-30 12:47:25",\N,"CT0850","757","Cualac","12","0",\N,\N
"617","2017-05-13 12:21:05","2798AA119F8D4010B8FC07F9C69B6CC5","2008-01-30 12:47:25",\N,\N,"0","2008-01-30 12:47:25",\N,"CT0851","736","Cuetzala del Progreso","12","0",\N,\N
"618","2017-05-13 12:21:05","33C043F309834F7D9ED80039D1292DC7","2008-01-30 12:47:25",\N,\N,"0","2008-01-30 12:47:25",\N,"CT0852","732","Cutzamala de Pinzón","12","0",\N,\N
"619","2017-05-13 12:21:05","13902ABEC6DE4A10B3A23E0600DBF0BC","2008-01-30 12:47:25",\N,\N,"0","2008-01-30 12:47:25",\N,"CT0853","744","Dos Arroyos","12","0",\N,\N
"620","2017-05-13 12:21:05","CD09DEE73C6D44E09B25FE2E4441CA11","2008-01-30 12:47:25",\N,\N,"0","2008-01-30 12:47:25",\N,"CT0854","732","El Escondido","12","0",\N,\N
"621","2017-05-13 12:21:05","84BD7EE25B1042E598B54012925EDB89","2008-01-30 12:47:25",\N,\N,"0","2008-01-30 12:47:25",\N,"CT0855","781","El Espinalillo","12","0",\N,\N
"622","2017-05-13 12:21:05","8CAF7EF8C2134A9C969D4C03FA319267","2008-01-30 12:47:25",\N,\N,"0","2008-01-30 12:47:25",\N,"CT0856","745","El Ocotito","12","0",\N,\N
"623","2017-05-13 12:21:05","19E3F50C320643B2AF00C9F6188C00C1","2008-01-30 12:47:25",\N,\N,"0","2008-01-30 12:47:25",\N,"CT0857","742","El Paraíso","12","0",\N,\N
"624","2017-05-13 12:21:05","B6319E646A34409488E44B2F5238AAC5","2008-01-30 12:47:25",\N,\N,"0","2008-01-30 12:47:25",\N,"CT0858","767","Guayameo","12","0",\N,\N
"625","2017-05-13 12:21:05","BB14B09688444D13859E97A589084F4C","2008-01-30 12:47:25",\N,\N,"0","2008-01-30 12:47:25",\N,"CT0859","352","Cuevas de Morales","13","0",\N,\N
"626","2017-05-13 12:21:05","784D5852AAB148D580D838267D5B67D0","2008-01-30 12:47:25",\N,\N,"0","2008-01-30 12:47:25",\N,"CT0860","466","Cupareo","13","0",\N,\N
"627","2017-05-13 12:21:05","2733802C34EA47DEAAE93600ACC33628","2008-01-30 12:47:25",\N,\N,"0","2008-01-30 12:47:25",\N,"CT0861","418","Dolores Hidalgo","13","0",\N,\N
"628","2017-05-13 12:21:05","07B744D651EB4C12B95CB4D7C7039F91","2008-01-30 12:47:25",\N,\N,"0","2008-01-30 12:47:25",\N,"CT0862","476","Dolores","13","0",\N,\N
"629","2017-05-13 12:21:05","885811A8DE28491FB2F2B1EA2BF96E2E","2008-01-30 12:47:25",\N,\N,"0","2008-01-30 12:47:25",\N,"CT0863","419","Dr. Mora","13","0",\N,\N
"630","2017-05-13 12:21:05","9EF9C58A079F4066BB8417D2D789389F","2008-01-30 12:47:25",\N,\N,"0","2008-01-30 12:47:25",\N,"CT0864","419","El Capulín","13","0",\N,\N
"631","2017-05-13 12:21:05","79F1A8B645B748899F74867CB08D5040","2008-01-30 12:47:25",\N,\N,"0","2008-01-30 12:47:25",\N,"CT0865","445","El Derramadero","13","0",\N,\N
"632","2017-05-13 12:21:05","1F35D1E7D8974394BD39816CCBDDC801","2008-01-30 12:47:25",\N,\N,"0","2008-01-30 12:47:25",\N,"CT0866","461","El Fresno","13","0",\N,\N
"633","2017-05-13 12:21:05","CC9DC8DC1FC94282A6C8370095E883DE","2008-01-30 12:47:25",\N,\N,"0","2008-01-30 12:47:25",\N,"CT0867","413","El Jocoque","13","0",\N,\N
"634","2017-05-13 12:21:05","0C507A875C3044BBA5A431C555AF224C","2008-01-30 12:47:25",\N,\N,"0","2008-01-30 12:47:25",\N,"CT0868","469","El Mármol","13","0",\N,\N
"635","2017-05-13 12:21:05","701FE8F993C6492292867300E99981A5","2008-01-30 12:47:25",\N,\N,"0","2008-01-30 12:47:25",\N,"CT0869","477","El Ramillete","13","0",\N,\N
"636","2017-05-13 12:21:05","1E242D33EB7D4DCAA2D890E81B536046","2008-01-30 12:47:25",\N,\N,"0","2008-01-30 12:47:25",\N,"CT0870","466","El Sabino","13","0",\N,\N
"637","2017-05-13 12:21:05","01E8D927EE284DE9A532B501009C682D","2008-01-30 12:47:25",\N,\N,"0","2008-01-30 12:47:25",\N,"CT0871","461","El Sauz (El Sauz de Villaseñor)","13","0",\N,\N
"638","2017-05-13 12:21:05","F1C9D56EFA07427A824C274982FA67CF","2008-01-30 12:47:25",\N,\N,"0","2008-01-30 12:47:25",\N,"CT0872","411","El Tigre","13","0",\N,\N
"639","2017-05-13 12:21:05","0B0C7B6FA83847D898EAC84BD25500C0","2008-01-30 12:47:25",\N,\N,"0","2008-01-30 12:47:25",\N,"CT0873","412","Empalme Escobedo","13","0",\N,\N
"640","2017-05-13 12:21:05","707989D6547A4B9AAFEBD4B1FF584000","2008-01-30 12:47:25",\N,\N,"0","2008-01-30 12:47:25",\N,"CT0874","412","Franco Tavera","13","0",\N,\N
"641","2017-05-13 12:21:06","50A9BC8B143A4CB4804699ED30615359","2008-01-30 12:47:25",\N,\N,"0","2008-01-30 12:47:25",\N,"CT0875","432","Frías","13","0",\N,\N
"642","2017-05-13 12:21:06","FF91EB164DA845CDA1B6A4911B269F70","2008-01-30 12:47:25",\N,\N,"0","2008-01-30 12:47:25",\N,"CT0876","462","Guadalupe de Rivera","13","0",\N,\N
"643","2017-05-13 12:21:06","BB985D36C9FC41B0BC21F73EDC873325","2008-01-30 12:47:25",\N,\N,"0","2008-01-30 12:47:25",\N,"CT0877","473","Guanajuato","13","0",\N,\N
"644","2017-05-13 12:21:06","4B49A4C1B72E41AEACEC21B45CBB67E1","2008-01-30 12:47:25",\N,\N,"0","2008-01-30 12:47:25",\N,"CT0878","456","Guarapo","13","0",\N,\N
"645","2017-05-13 12:21:06","20FF20322C8642FE972966D28663EB5F","2008-01-30 12:47:25",\N,\N,"0","2008-01-30 12:47:25",\N,"CT0879","429","Huanimaro","13","0",\N,\N
"646","2017-05-13 12:21:06","75DF16245A804B3C9D44F3C6E8490076","2008-01-30 12:47:25",\N,\N,"0","2008-01-30 12:47:25",\N,"CT0880","466","Huapango","13","0",\N,\N
"647","2017-05-13 12:21:06","2872763E447648DFA312F94BA99CD5B2","2008-01-30 12:47:25",\N,\N,"0","2008-01-30 12:47:25",\N,"CT0881","429","Huitzatarito","13","0",\N,\N
"648","2017-05-13 12:21:06","B42C8D7520F547B5876E800053435FD7","2008-01-30 12:47:25",\N,\N,"0","2008-01-30 12:47:25",\N,"CT0882","417","Iramuco","13","0",\N,\N
"649","2017-05-13 12:21:06","9ECFEBB5A00F4EF583E69930BF879B49","2008-01-30 12:47:25",\N,\N,"0","2008-01-30 12:47:25",\N,"CT0883","462","Irapuato","13","0",\N,\N
"650","2017-05-13 12:21:06","3A150A6A681B4934885F006F06C6912C","2008-01-30 12:47:25",\N,\N,"0","2008-01-30 12:47:25",\N,"CT0884","428","Jaral de Berrios","13","0",\N,\N
"651","2017-05-13 12:21:06","6C64E1FC775B427ABE31CE80DE9C40A8","2008-01-30 12:47:25",\N,\N,"0","2008-01-30 12:47:25",\N,"CT0885","411","Jaral del Progreso","13","0",\N,\N
"652","2017-05-13 12:21:06","3306A0C89330467EAB00A330057F31DE","2008-01-30 12:47:25",\N,\N,"0","2008-01-30 12:47:25",\N,"CT0886","421","Jerécuaro","13","0",\N,\N
"653","2017-05-13 12:21:06","BEEF2B6723B544079BB1F126DA411369","2008-01-30 12:47:25",\N,\N,"0","2008-01-30 12:47:25",\N,"CT0887","419","Jesús María","13","0",\N,\N
"654","2017-05-13 12:21:06","354E4B85D09C4A858CFA79CDA7030400","2008-01-30 12:47:25",\N,\N,"0","2008-01-30 12:47:25",\N,"CT0888","411","Juan Lucas","13","0",\N,\N
"655","2017-05-13 12:21:06","1CB469BC003F4521B35024BD40026404","2008-01-30 12:47:25",\N,\N,"0","2008-01-30 12:47:25",\N,"CT0889","461","Juan Martín","13","0",\N,\N
"656","2017-05-13 12:21:06","1E0CA3466AE34120B881ED5591451B6B","2008-01-30 12:47:25",\N,\N,"0","2008-01-30 12:47:25",\N,"CT0890","412","Juventino Rosas","13","0",\N,\N
"657","2017-05-13 12:21:06","4C229DA035694F3BA89BAFF600D800AC","2008-01-30 12:47:25",\N,\N,"0","2008-01-30 12:47:25",\N,"CT0891","472","La Aldea","13","0",\N,\N
"658","2017-05-13 12:21:06","1B614FC2FB4A42569C8C59995476FF11","2008-01-30 12:47:25",\N,\N,"0","2008-01-30 12:47:25",\N,"CT0892","462","La Caja","13","0",\N,\N
"659","2017-05-13 12:21:06","0E9A00FDAB3F4632850017CFB122126D","2008-01-30 12:47:25",\N,\N,"0","2008-01-30 12:47:25",\N,"CT0893","411","La Calera (El Canario)","13","0",\N,\N
"660","2017-05-13 12:21:06","8799C22BCDE54EFEBB99ABA035256C67","2008-01-30 12:47:25",\N,\N,"0","2008-01-30 12:47:25",\N,"CT0894","413","La Cuevita","13","0",\N,\N
"661","2017-05-13 12:21:06","D8F7B7F68810490E95003100592C6F02","2008-01-30 12:47:25",\N,\N,"0","2008-01-30 12:47:25",\N,"CT0895","417","La Encarnación","13","0",\N,\N
"662","2017-05-13 12:21:06","433F0D3503BF48C791FB9C8F69016D1C","2008-01-30 12:47:25",\N,\N,"0","2008-01-30 12:47:25",\N,"CT0896","428","La Escondida","13","0",\N,\N
"663","2017-05-13 12:21:06","EFA3D1A356F541869858093BD83DC0F0","2008-01-30 12:47:25",\N,\N,"0","2008-01-30 12:47:25",\N,"CT0897","429","La Joya de Calvillo","13","0",\N,\N
"664","2017-05-13 12:21:06","A9CAA350A37D4BA6ADFB4D6EE7366462","2008-01-30 12:47:25",\N,\N,"0","2008-01-30 12:47:25",\N,"CT0898","462","Laguna Larga","13","0",\N,\N
"665","2017-05-13 12:21:06","1FB56672AE19403F986400CAEEF5DC21","2008-01-30 12:47:25",\N,\N,"0","2008-01-30 12:47:25",\N,"CT0899","469","Lagunillas","13","0",\N,\N
"666","2017-05-13 12:21:06","7DC63DE2B10A425400CEE30552074523","2008-01-30 12:47:25",\N,\N,"0","2008-01-30 12:47:25",\N,"CT0900","462","Las Cañas","13","0",\N,\N
"667","2017-05-13 12:21:06","AB11D661C61648F4B178E026CE7F25CE","2008-01-30 12:47:25",\N,\N,"0","2008-01-30 12:47:25",\N,"CT0901","477","Las Hilamas (El Piedrero)","13","0",\N,\N
"668","2017-05-13 12:21:06","A46F0035CDC34829A7B0F2BB18A16C77","2008-01-30 12:47:25",\N,\N,"0","2008-01-30 12:47:25",\N,"CT0902","462","Las Jicamas","13","0",\N,\N
"669","2017-05-13 12:21:06","759E9ED764AF451C898220EB30274713","2008-01-30 12:47:25",\N,\N,"0","2008-01-30 12:47:25",\N,"CT0903","477","León","13","0",\N,\N
"670","2017-05-13 12:21:06","722C2EC2185F4FDBAB4477D3AFC2C395","2008-01-30 12:47:25",\N,\N,"0","2008-01-30 12:47:25",\N,"CT0904","462","Lo de Juárez","13","0",\N,\N
"671","2017-05-13 12:21:06","EAD2832D304641B285C03E877724004F","2008-01-30 12:47:25",\N,\N,"0","2008-01-30 12:47:25",\N,"CT0905","411","Loma de Zempoala","13","0",\N,\N
"672","2017-05-13 12:21:06","87B7FD1BCA3544CCAD15C4B65BBD8B31","2008-01-30 12:47:25",\N,\N,"0","2008-01-30 12:47:25",\N,"CT0906","417","Loreto (Teresa)","13","0",\N,\N
"673","2017-05-13 12:21:06","1614E52B65DD4E6EBB924D6B4FA74FF3","2008-01-30 12:47:25",\N,\N,"0","2008-01-30 12:47:25",\N,"CT0907","415","Los Frailes","13","0",\N,\N
"674","2017-05-13 12:21:07","C493857CEBBD4D3983168300A252FD48","2008-01-30 12:47:25",\N,\N,"0","2008-01-30 12:47:25",\N,"CT0908","469","Los Ocotes","13","0",\N,\N
"675","2017-05-13 12:21:07","0E13D08A1A19493000F8948DF9551F18","2008-01-30 12:47:25",\N,\N,"0","2008-01-30 12:47:25",\N,"CT0909","415","Los Rodríguez","13","0",\N,\N
"676","2017-05-13 12:21:07","9409F7560F98405EB0C79F47298493AB","2008-01-30 12:47:25",\N,\N,"0","2008-01-30 12:47:25",\N,"CT0910","477","Los Sauces","13","0",\N,\N
"677","2017-05-13 12:21:07","30AFDB8B00A948E68F3697AB55F1A9CE","2008-01-30 12:47:25",\N,\N,"0","2008-01-30 12:47:25",\N,"CT0911","477","Loza de los Padres (La Loza)","13","0",\N,\N
"678","2017-05-13 12:21:07","98AD52CEB7F74C840050D75994A61DE7","2008-01-30 12:47:25",\N,\N,"0","2008-01-30 12:47:25",\N,"CT0912","476","Maguey","13","0",\N,\N
"679","2017-05-13 12:21:07","06D548736B93463DBDB5F78B589B212E","2008-01-30 12:47:25",\N,\N,"0","2008-01-30 12:47:25",\N,"CT0913","473","Marfil","13","0",\N,\N
"680","2017-05-13 12:21:07","5A13DA17BC154A3AACE73B39E508DEBA","2008-01-30 12:47:25",\N,\N,"0","2008-01-30 12:47:25",\N,"CT0914","477","Medina","13","0",\N,\N
"681","2017-05-13 12:21:07","0E9C8C3AE28C4C2AB6FA6F00CCD04624","2008-01-30 12:47:25",\N,\N,"0","2008-01-30 12:47:25",\N,"CT0915","442","Mineral de San Pedro Pozos (Mineral de Pozos)","13","0",\N,\N
"682","2017-05-13 12:21:07","AD1DC9A1C23D4F91BC478C94D30062B5","2008-01-30 12:47:25",\N,\N,"0","2008-01-30 12:47:25",\N,"CT0916","466","Moncada","13","0",\N,\N
"683","2017-05-13 12:21:07","05B72E875A95419AB813D94EC5005328","2008-01-30 12:47:25",\N,\N,"0","2008-01-30 12:47:25",\N,"CT0917","445","Moroleón","13","0",\N,\N
"684","2017-05-13 12:21:07","3D4DAF90167945E3A6000014AC923530","2008-01-30 12:47:25",\N,\N,"0","2008-01-30 12:47:25",\N,"CT0918","412","Neutla","13","0",\N,\N
"685","2017-05-13 12:21:07","71700273246A48E49DC900B699F58F41","2008-01-30 12:47:25",\N,\N,"0","2008-01-30 12:47:25",\N,"CT0919","415","Nigromante","13","0",\N,\N
"686","2017-05-13 12:21:07","CAFC6FC38743496FA210CCA068179984","2008-01-30 12:47:25",\N,\N,"0","2008-01-30 12:47:25",\N,"CT0920","472","Nuevo México","13","0",\N,\N
"687","2017-05-13 12:21:07","9C0D8F73FD5E495783ABAFDBE96B6517","2008-01-30 12:47:25",\N,\N,"0","2008-01-30 12:47:25",\N,"CT0921","417","Obrajuelo","13","0",\N,\N
"688","2017-05-13 12:21:07","EAF51DDB308B4DA9A7B08500B8CDA955","2008-01-30 12:47:25",\N,\N,"0","2008-01-30 12:47:25",\N,"CT0922","428","Ocampo","13","0",\N,\N
"689","2017-05-13 12:21:07","6B02DCF6BF7B4E8AB5F093AF62F22637","2008-01-30 12:47:25",\N,\N,"0","2008-01-30 12:47:25",\N,"CT0923","411","Ochomitas","13","0",\N,\N
"690","2017-05-13 12:21:07","C7F8F8CEFF4F40358B746857ADA4331B","2008-01-30 12:47:25",\N,\N,"0","2008-01-30 12:47:25",\N,"CT0924","466","Ojo de Agua de Ballesteros","13","0",\N,\N
"691","2017-05-13 12:21:07","D09ECA53C9854AEFB1EA8F00A7C9A881","2008-01-30 12:47:25",\N,\N,"0","2008-01-30 12:47:25",\N,"CT0925","469","Ordeñita de Barajas (Ordeña de Barajas)","13","0",\N,\N
"692","2017-05-13 12:21:07","F70055F729CF427CB2B4459040816E82","2008-01-30 12:47:25",\N,\N,"0","2008-01-30 12:47:25",\N,"CT0926","412","Orduña de Arriba","13","0",\N,\N
"693","2017-05-13 12:21:07","EDE88691BD7A48F6B4140873D77B6972","2008-01-30 12:47:25",\N,\N,"0","2008-01-30 12:47:25",\N,"CT0927","469","Palo Alto de Abajo","13","0",\N,\N
"694","2017-05-13 12:21:07","AAA3AA0302EE4279B84CDC238D6DC82D","2008-01-30 12:47:25",\N,\N,"0","2008-01-30 12:47:25",\N,"CT0928","469","Palo Verde","13","0",\N,\N
"695","2017-05-13 12:21:07","1723CB5FE0264C1AB5CEB1EC4F83CF4F","2008-01-30 12:47:25",\N,\N,"0","2008-01-30 12:47:25",\N,"CT0929","417","Parácuaro","13","0",\N,\N
"696","2017-05-13 12:21:07","06A722C1293A423691E8B568CF37CEFC","2008-01-30 12:47:25",\N,\N,"0","2008-01-30 12:47:25",\N,"CT0930","469","Pénjamo","13","0",\N,\N
"697","2017-05-13 12:21:07","720A2C4B76684AD49F5100ED3B8F1F5D","2008-01-30 12:47:25",\N,\N,"0","2008-01-30 12:47:25",\N,"CT0931","429","Peralta","13","0",\N,\N
"698","2017-05-13 12:21:07","FD465A1127DA4CA1A757535C99AA00FD","2008-01-30 12:47:25",\N,\N,"0","2008-01-30 12:47:25",\N,"CT0932","445","Piñicuaro","13","0",\N,\N
"699","2017-05-13 12:21:07","682F5B9942234A4391A52D661441F877","2008-01-30 12:47:25",\N,\N,"0","2008-01-30 12:47:25",\N,"CT0933","477","Plan de Ayala (Santa Rosa)","13","0",\N,\N
"700","2017-05-13 12:21:07","A55F317867E640BC98B2D6596F09B700","2008-01-30 12:47:25",\N,\N,"0","2008-01-30 12:47:25",\N,"CT0934","412","Pozos CD. Porfirio Díaz (Mineral)","13","0",\N,\N
"701","2017-05-13 12:21:07","0601B78E3C1943908BE88BB2522FDAC8","2008-01-30 12:47:25",\N,\N,"0","2008-01-30 12:47:25",\N,"CT0935","461","Praderas de la Hacienda (Antillón)","13","0",\N,\N
"702","2017-05-13 12:21:07","100991208B354EAF811BB6F7EA462FBE","2008-01-30 12:47:25",\N,\N,"0","2008-01-30 12:47:25",\N,"CT0936","429","Pueblo Nuevo","13","0",\N,\N
"703","2017-05-13 12:21:07","81DBE219281E4A7697E51F3BB123DBEB","2008-01-30 12:47:25",\N,\N,"0","2008-01-30 12:47:25",\N,"CT0937","473","Puentecillas","13","0",\N,\N
"704","2017-05-13 12:21:07","1F0D7F5479884873AA19E18E36A9B481","2008-01-30 12:47:25",\N,\N,"0","2008-01-30 12:47:25",\N,"CT0938","456","Puerta de Andaracua","13","0",\N,\N
"705","2017-05-13 12:21:07","43D3E9A4DBCB4EC89F7C67BE577371E1","2008-01-30 12:47:25",\N,\N,"0","2008-01-30 12:47:25",\N,"CT0939","476","Purísima de Bustos","13","0",\N,\N
"706","2017-05-13 12:21:07","70B3D6475ED5435F8400725967EFECD1","2008-01-30 12:47:25",\N,\N,"0","2008-01-30 12:47:25",\N,"CT0940","429","Rancho Nuevo de la Cruz","13","0",\N,\N
"707","2017-05-13 12:21:07","1EA71CDB30F14C4CA77F34001651A8C3","2008-01-30 12:47:25",\N,\N,"0","2008-01-30 12:47:25",\N,"CT0941","456","Rancho Nuevo de San Andrés","13","0",\N,\N
"708","2017-05-13 12:21:07","2D3CBAF980054FC09E6CC278719243BD","2008-01-30 12:47:25",\N,\N,"0","2008-01-30 12:47:25",\N,"CT0942","456","Rancho Seco de Guantes","13","0",\N,\N
"709","2017-05-13 12:21:07","9F1BB4F0AE264E4DA5E308D7D9153E8B","2008-01-30 12:47:25",\N,\N,"0","2008-01-30 12:47:25",\N,"CT0943","461","Rincón de Tamayo","13","0",\N,\N
"710","2017-05-13 12:21:08","87C167073B3642D0857E4DA16B4BD93C","2008-01-30 12:47:25",\N,\N,"0","2008-01-30 12:47:25",\N,"CT0944","418","Río Laja","13","0",\N,\N
"711","2017-05-13 12:21:08","DD5BDF0970084FFF805EF25F00F0F0C6","2008-01-30 12:47:25",\N,\N,"0","2008-01-30 12:47:25",\N,"CT0945","432","Romita","13","0",\N,\N
"712","2017-05-13 12:21:08","C4B1B99D91844DFC995012ADC8B9CD31","2008-01-30 12:47:25",\N,\N,"0","2008-01-30 12:47:25",\N,"CT0946","464","Salamanca","13","0",\N,\N
"713","2017-05-13 12:21:08","0630B496D7F245FDB0D96BE851C2BD9B","2008-01-30 12:47:25",\N,\N,"0","2008-01-30 12:47:25",\N,"CT0947","466","Salvatierra","13","0",\N,\N
"714","2017-05-13 12:21:08","B032120F74294486A86264AFC8D42B24","2008-01-30 12:47:25",\N,\N,"0","2008-01-30 12:47:25",\N,"CT0948","462","San Antonio de Mogotes","13","0",\N,\N
"715","2017-05-13 12:21:08","13A539C6097D4091BFD4DD6634AB8015","2008-01-30 12:47:25",\N,\N,"0","2008-01-30 12:47:25",\N,"CT0949","476","San Cristóbal (El Cerrito)","13","0",\N,\N
"716","2017-05-13 12:21:08","43AA5C06B93640ACB6DD2245A1D7F5AC","2008-01-30 12:47:25",\N,\N,"0","2008-01-30 12:47:25",\N,"CT0950","429","San Cristóbal de Ayala (San Cristóbal)","13","0",\N,\N
"717","2017-05-13 12:21:08","609BE0B28D644CB28BA1C9FE71249D76","2008-01-30 12:47:25",\N,\N,"0","2008-01-30 12:47:25",\N,"CT0951","418","San Diego de la Unión","13","0",\N,\N
"718","2017-05-13 12:21:08","0623F4D6C25A45CB9092D69930458300","2008-01-30 12:47:25",\N,\N,"0","2008-01-30 12:47:25",\N,"CT0952","469","San Felipe (El Chilarillo)","13","0",\N,\N
"719","2017-05-13 12:21:08","D43B09EC08144A0C8113AFF2A00632BD","2008-01-30 12:47:25",\N,\N,"0","2008-01-30 12:47:25",\N,"CT0953","428","San Felipe Guanajuato","13","0",\N,\N
"720","2017-05-13 12:21:08","24FA5D74F60C456898883F1810EC86D1","2008-01-30 12:47:25",\N,\N,"0","2008-01-30 12:47:25",\N,"CT0954","476","San Francisco del Rincón","13","0",\N,\N
"721","2017-05-13 12:21:08","EA5DD18DC4444ABA8C71B3D0BDBCEB44","2008-01-30 12:47:25",\N,\N,"0","2008-01-30 12:47:25",\N,"CT0955","469","San Gabriel (San Gabriel y San Ignacio)","13","0",\N,\N
"722","2017-05-13 12:21:08","621BF3D993AB48C7A9E4A4F6CAB8123B","2008-01-30 12:47:25",\N,\N,"0","2008-01-30 12:47:25",\N,"CT0956","411","San José de Gracia","13","0",\N,\N
"723","2017-05-13 12:21:08","F42806C84D66418481C36C05749958CE","2008-01-30 12:47:25",\N,\N,"0","2008-01-30 12:47:25",\N,"CT0957","412","San José de Merino","13","0",\N,\N
"724","2017-05-13 12:21:08","BDE24A56F48B474D8C876C14C4C97CA9","2008-01-30 12:47:25",\N,\N,"0","2008-01-30 12:47:25",\N,"CT0958","419","San José Iturbide","13","0",\N,\N
"725","2017-05-13 12:21:08","E80B0FDF2CF1431BB0AD345B2F9466D1","2008-01-30 12:47:25",\N,\N,"0","2008-01-30 12:47:25",\N,"CT0959","464","San José Temascatio","13","0",\N,\N
"726","2017-05-13 12:21:08","8CFB52B336894FEF9B24EAC7DB122033","2008-01-30 12:47:25",\N,\N,"0","2008-01-30 12:47:25",\N,"CT0960","461","San Juan de la Vega","13","0",\N,\N
"727","2017-05-13 12:21:08","F989F85CB9944069B81549634152C117","2008-01-30 12:47:25",\N,\N,"0","2008-01-30 12:47:25",\N,"CT0961","413","San Juan del Llanito","13","0",\N,\N
"728","2017-05-13 12:21:08","646F98ED631044EB9D6060C15B6F0078","2008-01-30 12:47:25",\N,\N,"0","2008-01-30 12:47:25",\N,"CT0962","468","San Luis de la Paz","13","0",\N,\N
"729","2017-05-13 12:21:08","6B161CE1067D4E82B6A4A96541A98C67","2008-01-30 12:47:25",\N,\N,"0","2008-01-30 12:47:25",\N,"CT0963","417","San Mateo Tocuaro (Tocuaro)","13","0",\N,\N
"730","2017-05-13 12:21:08","A6847D82EDBC4FC48BF0AB90826368A8","2008-01-30 12:47:25",\N,\N,"0","2008-01-30 12:47:25",\N,"CT0964","415","San Miguel de Allende","13","0",\N,\N
"731","2017-05-13 12:21:08","CCF43D3AA39748DD9C369CB380120017","2008-01-30 12:47:25",\N,\N,"0","2008-01-30 12:47:25",\N,"CT0965","466","San Miguel Emenguaro (Emenguaro)","13","0",\N,\N
"732","2017-05-13 12:21:08","03018CF83F434410AE29712500A79549","2008-01-30 12:47:25",\N,\N,"0","2008-01-30 12:47:25",\N,"CT0966","461","San Miguel Octopan","13","0",\N,\N
"733","2017-05-13 12:21:08","57703EAA9E9447D100D1C7D622EE5BC7","2008-01-30 12:47:25",\N,\N,"0","2008-01-30 12:47:25",\N,"CT0967","466","San Nicolás de la Condesa","13","0",\N,\N
"734","2017-05-13 12:21:08","8F962CED09DA4DAB99AB421211A12806","2008-01-30 12:47:25",\N,\N,"0","2008-01-30 12:47:25",\N,"CT0968","466","San Nicolás de los Agustinos","13","0",\N,\N
"735","2017-05-13 12:21:08","E0871E2AF3884F7F9DB59D4C193750B6","2008-01-30 12:47:25",\N,\N,"0","2008-01-30 12:47:25",\N,"CT0969","411","San Pablo Casacuarán (San Pablo)","13","0",\N,\N
"736","2017-05-13 12:21:08","4BF1B17858344213B9E9D1A03735ED73","2008-01-30 12:47:25",\N,\N,"0","2008-01-30 12:47:25",\N,"CT0970","466","San Pablo Pejo (San Pablo)","13","0",\N,\N
"737","2017-05-13 12:21:08","02D95F667D314E9CA35F4C009B4B31EC","2008-01-30 12:47:25",\N,\N,"0","2008-01-30 12:47:25",\N,"CT0971","466","San Pedro de los Naranjos","13","0",\N,\N
"738","2017-05-13 12:21:08","F9EB18F5FC104DC9954F4E000707DAC2","2008-01-30 12:47:25",\N,\N,"0","2008-01-30 12:47:25",\N,"CT0972","413","San Pedro Tenango El Viejo","13","0",\N,\N
"739","2017-05-13 12:21:09","18712E3611424CD1B06BCD1BF9123376","2008-01-30 12:47:25",\N,\N,"0","2008-01-30 12:47:25",\N,"CT0973","476","San Roque de Montes (San Roque)","13","0",\N,\N
"740","2017-05-13 12:21:09","9FBFFF9583A04D22AA7BFD627161F24F","2008-01-30 12:47:25",\N,\N,"0","2008-01-30 12:47:25",\N,"CT0974","462","San Roque","13","0",\N,\N
"741","2017-05-13 12:21:09","59FBD42BF0654D3C9FFEF296FF68C918","2008-01-30 12:47:25",\N,\N,"0","2008-01-30 12:47:25",\N,"CT0975","411","San Salvador Torrecillas","13","0",\N,\N
"742","2017-05-13 12:21:09","F603442B8AF9423F863F2215D7F8532B","2008-01-30 12:47:25",\N,\N,"0","2008-01-30 12:47:25",\N,"CT0976","419","Santa Catarina","13","0",\N,\N
"743","2017-05-13 12:21:09","B830898605B94E97BE24BE58A9F2D5A8","2008-01-30 12:47:25",\N,\N,"0","2008-01-30 12:47:25",\N,"CT0977","411","Santa Mónica Ozumbilla (Ozumbilla)","13","0",\N,\N
"744","2017-05-13 12:21:09","1D6F7BC9924C4A07A0006F40AC182049","2008-01-30 12:47:25",\N,\N,"0","2008-01-30 12:47:25",\N,"CT0978","411","Santa Rosa","13","0",\N,\N
"745","2017-05-13 12:21:09","F2028D7FFA2B4F5394353CA489995102","2008-01-30 12:47:25",\N,\N,"0","2008-01-30 12:47:25",\N,"CT0979","473","Santa Teresa","13","0",\N,\N
"746","2017-05-13 12:21:09","38289F22C52941A58EE7EDC8B16BBA24","2008-01-30 12:47:25",\N,\N,"0","2008-01-30 12:47:25",\N,"CT0980","415","Santas Marías","13","0",\N,\N
"747","2017-05-13 12:21:09","B958E7CDCAAE41308236FEDDDA3FBECF","2008-01-30 12:47:25",\N,\N,"0","2008-01-30 12:47:25",\N,"CT0981","412","Santiago de Cuenda","13","0",\N,\N
"748","2017-05-13 12:21:09","C59B697C27CD400A9745E43673935E1E","2008-01-30 12:47:25",\N,\N,"0","2008-01-30 12:47:25",\N,"CT0982","466","Santiago Maravatío","13","0",\N,\N
"749","2017-05-13 12:21:09","A189F6C5B2AE432986612241A66309C0","2008-01-30 12:47:25",\N,\N,"0","2008-01-30 12:47:25",\N,"CT0983","411","Sarabia","13","0",\N,\N
"750","2017-05-13 12:21:09","22FA58878FB6445BB6FD39F255216D1E","2008-01-30 12:47:25",\N,\N,"0","2008-01-30 12:47:25",\N,"CT0984","472","Silao","13","0",\N,\N
"751","2017-05-13 12:21:09","D72B38A7060444779BA2C2B87E217CC5","2008-01-30 12:47:25",\N,\N,"0","2008-01-30 12:47:25",\N,"CT0985","469","Tacubaya","13","0",\N,\N
"752","2017-05-13 12:21:09","9C09623ED2744003ACCB9E3F9C9BFF88","2008-01-30 12:47:25",\N,\N,"0","2008-01-30 12:47:25",\N,"CT0986","421","Tarandacuao","13","0",\N,\N
"753","2017-05-13 12:21:09","33BBCDADB96A4274B2F5FFFE49EDB493","2008-01-30 12:47:25",\N,\N,"0","2008-01-30 12:47:25",\N,"CT0987","466","Tarimoro","13","0",\N,\N
"754","2017-05-13 12:21:09","62C8892C871844EB88383CC98458502F","2008-01-30 12:47:25",\N,\N,"0","2008-01-30 12:47:25",\N,"CT0988","462","Tomelopitos","13","0",\N,\N
"755","2017-05-13 12:21:09","336A60E30A07491097FB3C4DEDE6CBE6","2008-01-30 12:47:25",\N,\N,"0","2008-01-30 12:47:25",\N,"CT0989","445","Uriangato","13","0",\N,\N
"756","2017-05-13 12:21:09","D2FFA09D141F428FBC09B0D52B816257","2008-01-30 12:47:25",\N,\N,"0","2008-01-30 12:47:25",\N,"CT0990","456","Valle de Santiago","13","0",\N,\N
"757","2017-05-13 12:21:09","B0C8615D2AD44EBEA59DA3E4ECB84722","2008-01-30 12:47:25",\N,\N,"0","2008-01-30 12:47:25",\N,"CT0991","464","Valtierrilla","13","0",\N,\N
"758","2017-05-13 12:21:09","D26242447EF7442AB74CF1781826C987","2008-01-30 12:47:25",\N,\N,"0","2008-01-30 12:47:25",\N,"CT0992","419","Victoria","13","0",\N,\N
"759","2017-05-13 12:21:09","BB0A7E5C275745EEA24B00D50369C4DF","2008-01-30 12:47:25",\N,\N,"0","2008-01-30 12:47:25",\N,"CT0993","411","Villagrán","13","0",\N,\N
"760","2017-05-13 12:21:09","03279221B3804EDE936F09E28E89D8D5","2008-01-30 12:47:25",\N,\N,"0","2008-01-30 12:47:25",\N,"CT0994","462","Villas de Irapuato","13","0",\N,\N
"761","2017-05-13 12:21:09","89F2EDC564724B9AA0711F83345CB6E8","2008-01-30 12:47:25",\N,\N,"0","2008-01-30 12:47:25",\N,"CT0995","445","Yuriria","13","0",\N,\N
"762","2017-05-13 12:21:09","A4DE7F4123334C51902E1348921421BB","2008-01-30 12:47:25",\N,\N,"0","2008-01-30 12:47:25",\N,"CT0996","461","Yustis","13","0",\N,\N
"763","2017-05-13 12:21:09","D2BF18A55DB24FA4832BAD8EA4BD96B1","2008-01-30 12:47:25",\N,\N,"0","2008-01-30 12:47:25",\N,"CT0997","432","Zapote de Adjuntas","13","0",\N,\N
"764","2017-05-13 12:21:09","70C506D3FCED4E4D863BB55D9900EA38","2008-01-30 12:47:25",\N,\N,"0","2008-01-30 12:47:25",\N,"CT0998","429","Zapote de Peralta","13","0",\N,\N
"765","2017-05-13 12:21:09","DEA7759B411F4C1EBB5440F6B0FD67AD","2008-01-30 12:47:25",\N,\N,"0","2008-01-30 12:47:25",\N,"CT0999","411","Zapotitos","13","0",\N,\N
"766","2017-05-13 12:21:09","EBF58CE8E1814DD900836310B3384909","2008-01-30 12:47:25",\N,\N,"0","2008-01-30 12:47:25",\N,"CT1000","775","Acatlán","14","0",\N,\N
"767","2017-05-13 12:21:09","E9724674988A48F5803834AE70364EBE","2008-01-30 12:47:25",\N,\N,"0","2008-01-30 12:47:25",\N,"CT1001","776","Acaxochitlán","14","0",\N,\N
"768","2017-05-13 12:21:09","889E151352B241F6AF5E93CFF1357585","2008-01-30 12:47:25",\N,\N,"0","2008-01-30 12:47:25",\N,"CT1002","772","Actopan","14","0",\N,\N
"769","2017-05-13 12:21:09","34F9FDCFF1AF4176BCAF3557D6A452B4","2008-01-30 12:47:25",\N,\N,"0","2008-01-30 12:47:25",\N,"CT1003","774","Agua Blanca Iturbide","14","0",\N,\N
"770","2017-05-13 12:21:09","FB369A273AF847319E4B001B92F9DC99","2008-01-30 12:47:25",\N,\N,"0","2008-01-30 12:47:25",\N,"CT1004","778","Ajacuba","14","0",\N,\N
"771","2017-05-13 12:21:09","C5EF1BE121FB490CB57EDDD6E60304CC","2008-01-30 12:47:25",\N,\N,"0","2008-01-30 12:47:25",\N,"CT1005","738","Alfajayucan","14","0",\N,\N
"772","2017-05-13 12:21:09","55CFCC976A954512AB14E95BC9A2F617","2008-01-30 12:47:25",\N,\N,"0","2008-01-30 12:47:25",\N,"CT1006","748","Almoloya","14","0",\N,\N
"773","2017-05-13 12:21:09","F3FA8DBB6F0A452600ABF1D701772D27","2008-01-30 12:47:25",\N,\N,"0","2008-01-30 12:47:25",\N,"CT1007","748","Apan","14","0",\N,\N
"774","2017-05-13 12:21:09","FDA1F1AE0B55497B0041B4F69F3187AA","2008-01-30 12:47:25",\N,\N,"0","2008-01-30 12:47:25",\N,"CT1008","778","Atitalaquia","14","0",\N,\N
"775","2017-05-13 12:21:09","3AEDCCDF992242B7B319E8D37176963B","2008-01-30 12:47:25",\N,\N,"0","2008-01-30 12:47:25",\N,"CT1102","775","Tulancingo","14","0",\N,\N
"776","2017-05-13 12:21:09","9BD0BBCB226740DA8620FB00F0FA971C","2008-01-30 12:47:25",\N,\N,"0","2008-01-30 12:47:25",\N,"CT1103","743","Villa Tezontepec","14","0",\N,\N
"777","2017-05-13 12:21:10","47EB900E16354836BC3DCC80ADE3B0D3","2008-01-30 12:47:25",\N,\N,"0","2008-01-30 12:47:25",\N,"CT1104","738","Xochitlán","14","0",\N,\N
"778","2017-05-13 12:21:10","208DD2586BB64BA296AEB4E4ECE85BFE","2008-01-30 12:47:25",\N,\N,"0","2008-01-30 12:47:25",\N,"CT1105","772","Yolotepec","14","0",\N,\N
"779","2017-05-13 12:21:10","5F36C6673D7F47A0ADB069B8639354C7","2008-01-30 12:47:25",\N,\N,"0","2008-01-30 12:47:25",\N,"CT1106","774","Zacualtipán","14","0",\N,\N
"780","2017-05-13 12:21:10","B60DB73DC07A49A5BEF800D41CFE8FD3","2008-01-30 12:47:25",\N,\N,"0","2008-01-30 12:47:25",\N,"CT1107","743","Zapotlán de Juárez","14","0",\N,\N
"781","2017-05-13 12:21:10","199F23C7B0F44C4280F71EF726103F01","2008-01-30 12:47:25",\N,\N,"0","2008-01-30 12:47:25",\N,"CT1108","743","Zempoala","14","0",\N,\N
"782","2017-05-13 12:21:10","10181CD877DF4FBBB0A86B5F77CAFA68","2008-01-30 12:47:25",\N,\N,"0","2008-01-30 12:47:25",\N,"CT1109","759","Zimapán","14","0",\N,\N
"783","2017-05-13 12:21:10","336205AAADCA454CB546A4FBB188E739","2008-01-30 12:47:25",\N,\N,"0","2008-01-30 12:47:25",\N,"CT1110","315","Barra de Navidad","15","0",\N,\N
"784","2017-05-13 12:21:10","44620A792DE84F8CB02383223316831C","2008-01-30 12:47:25",\N,\N,"0","2008-01-30 12:47:25",\N,"CT1111","326","Barranca de Otates","15","0",\N,\N
"785","2017-05-13 12:21:10","212610048A434C57A21C17849591CFC1","2008-01-30 12:47:25",\N,\N,"0","2008-01-30 12:47:25",\N,"CT1112","326","Barranca de Santa Clara (Barranca de Enmedio)","15","0",\N,\N
"786","2017-05-13 12:21:10","74C82BB4763F4919A8935EDE403E08E5","2008-01-30 12:47:25",\N,\N,"0","2008-01-30 12:47:25",\N,"CT1113","33","Base Aérea Militar No. 5","15","0",\N,\N
"787","2017-05-13 12:21:10","7301243A5E654FD5B1F399CA67773CD3","2008-01-30 12:47:25",\N,\N,"0","2008-01-30 12:47:25",\N,"CT1114","346","Belén del Refugio","15","0",\N,\N
"788","2017-05-13 12:21:10","B0C919EBDF994D0BB2F5FFE7002416D1","2008-01-30 12:47:25",\N,\N,"0","2008-01-30 12:47:25",\N,"CT1115","387","Bellavista","15","0",\N,\N
"789","2017-05-13 12:21:10","62242B54D4824172962578B526469352","2008-01-30 12:47:25",\N,\N,"0","2008-01-30 12:47:25",\N,"CT1116","345","Betania","15","0",\N,\N
"790","2017-05-13 12:21:10","BD237ADD29C64CF0BCE2466820A3D3F2","2008-01-30 12:47:25",\N,\N,"0","2008-01-30 12:47:25",\N,"CT1117","474","Betulia","15","0",\N,\N
"791","2017-05-13 12:21:10","FB5405FF987F46ACAAB85E43C002A592","2008-01-30 12:47:25",\N,\N,"0","2008-01-30 12:47:25",\N,"CT1118","385","Buenavista","15","0",\N,\N
"792","2017-05-13 12:21:10","D4D065188A2C45E28D074529130023D2","2008-01-30 12:47:25",\N,\N,"0","2008-01-30 12:47:25",\N,"CT1119","33","Cajititlán","15","0",\N,\N
"793","2017-05-13 12:21:10","5009FCDE30DE4D4083DB01AB3768B545","2008-01-30 12:47:25",\N,\N,"0","2008-01-30 12:47:25",\N,"CT1120","322","Campamento Sarh","15","0",\N,\N
"794","2017-05-13 12:21:10","E9B529E39C8E4924AD10E4EB0000A9E3","2008-01-30 12:47:25",\N,\N,"0","2008-01-30 12:47:25",\N,"CT1121","322","Campo Acosta","15","0",\N,\N
"795","2017-05-13 12:21:10","3FC6AE5764B64204919C7874216F971D","2008-01-30 12:47:25",\N,\N,"0","2008-01-30 12:47:25",\N,"CT1122","431","Cañadas de Obregón","15","0",\N,\N
"796","2017-05-13 12:21:10","2F0B765608484A129D764D0027588DD9","2008-01-30 12:47:25",\N,\N,"0","2008-01-30 12:47:25",\N,"CT1123","378","Capilla de Guadalupe","15","0",\N,\N
"797","2017-05-13 12:21:10","EBD216435B2B402F97C0DE5E01EC5096","2008-01-30 12:47:25",\N,\N,"0","2008-01-30 12:47:25",\N,"CT1124","378","Capilla de Milpillas (Milpillas)","15","0",\N,\N
"798","2017-05-13 12:21:10","7038BB2652C74AF9B86D595C2612EC72","2008-01-30 12:47:25",\N,\N,"0","2008-01-30 12:47:25",\N,"CT1125","315","Careyes","15","0",\N,\N
"799","2017-05-13 12:21:10","834E45170C274E77B155850311A95F4C","2008-01-30 12:47:25",\N,\N,"0","2008-01-30 12:47:25",\N,"CT1126","357","Casimiro Castillo","15","0",\N,\N
"800","2017-05-13 12:21:10","5002DB38E92A44369534ED8D4512009F","2008-01-30 12:47:25",\N,\N,"0","2008-01-30 12:47:25",\N,"CT1127","376","Chapala","15","0",\N,\N
"801","2017-05-13 12:21:10","3F20DCD5B7E24707A4FB03B47370738B","2008-01-30 12:47:25",\N,\N,"0","2008-01-30 12:47:25",\N,"CT1128","437","Chimaltitán","15","0",\N,\N
"802","2017-05-13 12:21:10","4E3A5E249BF340429C9E576508C6EDF7","2008-01-30 12:47:25",\N,\N,"0","2008-01-30 12:47:25",\N,"CT1129","385","Chiquilistlán","15","0",\N,\N
"803","2017-05-13 12:21:10","269C1D5416AC4A928DD040F6EC5D009E","2008-01-30 12:47:25",\N,\N,"0","2008-01-30 12:47:25",\N,"CT1130","315","Cihuatlán","15","0",\N,\N
"804","2017-05-13 12:21:10","BADBA17FD6BC4A8F9FF336E5B3DB7446","2008-01-30 12:47:25",\N,\N,"0","2008-01-30 12:47:25",\N,"CT1131","372","Citala","15","0",\N,\N
"805","2017-05-13 12:21:10","9D157843F5174AB49DF3B9EC7959DC20","2008-01-30 12:47:25",\N,\N,"0","2008-01-30 12:47:25",\N,"CT1132","341","Ciudad Guzmán","15","0",\N,\N
"806","2017-05-13 12:21:10","11072119694C4F059E7C2721DF90FFD2","2008-01-30 12:47:25",\N,\N,"0","2008-01-30 12:47:25",\N,"CT1133","33","Club de Golf Santa Anita","15","0",\N,\N
"807","2017-05-13 12:21:10","A4AC0B62FBFA4DF3B900FD9CA6855CB0","2008-01-30 12:47:25",\N,\N,"0","2008-01-30 12:47:25",\N,"CT1134","377","Cocula","15","0",\N,\N
"808","2017-05-13 12:21:10","0C70D2C533FB4E399377A7C9479C9CA3","2008-01-30 12:47:25",\N,\N,"0","2008-01-30 12:47:25",\N,"CT1135","372","Cofradía","15","0",\N,\N
"809","2017-05-13 12:21:10","EBC9FCFE35C54BDFA093A28D4C8EB494","2008-01-30 12:47:25",\N,\N,"0","2008-01-30 12:47:25",\N,"CT1136","499","Colotlan","15","0",\N,\N
"810","2017-05-13 12:21:10","C574008F1298435A9BD570DF3C003BA0","2008-01-30 12:47:25",\N,\N,"0","2008-01-30 12:47:25",\N,"CT1137","372","Concepción de Buenos Aires","15","0",\N,\N
"811","2017-05-13 12:21:10","91C1A2C867584A90BB6377E351A355A3","2008-01-30 12:47:25",\N,\N,"0","2008-01-30 12:47:25",\N,"CT1138","357","Cuautitlán","15","0",\N,\N
"812","2017-05-13 12:21:10","2283E961DA274BE4B3C8006C2824E741","2008-01-30 12:47:25",\N,\N,"0","2008-01-30 12:47:25",\N,"CT1139","316","Cuautla","15","0",\N,\N
"813","2017-05-13 12:21:11","20011F4E415A479DBC2BD803FAD50076","2008-01-30 12:47:25",\N,\N,"0","2008-01-30 12:47:25",\N,"CT1140","373","Cuquio","15","0",\N,\N
"814","2017-05-13 12:21:11","55C98BDAE696490BBADAF600238D4300","2008-01-30 12:47:25",\N,\N,"0","2008-01-30 12:47:25",\N,"CT1141","345","Degollado","15","0",\N,\N
"815","2017-05-13 12:21:11","B83A30165845467286E1BFF9E916F18E","2008-01-30 12:47:25",\N,\N,"0","2008-01-30 12:47:25",\N,"CT1142","343","Ejutla","15","0",\N,\N
"816","2017-05-13 12:21:11","5643EAD964974184BA3B1E9E76AE06DB","2008-01-30 12:47:25",\N,\N,"0","2008-01-30 12:47:25",\N,"CT1143","374","El Arenal","15","0",\N,\N
"817","2017-05-13 12:21:11","98EEC18185D140848D7620EF246DE43D","2008-01-30 12:47:25",\N,\N,"0","2008-01-30 12:47:25",\N,"CT1144","386","El Carmen","15","0",\N,\N
"818","2017-05-13 12:21:11","BE79AC1460744235A087BF06A438D0AE","2008-01-30 12:47:25",\N,\N,"0","2008-01-30 12:47:25",\N,"CT1145","317","El Chante","15","0",\N,\N
"819","2017-05-13 12:21:11","B86275E0364A4E0886C78EA17301FA92","2008-01-30 12:47:25",\N,\N,"0","2008-01-30 12:47:25",\N,"CT1146","321","El Grullo","15","0",\N,\N
"820","2017-05-13 12:21:11","0539AAA02FE84A3CBF490058EE739DC4","2008-01-30 12:47:25",\N,\N,"0","2008-01-30 12:47:25",\N,"CT1147","343","El Jazmín","15","0",\N,\N
"821","2017-05-13 12:21:11","A2A8FB61A50F4209AECD19F094504D82","2008-01-30 12:47:25",\N,\N,"0","2008-01-30 12:47:25",\N,"CT1148","321","El Limón","15","0",\N,\N
"822","2017-05-13 12:21:11","366E45F92A4244AEB069D4E4C5DD3FC3","2008-01-30 12:47:25",\N,\N,"0","2008-01-30 12:47:25",\N,"CT1149","474","El Puesto","15","0",\N,\N
"823","2017-05-13 12:21:11","29A8683ABD1E4A8FAAC51F72FB876040","2008-01-30 12:47:25",\N,\N,"0","2008-01-30 12:47:25",\N,"CT1150","385","El Salitre","15","0",\N,\N
"824","2017-05-13 12:21:11","91434B391AD3419EA2B8E0E8E852C92B","2008-01-30 12:47:25",\N,\N,"0","2008-01-30 12:47:25",\N,"CT1151","33","El Salto","15","0",\N,\N
"825","2017-05-13 12:21:11","85A9B67516EA41029389C8424B90E053","2008-01-30 12:47:25",\N,\N,"0","2008-01-30 12:47:25",\N,"CT1152","374","El Salvador","15","0",\N,\N
"826","2017-05-13 12:21:11","93F407EAA1E64365A9441D5710E02352","2008-01-30 12:47:25",\N,\N,"0","2008-01-30 12:47:25",\N,"CT1153","322","El Tuito","15","0",\N,\N
"827","2017-05-13 12:21:11","806C8CF68A864EBF88EA54CCBFAD88DD","2008-01-30 12:47:25",\N,\N,"0","2008-01-30 12:47:25",\N,"CT1154","475","Encarnación de Díaz","15","0",\N,\N
"828","2017-05-13 12:21:11","53B343D02A024C92ACF8B4E82032816B","2008-01-30 12:47:25",\N,\N,"0","2008-01-30 12:47:25",\N,"CT1155","377","Estipac","15","0",\N,\N
"829","2017-05-13 12:21:11","9551DBE3E18E4318BF371E83CD2D0000","2008-01-30 12:47:25",\N,\N,"0","2008-01-30 12:47:25",\N,"CT1156","386","Etzatlán","15","0",\N,\N
"830","2017-05-13 12:21:11","8B65A5E659434607934788BFA4006534","2008-01-30 12:47:25",\N,\N,"0","2008-01-30 12:47:25",\N,"CT1157","391","Francisco Javier Mina","15","0",\N,\N
"831","2017-05-13 12:21:11","9D0913A92DE84B53AF7C048132B85600","2008-01-30 12:47:25",\N,\N,"0","2008-01-30 12:47:25",\N,"CT1158","341","Gómez Farías","15","0",\N,\N
"832","2017-05-13 12:21:11","F3DC096B007B4639A855F51EE3EDDD7D","2008-01-30 12:47:25",\N,\N,"0","2008-01-30 12:47:25",\N,"CT1159","388","Guachinango","15","0",\N,\N
"833","2017-05-13 12:21:11","1B5E8D3C383144FDBA984978C22DE1BF","2008-01-30 12:47:25",\N,\N,"0","2008-01-30 12:47:25",\N,"CT1160","33","Guadalajara","15","0",\N,\N
"834","2017-05-13 12:21:11","D44A43921C0242828D2557B1EE47E553","2008-01-30 12:47:25",\N,\N,"0","2008-01-30 12:47:25",\N,"CT1161","386","Hostotipaquillo","15","0",\N,\N
"835","2017-05-13 12:21:11","88AC8D16E85140AAAB38A53B57BA0059","2008-01-30 12:47:25",\N,\N,"0","2008-01-30 12:47:25",\N,"CT1162","345","Huascato","15","0",\N,\N
"836","2017-05-13 12:21:11","3AAE284B04BB435EAD59EFCD27601333","2008-01-30 12:47:25",\N,\N,"0","2008-01-30 12:47:25",\N,"CT1163","457","Huejucar","15","0",\N,\N
"837","2017-05-13 12:21:11","742CC11B65304436AAA56864C293A679","2008-01-30 12:47:25",\N,\N,"0","2008-01-30 12:47:25",\N,"CT1164","457","Huejuquilla El Alto","15","0",\N,\N
"838","2017-05-13 12:21:11","881A7135FD8D47D8B91BAC034985A44D","2008-01-30 12:47:25",\N,\N,"0","2008-01-30 12:47:25",\N,"CT1165","344","Huisquilco (Huiscuilco)","15","0",\N,\N
"839","2017-05-13 12:21:11","C0C11B429B3B450994315BE6DBD6CFF1","2008-01-30 12:47:25",\N,\N,"0","2008-01-30 12:47:25",\N,"CT1166","322","Ixtapa","15","0",\N,\N
"840","2017-05-13 12:21:11","59E26428EF664535BFF5EBA35D77E680","2008-01-30 12:47:25",\N,\N,"0","2008-01-30 12:47:25",\N,"CT1167","376","Ixtlahuacán de los Membrillos","15","0",\N,\N
"841","2017-05-13 12:21:11","7FF62722EB754FB893EA1C48B67914C4","2008-01-30 12:47:25",\N,\N,"0","2008-01-30 12:47:25",\N,"CT1168","373","Ixtlahuacán del Río","15","0",\N,\N
"842","2017-05-13 12:21:11","723C997C86454F059DA3F39DB8570001","2008-01-30 12:47:25",\N,\N,"0","2008-01-30 12:47:25",\N,"CT1169","431","Jalostotitlán","15","0",\N,\N
"843","2017-05-13 12:21:11","FFCE0EA17E1D43D484DCF0F027E127DC","2008-01-30 12:47:25",\N,\N,"0","2008-01-30 12:47:25",\N,"CT1170","392","Jamay","15","0",\N,\N
"844","2017-05-13 12:21:11","70ECBEF0E9384F3F87E328FD66239CEF","2008-01-30 12:47:25",\N,\N,"0","2008-01-30 12:47:25",\N,"CT1171","348","Jesús María","15","0",\N,\N
"845","2017-05-13 12:21:11","A2684DA4BF664BD8B837988B15158F96","2008-01-30 12:47:25",\N,\N,"0","2008-01-30 12:47:25",\N,"CT1172","424","Jilotlán de los Dolores","15","0",\N,\N
"846","2017-05-13 12:21:11","AD88F64629EE4800A7004F32EA22003C","2008-01-30 12:47:25",\N,\N,"0","2008-01-30 12:47:25",\N,"CT1173","387","Jocotepec","15","0",\N,\N
"847","2017-05-13 12:21:12","715E7B309A7546549B4C458FDC1920D3","2008-01-30 12:47:25",\N,\N,"0","2008-01-30 12:47:25",\N,"CT1174","322","José María Morelos","15","0",\N,\N
"848","2017-05-13 12:21:12","5C611A3F9A124BEE91F36FB95563AAC9","2008-01-30 12:47:25",\N,\N,"0","2008-01-30 12:47:25",\N,"CT1175","348","Josefino de Allende","15","0",\N,\N
"849","2017-05-13 12:21:12","B963E03D7E1A4647AA0262BE00717997","2008-01-30 12:47:25",\N,\N,"0","2008-01-30 12:47:25",\N,"CT1176","349","Juchitlán","15","0",\N,\N
"850","2017-05-13 12:21:12","B3CFE4F7DF944C42B324F22352BFBB83","2008-01-30 12:47:25",\N,\N,"0","2008-01-30 12:47:25",\N,"CT1177","393","La Barca","15","0",\N,\N
"851","2017-05-13 12:21:12","E907E905557D4A75BD4CE086D9DD4C7D","2008-01-30 12:47:25",\N,\N,"0","2008-01-30 12:47:25",\N,"CT1178","33","La Calera","15","0",\N,\N
"852","2017-05-13 12:21:12","696E7B8153D744049882FEBEC025CFED","2008-01-30 12:47:25",\N,\N,"0","2008-01-30 12:47:25",\N,"CT1179","345","La Concepción","15","0",\N,\N
"853","2017-05-13 12:21:12","17887476B65A4FE2B729CF4700FF51F0","2008-01-30 12:47:25",\N,\N,"0","2008-01-30 12:47:25",\N,"CT1180","343","La Frontera","15","0",\N,\N
"854","2017-05-13 12:21:12","8534E9F821E54FD9001F5DE8900401DA","2008-01-30 12:47:25",\N,\N,"0","2008-01-30 12:47:25",\N,"CT1181","358","La Garita","15","0",\N,\N
"855","2017-05-13 12:21:12","BA287D1FFD1F4FFF98B796D6E6E26702","2008-01-30 12:47:25",\N,\N,"0","2008-01-30 12:47:25",\N,"CT1182","318","La Higuera","15","0",\N,\N
"856","2017-05-13 12:21:12","899A853DDFAC4562A31467BD40B371EB","2008-01-30 12:47:25",\N,\N,"0","2008-01-30 12:47:25",\N,"CT1183","357","La Huerta","15","0",\N,\N
"857","2017-05-13 12:21:12","9871A3C0B0114AD90030B6AB92C9EACE","2008-01-30 12:47:25",\N,\N,"0","2008-01-30 12:47:25",\N,"CT1184","372","La Manzanilla de la Paz","15","0",\N,\N
"858","2017-05-13 12:21:12","D07982E8D1F34393A3D3993BE700909C","2008-01-30 12:47:25",\N,\N,"0","2008-01-30 12:47:25",\N,"CT1185","315","La Manzanilla","15","0",\N,\N
"859","2017-05-13 12:21:12","EE804825BD684A1389DBA99740FF2F28","2008-01-30 12:47:25",\N,\N,"0","2008-01-30 12:47:25",\N,"CT1186","341","La Mesa (El Fresnito)","15","0",\N,\N
"860","2017-05-13 12:21:12","CC6FB01208E0406D9F20F55053E2C7DE","2008-01-30 12:47:25",\N,\N,"0","2008-01-30 12:47:25",\N,"CT1187","496","La Paz","15","0",\N,\N
"861","2017-05-13 12:21:12","75C24E0A34B34A38837941BA00BDECE5","2008-01-30 12:47:25",\N,\N,"0","2008-01-30 12:47:25",\N,"CT1188","348","La Trinidad","15","0",\N,\N
"862","2017-05-13 12:21:12","864A5DDD628446BF004134ED029045FC","2008-01-30 12:47:25",\N,\N,"0","2008-01-30 12:47:25",\N,"CT1189","33","La Venta del Astillero","15","0",\N,\N
"863","2017-05-13 12:21:12","C86D6D66773E40EDA75EE547A5F91600","2008-01-30 12:47:25",\N,\N,"0","2008-01-30 12:47:25",\N,"CT1190","474","Lagos de Moreno","15","0",\N,\N
"864","2017-05-13 12:21:12","998045D2AD074F57839BC207691CC795","2008-01-30 12:47:25",\N,\N,"0","2008-01-30 12:47:25",\N,"CT1191","33","Las Cañadas (Bosques de San Isidro)","15","0",\N,\N
"865","2017-05-13 12:21:12","1E84BD9D459543A49CBE5BE3FCFBDD7F","2008-01-30 12:47:25",\N,\N,"0","2008-01-30 12:47:25",\N,"CT1192","384","Las Navajas","15","0",\N,\N
"866","2017-05-13 12:21:12","E87503D0059844BAA7E231074D76B07D","2008-01-30 12:47:25",\N,\N,"0","2008-01-30 12:47:25",\N,"CT1193","322","Las Palmas de Arriba","15","0",\N,\N
"867","2017-05-13 12:21:12","E0F85C396BCB4034AE00918734980502","2008-01-30 12:47:25",\N,\N,"0","2008-01-30 12:47:25",\N,"CT1194","33","Las Pintas","15","0",\N,\N
"868","2017-05-13 12:21:12","7DFF75BCBF2F4EFC88E922298405BE3F","2008-01-30 12:47:25",\N,\N,"0","2008-01-30 12:47:25",\N,"CT1195","357","Lo Arado","15","0",\N,\N
"869","2017-05-13 12:21:12","9BCA6950D7704B109E1BC23B3675E2C0","2008-01-30 12:47:25",\N,\N,"0","2008-01-30 12:47:25",\N,"CT1196","474","Los Azulitos","15","0",\N,\N
"870","2017-05-13 12:21:12","A2B545DAF6FD4B46999E56BD5B1D40D0","2008-01-30 12:47:25",\N,\N,"0","2008-01-30 12:47:25",\N,"CT1197","496","Los Campos","15","0",\N,\N
"871","2017-05-13 12:21:12","9BA05E2DCE7E489584009FC788E3C0C4","2008-01-30 12:47:25",\N,\N,"0","2008-01-30 12:47:25",\N,"CT0376","643","Ejido Francisco Javier Mina (Campo 60)","27","0",\N,\N
"872","2017-05-13 12:21:12","7AFC69557F704C3C86D1CABA319C647B","2008-01-30 12:47:25",\N,\N,"0","2008-01-30 12:47:25",\N,"CT0377","662","Ejido La Victoria","27","0",\N,\N
"873","2017-05-13 12:21:12","3D93557C432E4433B998EFB2C9038736","2008-01-30 12:47:25",\N,\N,"0","2008-01-30 12:47:25",\N,"CT0378","653","Ejido Lagunitas","27","0",\N,\N
"874","2017-05-13 12:21:12","B885BF36467343EB8700659814BC83EE","2008-01-30 12:47:25",\N,\N,"0","2008-01-30 12:47:25",\N,"CT0379","647","El Chucarit","27","0",\N,\N
"875","2017-05-13 12:21:12","6D48DDE1B3F84F35AA28E3B28D90BFE7","2008-01-30 12:47:25",\N,\N,"0","2008-01-30 12:47:25",\N,"CT0380","622","Empalme","27","0",\N,\N
"876","2017-05-13 12:21:12","3ADD3D48C18C4118BA6E06D255AE2617","2008-01-30 12:47:25",\N,\N,"0","2008-01-30 12:47:25",\N,"CT0381","644","Esperanza","27","0",\N,\N
"877","2017-05-13 12:21:12","8EB2A14F5900492F0036772C2650AD59","2008-01-30 12:47:25",\N,\N,"0","2008-01-30 12:47:25",\N,"CT0382","633","Esqueda","27","0",\N,\N
"878","2017-05-13 12:21:12","884A2442D80A4C2BBBBBE81FF800004C","2008-01-30 12:47:25",\N,\N,"0","2008-01-30 12:47:25",\N,"CT0383","641","Estación Llano","27","0",\N,\N
"879","2017-05-13 12:21:12","2E623480BE5B4E95A9451C49C8D09BFC","2008-01-30 12:47:25",\N,\N,"0","2008-01-30 12:47:25",\N,"CT0384","647","Etchojoa","27","0",\N,\N
"880","2017-05-13 12:21:12","ACF7614CAB1849449608137880D281AE","2008-01-30 12:47:25",\N,\N,"0","2008-01-30 12:47:25",\N,"CT0385","647","Etchoropo","27","0",\N,\N
"881","2017-05-13 12:21:13","B8292A099D314B4097194863BCF2A5D4","2008-01-30 12:47:25",\N,\N,"0","2008-01-30 12:47:25",\N,"CT0386","622","Fraccionamiento Nuevo Empalme","27","0",\N,\N
"882","2017-05-13 12:21:13","46C603A793C84C6AAB7044C5B25D64BB","2008-01-30 12:47:25",\N,\N,"0","2008-01-30 12:47:25",\N,"CT0387","633","Fronteras","27","0",\N,\N
"883","2017-05-13 12:21:13","310F9B9AFFDA42DE812E4EE5B83507A9","2008-01-30 12:47:25",\N,\N,"0","2008-01-30 12:47:25",\N,"CT0388","653","Golfo de Santa Clara","27","0",\N,\N
"884","2017-05-13 12:21:13","64F2D2A4442A4860860207684F4C7EE3","2008-01-30 12:47:25",\N,\N,"0","2008-01-30 12:47:25",\N,"CT0389","623","Guadalupe (Guadalupe de Ures)","27","0",\N,\N
"885","2017-05-13 12:21:13","B29F41BE9EC840EC96641FA9E321D543","2008-01-30 12:47:25",\N,\N,"0","2008-01-30 12:47:25",\N,"CT0390","622","Guaymas","27","0",\N,\N
"886","2017-05-13 12:21:13","4D89AFDBFA9544BBB9F0000974D9101F","2008-01-30 12:47:25",\N,\N,"0","2008-01-30 12:47:25",\N,"CT0391","662","Hermosillo","27","0",\N,\N
"887","2017-05-13 12:21:13","7063647C898842A89C7D51ABEE9691D5","2008-01-30 12:47:25",\N,\N,"0","2008-01-30 12:47:25",\N,"CT0392","634","Huachinera","27","0",\N,\N
"888","2017-05-13 12:21:13","6729DACA970446AEA7FA11ACEFC796BB","2008-01-30 12:47:25",\N,\N,"0","2008-01-30 12:47:25",\N,"CT0393","634","Huasabas","27","0",\N,\N
"889","2017-05-13 12:21:13","7A7B0C3C58C54FED99C7231619ED9822","2008-01-30 12:47:25",\N,\N,"0","2008-01-30 12:47:25",\N,"CT0394","647","Huatabampo","27","0",\N,\N
"890","2017-05-13 12:21:13","914BF7EB550F40039F74571D62B5C671","2008-01-30 12:47:25",\N,\N,"0","2008-01-30 12:47:25",\N,"CT0395","623","Huepac","27","0",\N,\N
"891","2017-05-13 12:21:13","52CBC372E00D4056B4EE0049E7F976C6","2008-01-30 12:47:25",\N,\N,"0","2008-01-30 12:47:25",\N,"CT0396","632","Imuris","27","0",\N,\N
"892","2017-05-13 12:21:13","8663E0F888204C5D86BA252E9155FE89","2008-01-30 12:47:25",\N,\N,"0","2008-01-30 12:47:25",\N,"CT0397","653","Independencia","27","0",\N,\N
"893","2017-05-13 12:21:13","8F4CDDC17FE842349D6147C8F13D6764","2008-01-30 12:47:25",\N,\N,"0","2008-01-30 12:47:25",\N,"CT0398","653","Ingeniero Luis B. Sánchez","27","0",\N,\N
"894","2017-05-13 12:21:13","BEDB764EFF474597AA2400C200B0B908","2008-01-30 12:47:25",\N,\N,"0","2008-01-30 12:47:25",\N,"CT0399","653","Islita","27","0",\N,\N
"895","2017-05-13 12:21:13","84C8495B884B4141A0138D20C017AAFF","2008-01-30 12:47:25",\N,\N,"0","2008-01-30 12:47:25",\N,"CT0424","643","Quetchehueca","27","0",\N,\N
"896","2017-05-13 12:21:13","F3FEEB0284144EA5BB3F1C1D28EC00D9","2008-01-30 12:47:25",\N,\N,"0","2008-01-30 12:47:25",\N,"CT0425","493","Plenitud","33","0",\N,\N
"897","2017-05-13 12:21:13","3497832D9B27418FA94FEAC510E95045","2008-01-30 12:47:25",\N,\N,"0","2008-01-30 12:47:25",\N,"CT0426","478","Pozo de Gamboa","33","0",\N,\N
"898","2017-05-13 12:21:13","5B632436B0704D9DB48404247D06E41B","2008-01-30 12:47:25",\N,\N,"0","2008-01-30 12:47:25",\N,"CT0427","498","Progreso de Alfonso Medina (Colonia Progreso)","33","0",\N,\N
"899","2017-05-13 12:21:13","1EBFE43CD99746A4B1F4D667101FA899","2008-01-30 12:47:25",\N,\N,"0","2008-01-30 12:47:25",\N,"CT0428","498","Rancho Grande","33","0",\N,\N
"900","2017-05-13 12:21:13","3654E8E9EA4C4813A8859751AA51615E","2008-01-30 12:47:25",\N,\N,"0","2008-01-30 12:47:25",\N,"CT0429","493","Río Florido","33","0",\N,\N
"901","2017-05-13 12:21:13","41BC2F9918574C60866FA7E589A300F2","2008-01-30 12:47:25",\N,\N,"0","2008-01-30 12:47:25",\N,"CT0430","498","Río Grande","33","0",\N,\N
"902","2017-05-13 12:21:13","9BAA1FF50B904AD500021500C8925C9E","2008-01-30 12:47:25",\N,\N,"0","2008-01-30 12:47:25",\N,"CT0431","498","Sain Alto","33","0",\N,\N
"903","2017-05-13 12:21:13","85E0FA7AF17C40EAB7945687F1B8711D","2008-01-30 12:47:25",\N,\N,"0","2008-01-30 12:47:25",\N,"CT0432","458","Saladillo (El Saladillo)","33","0",\N,\N
"904","2017-05-13 12:21:13","74569DBDDED642288773D9A39B375785","2008-01-30 12:47:25",\N,\N,"0","2008-01-30 12:47:25",\N,"CT0433","492","San Jerónimo","33","0",\N,\N
"905","2017-05-13 12:21:13","2CFD0EF6D94542368B559BCA47478404","2008-01-30 12:47:25",\N,\N,"0","2008-01-30 12:47:25",\N,"CT0434","493","San José de Lourdes","33","0",\N,\N
"906","2017-05-13 12:21:13","DD727EDAE23D41EA8D9D7DCF31F262E7","2008-01-30 12:47:25",\N,\N,"0","2008-01-30 12:47:25",\N,"CT0435","458","San Pedro Piedra Gorda","33","0",\N,\N
"907","2017-05-13 12:21:13","534610590CB1464C9FC6B8F1078C4D99","2008-01-30 12:47:25",\N,\N,"0","2008-01-30 12:47:25",\N,"CT0436","842","San Tiburcio","33","0",\N,\N
"908","2017-05-13 12:21:13","0BAA9A214155453EB1E2DA0005CA141E","2008-01-30 12:47:25",\N,\N,"0","2008-01-30 12:47:25",\N,"CT0437","458","Santa Elena (Francisco Zarco)","33","0",\N,\N
"909","2017-05-13 12:21:13","C0073DBDAAEF4EDDBADD5EBE86BDC0C3","2008-01-30 12:47:25",\N,\N,"0","2008-01-30 12:47:25",\N,"CT0438","498","Santa Rita","33","0",\N,\N
"910","2017-05-13 12:21:13","739BCDC9600D4A35AA77F198FFBFF187","2008-01-30 12:47:25",\N,\N,"0","2008-01-30 12:47:25",\N,"CT0439","492","Sauceda de la Borda","33","0",\N,\N
"911","2017-05-13 12:21:14","F031E73F92E940539C7517CED7CBA653","2008-01-30 12:47:25",\N,\N,"0","2008-01-30 12:47:25",\N,"CT0440","433","Sombrerete","33","0",\N,\N
"912","2017-05-13 12:21:14","010495AE1F53469885F0F0535FEBCBEB","2008-01-30 12:47:25",\N,\N,"0","2008-01-30 12:47:25",\N,"CT0441","463","Tabasco","33","0",\N,\N
"913","2017-05-13 12:21:14","AB330BD543044832B313453E12FB8345","2008-01-30 12:47:25",\N,\N,"0","2008-01-30 12:47:25",\N,"CT0442","492","Tacoaleche","33","0",\N,\N
"914","2017-05-13 12:21:14","BC8A56E5F9FA434E8EFE176380CFB148","2008-01-30 12:47:25",\N,\N,"0","2008-01-30 12:47:25",\N,"CT0443","499","Tayahua (San José de Tayahua)","33","0",\N,\N
"915","2017-05-13 12:21:14","CA63539CA2534AB3A869634910206071","2008-01-30 12:47:25",\N,\N,"0","2008-01-30 12:47:25",\N,"CT0444","437","Tepechitlán","33","0",\N,\N
"916","2017-05-13 12:21:14","4596D66B1E614C7FA9CE688B49BE19C5","2008-01-30 12:47:25",\N,\N,"0","2008-01-30 12:47:25",\N,"CT0445","494","Tepetongo","33","0",\N,\N
"917","2017-05-13 12:21:14","CD322AF3CF524E8BB9AA5D34033CFBE8","2008-01-30 12:47:25",\N,\N,"0","2008-01-30 12:47:25",\N,"CT0446","498","Tetillas","33","0",\N,\N
"918","2017-05-13 12:21:14","74A394349196478BB68FD0D7A63DD26F","2008-01-30 12:47:25",\N,\N,"0","2008-01-30 12:47:25",\N,"CT0470","636","La Ascensión","6","0",\N,\N
"919","2017-05-13 12:21:14","0578AB2CE27A45E6A43BFA926948872E","2008-01-30 12:47:25",\N,\N,"0","2008-01-30 12:47:25",\N,"CT0471","648","La Boquilla del Conchos","6","0",\N,\N
"920","2017-05-13 12:21:14","809B357F5A284CD4B2A0BF8F6FF6E7B6","2008-01-30 12:47:25",\N,\N,"0","2008-01-30 12:47:25",\N,"CT0472","648","La Cruz","6","0",\N,\N
"921","2017-05-13 12:21:14","7D617A3819A847329E3115C08C46DAA3","2008-01-30 12:47:25",\N,\N,"0","2008-01-30 12:47:25",\N,"CT0473","635","La Junta","6","0",\N,\N
"922","2017-05-13 12:21:14","FA12F04D3EA94AFABBEAB2D0D8671121","2008-01-30 12:47:25",\N,\N,"0","2008-01-30 12:47:25",\N,"CT0474","652","La Norteña","6","0",\N,\N
"923","2017-05-13 12:21:14","691C7BB6A6404F239B6F7361C88D48E1","2008-01-30 12:47:25",\N,\N,"0","2008-01-30 12:47:25",\N,"CT0475","625","La Paz","6","0",\N,\N
"924","2017-05-13 12:21:14","510E309707884D168C06C5CC14FB8811","2008-01-30 12:47:25",\N,\N,"0","2008-01-30 12:47:25",\N,"CT0476","648","La Perla","6","0",\N,\N
"925","2017-05-13 12:21:14","3BF4EBD488B3442D9E96CBF36B68AA6F","2008-01-30 12:47:25",\N,\N,"0","2008-01-30 12:47:25",\N,"CT0477","639","Las Varas","6","0",\N,\N
"926","2017-05-13 12:21:14","E124714510B64ECD8B776CA24ED7FF00","2008-01-30 12:47:25",\N,\N,"0","2008-01-30 12:47:25",\N,"CT0478","636","Las Virginias","6","0",\N,\N
"927","2017-05-13 12:21:14","5D8CAD7BCC804C6F9D8EE738A21C03AD","2008-01-30 12:47:25",\N,\N,"0","2008-01-30 12:47:25",\N,"CT0479","625","Lázaro Cárdenas (Mp.Cuauhtémoc)","6","0",\N,\N
"928","2017-05-13 12:21:14","B65D118B1062424AA152C5FCE0743859","2008-01-30 12:47:25",\N,\N,"0","2008-01-30 12:47:25",\N,"CT0480","639","Lázaro Cárdenas (Mpio Meoqui)","6","0",\N,\N
"929","2017-05-13 12:21:14","6340D503E58444AE9FDEBD84E433DD04","2008-01-30 12:47:25",\N,\N,"0","2008-01-30 12:47:25",\N,"CT0481","635","Lic. Adolfo López Mateos","6","0",\N,\N
"930","2017-05-13 12:21:14","1C5EAED882D5497A83788FE355277F69","2008-01-30 12:47:25",\N,\N,"0","2008-01-30 12:47:25",\N,"CT0482","626","Manuel Benavides","6","0",\N,\N
"931","2017-05-13 12:21:14","651718855A78447D82007711BE9F2DEA","2008-01-30 12:47:25",\N,\N,"0","2008-01-30 12:47:25",\N,"CT0483","626","Manuel Ojinaga","6","0",\N,\N
"932","2017-05-13 12:21:14","714E31744E0D4071A50090A3ED3CAB63","2008-01-30 12:47:25",\N,\N,"0","2008-01-30 12:47:25",\N,"CT0484","628","Mariano Matamoros","6","0",\N,\N
"933","2017-05-13 12:21:14","B88FA55796D242F5AF53BA1C1F78EE42","2008-01-30 12:47:25",\N,\N,"0","2008-01-30 12:47:25",\N,"CT0485","659","Matachic","6","0",\N,\N
"934","2017-05-13 12:21:14","8378667D14F44D4AB2FD417B12FA6D3F","2008-01-30 12:47:25",\N,\N,"0","2008-01-30 12:47:25",\N,"CT0486","656","Miguel Ahumada","6","0",\N,\N
"935","2017-05-13 12:21:14","2FAF7349C2974260A440005E918D69CE","2008-01-30 12:47:25",\N,\N,"0","2008-01-30 12:47:25",\N,"CT0487","636","Monte Verde (El Coyote)","6","0",\N,\N
"936","2017-05-13 12:21:14","52A8352BA88449498F871FFB00883B95","2008-01-30 12:47:25",\N,\N,"0","2008-01-30 12:47:25",\N,"CT0488","621","Naica","6","0",\N,\N
"937","2017-05-13 12:21:14","2F154CBF08724C1E80F6E34F3164CE94","2008-01-30 12:47:25",\N,\N,"0","2008-01-30 12:47:25",\N,"CT0489","652","Nicolás Bravo","6","0",\N,\N
"938","2017-05-13 12:21:14","BDE3EFD27278424CBA7F491D8CDA7C6B","2008-01-30 12:47:25",\N,\N,"0","2008-01-30 12:47:25",\N,"CT0490","635","Nonoava","6","0",\N,\N
"939","2017-05-13 12:21:14","063168AB74E44249BEE3C6FDAF006256","2008-01-30 12:47:25",\N,\N,"0","2008-01-30 12:47:25",\N,"CT0491","652","Nueva Madera","6","0",\N,\N
"940","2017-05-13 12:21:14","112615082AE44420BB7BB00083364E16","2008-01-30 12:47:25",\N,\N,"0","2008-01-30 12:47:25",\N,"CT0492","636","Nuevo Casas Grandes","6","0",\N,\N
"941","2017-05-13 12:21:14","AADEB2B3923C4B90BE7B9036FE495F8D","2008-01-30 12:47:25",\N,\N,"0","2008-01-30 12:47:25",\N,"CT0515","625","Santa Bárbara de Tutuaca (Tutuaca)","6","0",\N,\N
"942","2017-05-13 12:21:14","CD9F8479CA2E4FEE865B64868006887B","2008-01-30 12:47:25",\N,\N,"0","2008-01-30 12:47:25",\N,"CT0516","628","Santa Bárbara","6","0",\N,\N
"943","2017-05-13 12:21:14","079F6A2EC875400AA8C3933309F1FABF","2008-01-30 12:47:25",\N,\N,"0","2008-01-30 12:47:25",\N,"CT0517","639","Santa Cruz de Rosales","6","0",\N,\N
"944","2017-05-13 12:21:14","053FA859089546E1B04175C0D75C8C62","2008-01-30 12:47:25",\N,\N,"0","2008-01-30 12:47:25",\N,"CT0518","614","Santa Eulalia","6","0",\N,\N
"945","2017-05-13 12:21:14","2DF5548EEED84DAA8FAC529DE87CB800","2008-01-30 12:47:25",\N,\N,"0","2008-01-30 12:47:25",\N,"CT0519","621","Santa Gertrudis (La Hacienda)","6","0",\N,\N
"946","2017-05-13 12:21:14","B2BC5DA4E2CA4F4F8E14EDE982100858","2008-01-30 12:47:25",\N,\N,"0","2008-01-30 12:47:25",\N,"CT0520","614","Santa Isabel","6","0",\N,\N
"947","2017-05-13 12:21:14","20246D489F0347F98E589DB6289FB4F9","2008-01-30 12:47:25",\N,\N,"0","2008-01-30 12:47:25",\N,"CT0521","625","Santa Rosalía de Cuevas","6","0",\N,\N
"948","2017-05-13 12:21:14","9FF234964E1F483EA94BE1D2B649DCE2","2008-01-30 12:47:25",\N,\N,"0","2008-01-30 12:47:25",\N,"CT0522","635","Santo Tomás","6","0",\N,\N
"949","2017-05-13 12:21:15","7EEBC70405DE4F41947384008339B792","2008-01-30 12:47:25",\N,\N,"0","2008-01-30 12:47:25",\N,"CT0523","614","Satevo","6","0",\N,\N
"950","2017-05-13 12:21:15","51E7C3198C21494B85443F4B1493834F","2008-01-30 12:47:25",\N,\N,"0","2008-01-30 12:47:25",\N,"CT0524","621","Saucillo","6","0",\N,\N
"951","2017-05-13 12:21:15","517370EA9D5F44DDB48C3068C9D03CEE","2008-01-30 12:47:25",\N,\N,"0","2008-01-30 12:47:25",\N,"CT0525","636","Sección Enríquez (Colonia Enriquez)","6","0",\N,\N
"952","2017-05-13 12:21:15","7CEAE37F5074411B83EC807F6BFA3258","2008-01-30 12:47:25",\N,\N,"0","2008-01-30 12:47:25",\N,"CT0526","635","Sisoguichi","6","0",\N,\N
"953","2017-05-13 12:21:15","EC88C6750CC24927995621DFFFD6CB2F","2008-01-30 12:47:25",\N,\N,"0","2008-01-30 12:47:25",\N,"CT0527","635","Temoris","6","0",\N,\N
"954","2017-05-13 12:21:15","534F2264B8364A1F987D48714E4241FD","2008-01-30 12:47:25",\N,\N,"0","2008-01-30 12:47:25",\N,"CT0528","659","Temosachi","6","0",\N,\N
"955","2017-05-13 12:21:15","45A62E85ED684689BACE869E1367EF78","2008-01-30 12:47:25",\N,\N,"0","2008-01-30 12:47:25",\N,"CT0529","635","Tomochi","6","0",\N,\N
"956","2017-05-13 12:21:15","EF1024F9871C45A9AC23B98E2DD9B9D4","2008-01-30 12:47:25",\N,\N,"0","2008-01-30 12:47:25",\N,"CT0530","649","Torreón de Cañas","6","0",\N,\N
"957","2017-05-13 12:21:15","594FCE09937F47FAB7AFE7F8F1F500A4","2008-01-30 12:47:25",\N,\N,"0","2008-01-30 12:47:25",\N,"CT0531","636","Tres Alamos","6","0",\N,\N
"958","2017-05-13 12:21:15","340F68BFB66E433F8235DB73A6D6A617","2008-01-30 12:47:25",\N,\N,"0","2008-01-30 12:47:25",\N,"CT0532","635","Urique","6","0",\N,\N
"959","2017-05-13 12:21:15","CF314B2B188B427F9B3100A5E8B2F7E5","2008-01-30 12:47:25",\N,\N,"0","2008-01-30 12:47:25",\N,"CT0533","635","Uruachi","6","0",\N,\N
"960","2017-05-13 12:21:15","EC4FDF5883F2436190BBB2D2A1CCBAAB","2008-01-30 12:47:25",\N,\N,"0","2008-01-30 12:47:25",\N,"CT0534","652","Valentín Gómez Farías","6","0",\N,\N
"961","2017-05-13 12:21:15","EB1DC14A69794417B4A5E1174CD1FEA1","2008-01-30 12:47:25",\N,\N,"0","2008-01-30 12:47:25",\N,"CT0535","628","Valle de Ignacio Allende","6","0",\N,\N
"962","2017-05-13 12:21:15","D4153DF639224C1DBCA6EDF39213AF11","2008-01-30 12:47:25",\N,\N,"0","2008-01-30 12:47:25",\N,"CT0536","649","Valle de Zaragoza","6","0",\N,\N
"963","2017-05-13 12:21:15","A1084F2FF5B641FBACA0F8CFE975C0E4","2008-01-30 12:47:25",\N,\N,"0","2008-01-30 12:47:25",\N,"CT0537","635","Vicente Guerrero","6","0",\N,\N
"964","2017-05-13 12:21:15","86C762ABD1034E6CB0D428C7E897A87F","2008-01-30 12:47:25",\N,\N,"0","2008-01-30 12:47:25",\N,"CT0562","968","Copainala","7","0",\N,\N
"965","2017-05-13 12:21:15","DD7848B4217042649CF14EE47D238482","2008-01-30 12:47:25",\N,\N,"0","2008-01-30 12:47:25",\N,"CT0563","967","Corazón de María","7","0",\N,\N
"966","2017-05-13 12:21:15","25A8FA464F944A6EAABC5B5B38A29945","2008-01-30 12:47:25",\N,\N,"0","2008-01-30 12:47:25",\N,"CT0564","965","Cristóbal Obregón","7","0",\N,\N
"967","2017-05-13 12:21:15","4A4AD82C73004E43B92F10FC8B4E8F39","2008-01-30 12:47:25",\N,\N,"0","2008-01-30 12:47:25",\N,"CT0565","964","El Ingenio Azucarero","7","0",\N,\N
"968","2017-05-13 12:21:15","66F40683ADE04D5E9BAFC425B5E58708","2008-01-30 12:47:25",\N,\N,"0","2008-01-30 12:47:25",\N,"CT0566","961","El Jobo","7","0",\N,\N
"969","2017-05-13 12:21:15","4C346D6623BD40D7B612199E562355EF","2008-01-30 12:47:25",\N,\N,"0","2008-01-30 12:47:25",\N,"CT0567","965","El Parral","7","0",\N,\N
"970","2017-05-13 12:21:15","28519789F9D740C5B2FB00C6B8EFF415","2008-01-30 12:47:25",\N,\N,"0","2008-01-30 12:47:25",\N,"CT0568","919","El Rayón","7","0",\N,\N
"971","2017-05-13 12:21:15","A033155D440A48A79E3904DFC41DC1A4","2008-01-30 12:47:25",\N,\N,"0","2008-01-30 12:47:25",\N,"CT0569","961","El Sabino","7","0",\N,\N
"972","2017-05-13 12:21:15","BD11058248254C940015871178CDC500","2008-01-30 12:47:25",\N,\N,"0","2008-01-30 12:47:25",\N,"CT0570","918","Escuintla","7","0",\N,\N
"973","2017-05-13 12:21:15","758AE4B4903B409DAD7DD2EF2177642D","2008-01-30 12:47:25",\N,\N,"0","2008-01-30 12:47:25",\N,"CT0571","918","Flores Magón","7","0",\N,\N
"974","2017-05-13 12:21:15","74C1FB21E56740C7AA07192D57E7D559","2008-01-30 12:47:25",\N,\N,"0","2008-01-30 12:47:25",\N,"CT0572","963","Frontera Comalapa","7","0",\N,\N
"975","2017-05-13 12:21:15","F4CC5978C8014961A02962DD4EB63854","2008-01-30 12:47:25",\N,\N,"0","2008-01-30 12:47:25",\N,"CT0573","964","Huehuetán","7","0",\N,\N
"976","2017-05-13 12:21:15","BA5EFA248D2743E1B5FFA0F5FE4D99FC","2008-01-30 12:47:25",\N,\N,"0","2008-01-30 12:47:25",\N,"CT0574","964","Huixtla","7","0",\N,\N
"977","2017-05-13 12:21:15","89FCA998223A441AA7E7CCB2AE91D8D1","2008-01-30 12:47:25",\N,\N,"0","2008-01-30 12:47:25",\N,"CT0575","932","Ixtacomitán","7","0",\N,\N
"978","2017-05-13 12:21:15","CD9C5A2A008745BCB593B0B077650467","2008-01-30 12:47:25",\N,\N,"0","2008-01-30 12:47:25",\N,"CT0576","961","Ixtapa","7","0",\N,\N
"979","2017-05-13 12:21:16","B021A42953E84B6B91A7AA1FCA506563","2008-01-30 12:47:25",\N,\N,"0","2008-01-30 12:47:25",\N,"CT0577","992","Jaltenango de la Paz","7","0",\N,\N
"980","2017-05-13 12:21:16","E9380EB7BED54E7FA2008FDBEBFF592E","2008-01-30 12:47:25",\N,\N,"0","2008-01-30 12:47:25",\N,"CT0578","965","Jesús María Garza","7","0",\N,\N
"981","2017-05-13 12:21:16","64F19542C9B74B2281080027A4F1EFDD","2008-01-30 12:47:25",\N,\N,"0","2008-01-30 12:47:25",\N,"CT0579","968","Jiquipilas","7","0",\N,\N
"982","2017-05-13 12:21:16","F04C6166368F4542854634C8C44D7DF9","2008-01-30 12:47:25",\N,\N,"0","2008-01-30 12:47:25",\N,"CT0580","919","Jitotol de Zaragoza","7","0",\N,\N
"983","2017-05-13 12:21:16","81291CB51981400BB68BCAB37389D102","2008-01-30 12:47:25",\N,\N,"0","2008-01-30 12:47:25",\N,"CT0581","932","Juárez","7","0",\N,\N
"984","2017-05-13 12:21:16","0533D5EA424047B5ABAD458479A7D0B2","2008-01-30 12:47:25",\N,\N,"0","2008-01-30 12:47:25",\N,"CT0582","962","La Libertad ((Mpio. Suchiate)","7","0",\N,\N
"985","2017-05-13 12:21:16","37CFBC87381C4A159E9B4284825212AC","2008-01-30 12:47:25",\N,\N,"0","2008-01-30 12:47:25",\N,"CT0583","934","La Libertad (Mpio. La Libertad)","7","0",\N,\N
"986","2017-05-13 12:21:16","EE53A6264DB84CADB86CDB65FBFC0058","2008-01-30 12:47:25",\N,\N,"0","2008-01-30 12:47:25",\N,"CT0584","963","La Trinitaria","7","0",\N,\N
"987","2017-05-13 12:21:16","08E94FFCBCF9450A8DC1DC7ECC676900","2008-01-30 12:47:25",\N,\N,"0","2008-01-30 12:47:25",\N,"CT0585","917","Las Garzas","7","0",\N,\N
"988","2017-05-13 12:21:16","EBD794ACB4144AA5006B2578C184C3E8","2008-01-30 12:47:25",\N,\N,"0","2008-01-30 12:47:25",\N,"CT1009","789","Atlapexco","14","0",\N,\N
"989","2017-05-13 12:21:16","0E835670883F4D06BB5878A13CFBC0B8","2008-01-30 12:47:25",\N,\N,"0","2008-01-30 12:47:25",\N,"CT1010","778","Atotonilco de Tula","14","0",\N,\N
"990","2017-05-13 12:21:16","8E6170D1BDE34BE299C6F8EBE022C113","2008-01-30 12:47:25",\N,\N,"0","2008-01-30 12:47:25",\N,"CT1011","774","Atotonilco El Grande","14","0",\N,\N
"991","2017-05-13 12:21:16","CAEDDA4A51F54EB4AD7D4C32F30085DC","2008-01-30 12:47:25",\N,\N,"0","2008-01-30 12:47:25",\N,"CT1012","773","Bomintzha","14","0",\N,\N
"992","2017-05-13 12:21:16","9BA95580EE7C4B25BFCB199BF43085FE","2008-01-30 12:47:25",\N,\N,"0","2008-01-30 12:47:25",\N,"CT1013","774","Calnali","14","0",\N,\N
"993","2017-05-13 12:21:16","1197C5B477404D948EA26E4702BD72A3","2008-01-30 12:47:25",\N,\N,"0","2008-01-30 12:47:25",\N,"CT1014","759","Caltimacán","14","0",\N,\N
"994","2017-05-13 12:21:16","14F63B76E5204F2F9634062E5BFBA6D1","2008-01-30 12:47:25",\N,\N,"0","2008-01-30 12:47:25",\N,"CT1015","774","Cerro Colorado","14","0",\N,\N
"995","2017-05-13 12:21:16","6E856DF10FDE428D8FCF599EE34B8FE0","2008-01-30 12:47:25",\N,\N,"0","2008-01-30 12:47:25",\N,"CT1016","763","Chapantongo","14","0",\N,\N
"996","2017-05-13 12:21:16","CC1C5AC032F144B9833E6C106CF2FD23","2008-01-30 12:47:25",\N,\N,"0","2008-01-30 12:47:25",\N,"CT1017","483","Chapulhuacán","14","0",\N,\N
"997","2017-05-13 12:21:16","015EF9B806704E9F9EBCEC006040EC79","2008-01-30 12:47:25",\N,\N,"0","2008-01-30 12:47:25",\N,"CT1018","772","Chicavasco","14","0",\N,\N
"998","2017-05-13 12:21:16","FB5C4B2A34CB49DCB8B979F0A82E6F28","2008-01-30 12:47:25",\N,\N,"0","2008-01-30 12:47:25",\N,"CT1019","738","Chilcuautla","14","0",\N,\N
"999","2017-05-13 12:21:16","9DF1322F4E514509B98F008948D016D7","2008-01-30 12:47:25",\N,\N,"0","2008-01-30 12:47:25",\N,"CT1020","791","Ciudad Sahagún","14","0",\N,\N
"1000","2017-05-13 12:21:16","DF636ED0BE844EF8950374A20050D2DE","2008-01-30 12:47:25",\N,\N,"0","2008-01-30 12:47:25",\N,"CT1021","775","Colonia 28 de Mayo (Santa Rosa)","14","0",\N,\N
"1001","2017-05-13 12:21:16","9A272E4F83FC48A3A2DD42DA61E3B304","2008-01-30 12:47:25",\N,\N,"0","2008-01-30 12:47:25",\N,"CT1022","773","Cruz Azul San Miguel Vindho","14","0",\N,\N
"1002","2017-05-13 12:21:16","EC07F548660B443EA540BBFFFF704FB8","2008-01-30 12:47:25",\N,\N,"0","2008-01-30 12:47:25",\N,"CT1023","775","Cuautepec de Hinojosa","14","0",\N,\N
"1003","2017-05-13 12:21:16","94AF7A11103244B4953EB83770A41C4F","2008-01-30 12:47:25",\N,\N,"0","2008-01-30 12:47:25",\N,"CT1024","759","El Alberto","14","0",\N,\N
"1004","2017-05-13 12:21:16","632EA91A10E648B700C205724E6CC512","2008-01-30 12:47:25",\N,\N,"0","2008-01-30 12:47:25",\N,"CT1025","775","El Pedregal San José","14","0",\N,\N
"1005","2017-05-13 12:21:16","5AC6D53FE4EA49AAA3397C00C32CDB92","2008-01-30 12:47:25",\N,\N,"0","2008-01-30 12:47:25",\N,"CT1026","759","El Tephe","14","0",\N,\N
"1006","2017-05-13 12:21:16","06E63E5214084BF483FA06A3BA4991AA","2008-01-30 12:47:25",\N,\N,"0","2008-01-30 12:47:25",\N,"CT1027","738","El Tothie","14","0",\N,\N
"1007","2017-05-13 12:21:16","F6CCFAD4460A42D99933ED5167003019","2008-01-30 12:47:25",\N,\N,"0","2008-01-30 12:47:25",\N,"CT1028","748","Emiliano Zapata","14","0",\N,\N
"1008","2017-05-13 12:21:16","492F853708634E2500F855A5E1BCAB8F","2008-01-30 12:47:25",\N,\N,"0","2008-01-30 12:47:25",\N,"CT1029","771","Epazoyucan","14","0",\N,\N
"1009","2017-05-13 12:21:16","27FD539CC1154B13B3E5F700C8424205","2008-01-30 12:47:25",\N,\N,"0","2008-01-30 12:47:25",\N,"CT1030","774","Estación de Apulco","14","0",\N,\N
"1010","2017-05-13 12:21:16","A194471242E94266B7E8118E1BC2B450","2008-01-30 12:47:25",\N,\N,"0","2008-01-30 12:47:25",\N,"CT1031","761","Gandho","14","0",\N,\N
"1011","2017-05-13 12:21:17","B12476905A744FDCA40282628C78C0CA","2008-01-30 12:47:25",\N,\N,"0","2008-01-30 12:47:25",\N,"CT1055","771","Omitlán de Juárez","14","0",\N,\N
"1012","2017-05-13 12:21:17","5F2F3032C7DB4540873FCE0013B74EC1","2008-01-30 12:47:25",\N,\N,"0","2008-01-30 12:47:25",\N,"CT1056","759","Orizabita","14","0",\N,\N
"1013","2017-05-13 12:21:17","6D49F2F1D0DC4DF687598B70574C8D14","2008-01-30 12:47:25",\N,\N,"0","2008-01-30 12:47:25",\N,"CT1057","771","Pachuca de Soto","14","0",\N,\N
"1014","2017-05-13 12:21:17","826E24EA3A5741CC8EA6B3D34BDD9247","2008-01-30 12:47:25",\N,\N,"0","2008-01-30 12:47:25",\N,"CT1058","483","Pisaflores Hidalgo","14","0",\N,\N
"1015","2017-05-13 12:21:17","0A0539D0EA444D09907C8D3B49FDB8F2","2008-01-30 12:47:25",\N,\N,"0","2008-01-30 12:47:25",\N,"CT1059","591","Praderas del Potrero","14","0",\N,\N
"1016","2017-05-13 12:21:17","85AC032BF5D748AAA19585DF698E3300","2008-01-30 12:47:25",\N,\N,"0","2008-01-30 12:47:25",\N,"CT1060","738","Progreso","14","0",\N,\N
"1017","2017-05-13 12:21:17","49DD59D414E04325B96D007240AAED46","2008-01-30 12:47:25",\N,\N,"0","2008-01-30 12:47:25",\N,"CT1061","743","San Agustín Tlaxiaca","14","0",\N,\N
"1018","2017-05-13 12:21:17","1E432077A1B2491B864CBC68D8199BB2","2008-01-30 12:47:25",\N,\N,"0","2008-01-30 12:47:25",\N,"CT1062","743","San Agustín Zapotlán","14","0",\N,\N
"1019","2017-05-13 12:21:17","8ADED87836F24B798343191FBEED48B9","2008-01-30 12:47:25",\N,\N,"0","2008-01-30 12:47:25",\N,"CT1063","774","San Bartolo Tutotepec","14","0",\N,\N
"1020","2017-05-13 12:21:17","3A1E203E2E664C2CAAD72BBDD82D7B69","2008-01-30 12:47:25",\N,\N,"0","2008-01-30 12:47:25",\N,"CT1064","773","San Buenaventura","14","0",\N,\N
"1021","2017-05-13 12:21:17","E1CED91D8520491CA2F0CD82C8147994","2008-01-30 12:47:25",\N,\N,"0","2008-01-30 12:47:25",\N,"CT1065","483","San Felipe Orizatlán","14","0",\N,\N
"1022","2017-05-13 12:21:17","5415B6A538D348E381D88196A2533D86","2008-01-30 12:47:25",\N,\N,"0","2008-01-30 12:47:25",\N,"CT1066","771","San Juan Tilcuautla","14","0",\N,\N
"1023","2017-05-13 12:21:17","C6C13AB39F044C2D8615B49C38ECDF38","2008-01-30 12:47:25",\N,\N,"0","2008-01-30 12:47:25",\N,"CT1067","771","San Juan Tizahuapan","14","0",\N,\N
"1024","2017-05-13 12:21:17","0D5B9EF6464541E29EC8A8B3A250C749","2008-01-30 12:47:25",\N,\N,"0","2008-01-30 12:47:25",\N,"CT1068","776","San Pedro Tlachichilco","14","0",\N,\N
"1025","2017-05-13 12:21:17","E2AFD9C75CC74416B9F86F8ECB84F3B8","2008-01-30 12:47:25",\N,\N,"0","2008-01-30 12:47:25",\N,"CT1069","738","San Salvador","14","0",\N,\N
"1026","2017-05-13 12:21:17","87B7FB0B82C1449795C611622BAB73BC","2008-01-30 12:47:25",\N,\N,"0","2008-01-30 12:47:25",\N,"CT1070","761","San Sebastián Tenochtitlán","14","0",\N,\N
"1027","2017-05-13 12:21:17","C39519F696A949F9000620ED01A8B664","2008-01-30 12:47:25",\N,\N,"0","2008-01-30 12:47:25",\N,"CT1071","773","Santa Ana Ahuehuepan","14","0",\N,\N
"1028","2017-05-13 12:21:17","CED0C874E7E649CE9BE9A09B4D62BE35","2008-01-30 12:47:25",\N,\N,"0","2008-01-30 12:47:25",\N,"CT1072","775","Santa Ana de Allende","14","0",\N,\N
"1029","2017-05-13 12:21:17","44B78AA30CB3461382B4FC9766DBDCC5","2008-01-30 12:47:25",\N,\N,"0","2008-01-30 12:47:25",\N,"CT1073","775","Santa Ana Hueytlalpan","14","0",\N,\N
"1030","2017-05-13 12:21:17","AEB8EDFD2E734F539360F186F8B86E3B","2008-01-30 12:47:25",\N,\N,"0","2008-01-30 12:47:25",\N,"CT1074","771","Santa Matilde","14","0",\N,\N
"1031","2017-05-13 12:21:17","376CD0AB9A7643948853BDE1933B1825","2008-01-30 12:47:25",\N,\N,"0","2008-01-30 12:47:25",\N,"CT1075","771","Santa Mónica","14","0",\N,\N
"1032","2017-05-13 12:21:17","A82D868AD1EA411D8353F2E48153D92D","2008-01-30 12:47:25",\N,\N,"0","2008-01-30 12:47:25",\N,"CT1076","772","Santiago de Anaya","14","0",\N,\N
"1033","2017-05-13 12:21:17","27AE00B5BF9A474A9CA5AB20FA8D00B4","2008-01-30 12:47:25",\N,\N,"0","2008-01-30 12:47:25",\N,"CT1077","743","Santiago Tepeyahualco","14","0",\N,\N
"1034","2017-05-13 12:21:17","7A1A5605A1894BBC97F0E2A1CD650641","2008-01-30 12:47:25",\N,\N,"0","2008-01-30 12:47:25",\N,"CT1198","357","Los Tecomates (Piedra Pesada)","15","0",\N,\N
"1035","2017-05-13 12:21:17","F6F24A742DF0473D9C3E7012F759262E","2008-01-30 12:47:25",\N,\N,"0","2008-01-30 12:47:25",\N,"CT1199","388","Los Volcanes","15","0",\N,\N
"1036","2017-05-13 12:21:17","87456A0593F9452F9686ADCCCAD3B644","2008-01-30 12:47:25",\N,\N,"0","2008-01-30 12:47:25",\N,"CT1200","386","Magdalena","15","0",\N,\N
"1037","2017-05-13 12:21:18","87C6F40C59664212BAB65DCFD5D1D799","2008-01-30 12:47:25",\N,\N,"0","2008-01-30 12:47:25",\N,"CT1201","344","Manalisco","15","0",\N,\N
"1038","2017-05-13 12:21:18","1C44DBBA81E74343A1338800CAC519E7","2008-01-30 12:47:25",\N,\N,"0","2008-01-30 12:47:25",\N,"CT1202","354","Manuel M. Dieguez","15","0",\N,\N
"1039","2017-05-13 12:21:18","2FAF75E5A5BB4E1FAD682471854ED5C0","2008-01-30 12:47:25",\N,\N,"0","2008-01-30 12:47:25",\N,"CT1203","391","Margaritas","15","0",\N,\N
"1040","2017-05-13 12:21:18","04E50ACF69444D789BF93F169C8B00D0","2008-01-30 12:47:25",\N,\N,"0","2008-01-30 12:47:25",\N,"CT1204","388","Mascota","15","0",\N,\N
"1041","2017-05-13 12:21:18","86A45C78B713495CBCB3203F87CC9466","2008-01-30 12:47:25",\N,\N,"0","2008-01-30 12:47:25",\N,"CT1205","474","Matanzas","15","0",\N,\N
"1042","2017-05-13 12:21:18","D6945CA9E28B45F98EC0C76892832699","2008-01-30 12:47:25",\N,\N,"0","2008-01-30 12:47:25",\N,"CT1206","373","Matatlán","15","0",\N,\N
"1043","2017-05-13 12:21:18","635F21723B164B67A0CE7E976E00A138","2008-01-30 12:47:25",\N,\N,"0","2008-01-30 12:47:25",\N,"CT1207","382","Mazamitla","15","0",\N,\N
"1044","2017-05-13 12:21:18","D93F0CDDE2454CCD887730B121FD56E8","2008-01-30 12:47:25",\N,\N,"0","2008-01-30 12:47:25",\N,"CT1208","346","Mechoacanejo","15","0",\N,\N
"1045","2017-05-13 12:21:18","D12A16B8D2B644719338B500D05CD4B6","2008-01-30 12:47:25",\N,\N,"0","2008-01-30 12:47:25",\N,"CT1209","344","Mexticacán","15","0",\N,\N
"1046","2017-05-13 12:21:18","AFB9146FF9984CB49C1B71DEE5ED9FAF","2008-01-30 12:47:25",\N,\N,"0","2008-01-30 12:47:25",\N,"CT1210","376","Mezcala de los Romeros","15","0",\N,\N
"1047","2017-05-13 12:21:18","572C7F5C5F8A4895A7A7F06720007FC2","2008-01-30 12:47:25",\N,\N,"0","2008-01-30 12:47:25",\N,"CT1211","457","Mezquitic","15","0",\N,\N
"1048","2017-05-13 12:21:18","1871B7D26F9143EA89E9C9851B4FC9AB","2008-01-30 12:47:25",\N,\N,"0","2008-01-30 12:47:25",\N,"CT1212","322","Mismaloya","15","0",\N,\N
"1049","2017-05-13 12:21:18","DB64593866504C62A1BF914CAB6604F7","2008-01-30 12:47:25",\N,\N,"0","2008-01-30 12:47:25",\N,"CT1213","388","Mixtlán","15","0",\N,\N
"1050","2017-05-13 12:21:18","5F7AABDED26F44838544A24C08603B2E","2008-01-30 12:47:25",\N,\N,"0","2008-01-30 12:47:25",\N,"CT1214","33","Nicolás R. Casillas","15","0",\N,\N
"1051","2017-05-13 12:21:18","8AF91E808F8C441300F56F9C39EC085F","2008-01-30 12:47:25",\N,\N,"0","2008-01-30 12:47:25",\N,"CT1215","386","Oconahua","15","0",\N,\N
"1052","2017-05-13 12:21:18","61B9E382DFE5472EB7CACF338BDD7E78","2008-01-30 12:47:25",\N,\N,"0","2008-01-30 12:47:25",\N,"CT1216","392","Ocotlán","15","0",\N,\N
"1053","2017-05-13 12:21:18","8AAD2EBC64C24CD58F77CD65CB41D0C2","2008-01-30 12:47:25",\N,\N,"0","2008-01-30 12:47:25",\N,"CT1217","496","Ojuelos de Jalisco","15","0",\N,\N
"1054","2017-05-13 12:21:18","8783814C5E1F446F9C1297862C4BF5C2","2008-01-30 12:47:25",\N,\N,"0","2008-01-30 12:47:25",\N,"CT1218","391","Otatlán","15","0",\N,\N
"1055","2017-05-13 12:21:19","6EFED2432E8B403B964E7DCAEF4DCAAC","2008-01-30 12:47:25",\N,\N,"0","2008-01-30 12:47:25",\N,"CT1219","33","Palomar","15","0",\N,\N
"1056","2017-05-13 12:21:19","1599E01EBEE5435FA86F61FB5B6B15D1","2008-01-30 12:47:25",\N,\N,"0","2008-01-30 12:47:25",\N,"CT1220","373","Palos Altos","15","0",\N,\N
"1057","2017-05-13 12:21:19","09CD034C724A48399429ACA81E0530C6","2008-01-30 12:47:25",\N,\N,"0","2008-01-30 12:47:25",\N,"CT1221","474","Paso de Cuarenta","15","0",\N,\N
"1058","2017-05-13 12:21:19","4BDF4751E1DC4C2BB578CAA63D4244EA","2008-01-30 12:47:25",\N,\N,"0","2008-01-30 12:47:25",\N,"CT1222","378","Pegueros","15","0",\N,\N
"1059","2017-05-13 12:21:19","789373A17E4440A28EAD6CB27C6DCA6B","2008-01-30 12:47:25",\N,\N,"0","2008-01-30 12:47:25",\N,"CT1223","318","Pihuamo","15","0",\N,\N
"1060","2017-05-13 12:21:19","356C7A1AEA614A3ABEC6537883BAC6E3","2008-01-30 12:47:25",\N,\N,"0","2008-01-30 12:47:25",\N,"CT1224","391","Poncitlán","15","0",\N,\N
"1061","2017-05-13 12:21:19","5AF2F91F9B264748A2125975C348B0A6","2008-01-30 12:47:25",\N,\N,"0","2008-01-30 12:47:25",\N,"CT1225","387","Potrerillos","15","0",\N,\N
"1062","2017-05-13 12:21:19","BF612DE6B2EC49B186A2D10040393D20","2008-01-30 12:47:25",\N,\N,"0","2008-01-30 12:47:25",\N,"CT1226","33","Puente Grande","15","0",\N,\N
"1063","2017-05-13 12:21:19","F35A39A08D324473AB005124302804AA","2008-01-30 12:47:25",\N,\N,"0","2008-01-30 12:47:25",\N,"CT1227","322","Puerto Vallarta","15","0",\N,\N
"1064","2017-05-13 12:21:19","E250BCD610054C568785C3BC7B9DF257","2008-01-30 12:47:25",\N,\N,"0","2008-01-30 12:47:25",\N,"CT1228","349","Quila (Quila El Grande)","15","0",\N,\N
"1065","2017-05-13 12:21:19","43D276064625471DA7C21CC620009357","2008-01-30 12:47:25",\N,\N,"0","2008-01-30 12:47:25",\N,"CT1229","382","Quitupán","15","0",\N,\N
"1066","2017-05-13 12:21:19","7E1CBDE1B9AC4B8C86FFED165EEF5CBC","2008-01-30 12:47:25",\N,\N,"0","2008-01-30 12:47:25",\N,"CT1230","33","Rancho Contento","15","0",\N,\N
"1067","2017-05-13 12:21:19","3AC8CA52EE5C4E6093EEA4FDC563E47F","2008-01-30 12:47:25",\N,\N,"0","2008-01-30 12:47:25",\N,"CT1231","33","Rancho La Tijera","15","0",\N,\N
"1068","2017-05-13 12:21:19","1461D057F75145A69C56C2CDCC96D748","2008-01-30 12:47:25",\N,\N,"0","2008-01-30 12:47:25",\N,"CT1232","326","San Andrés Figueroa","15","0",\N,\N
"1069","2017-05-13 12:21:19","43A1F2CB04A34A4CA185548290FAAF00","2008-01-30 12:47:25",\N,\N,"0","2008-01-30 12:47:25",\N,"CT1233","386","San Andrés","15","0",\N,\N
"1070","2017-05-13 12:21:19","27EBD77906A349C18646B1AF54846F4C","2008-01-30 12:47:25",\N,\N,"0","2008-01-30 12:47:25",\N,"CT1234","391","San Antonio de Fernández","15","0",\N,\N
"1071","2017-05-13 12:21:19","57E3D31C31B44C43892FA671B9BD811E","2008-01-30 12:47:25",\N,\N,"0","2008-01-30 12:47:25",\N,"CT1235","373","San Antonio de los Vázquez","15","0",\N,\N
"1072","2017-05-13 12:21:19","34D43984AB7940929FA477E6573FD000","2008-01-30 12:47:25",\N,\N,"0","2008-01-30 12:47:25",\N,"CT1236","375","San Antonio Puerta de la Vega","15","0",\N,\N
"1073","2017-05-13 12:21:19","3A13C7FBF1B34437A5437190CD892300","2008-01-30 12:47:25",\N,\N,"0","2008-01-30 12:47:25",\N,"CT1237","316","San Clemente","15","0",\N,\N
"1074","2017-05-13 12:21:19","D5B1BE841F444A94AA2F34DA25FF843E","2008-01-30 12:47:25",\N,\N,"0","2008-01-30 12:47:25",\N,"CT1238","373","San Cristóbal de la Barranca","15","0",\N,\N
"1075","2017-05-13 12:21:19","AA912C9FC72D4B220034D8AD13ED8188","2008-01-30 12:47:25",\N,\N,"0","2008-01-30 12:47:25",\N,"CT1239","474","San Cristóbal","15","0",\N,\N
"1076","2017-05-13 12:21:19","2C05415B3F3247C7A9B364C3A3978497","2008-01-30 12:47:25",\N,\N,"0","2008-01-30 12:47:25",\N,"CT1240","395","San Diego de Alejandría","15","0",\N,\N
"1077","2017-05-13 12:21:19","BFE3CFF1735C43E690756817E95BB0FF","2008-01-30 12:47:25",\N,\N,"0","2008-01-30 12:47:25",\N,"CT1241","33","San Esteban","15","0",\N,\N
"1078","2017-05-13 12:21:19","31FE7E7D929F429093374C9776CB3D59","2008-01-30 12:47:25",\N,\N,"0","2008-01-30 12:47:25",\N,"CT1242","393","San Francisco de Rivas","15","0",\N,\N
"1079","2017-05-13 12:21:20","D1228423ABA049FC8BFF46EA9C338394","2008-01-30 12:47:25",\N,\N,"0","2008-01-30 12:47:25",\N,"CT1243","343","San Gabriel","15","0",\N,\N
"1080","2017-05-13 12:21:20","CDB7A1793C9546E29EF5D9396210B495","2008-01-30 12:47:25",\N,\N,"0","2008-01-30 12:47:25",\N,"CT1244","431","San Gaspar de los Reyes (San Gaspar)","15","0",\N,\N
"1081","2017-05-13 12:21:20","0EFC365689BC4C8B8522BB511E5849EC","2008-01-30 12:47:25",\N,\N,"0","2008-01-30 12:47:25",\N,"CT1245","348","San Ignacio Cerro Gordo","15","0",\N,\N
"1082","2017-05-13 12:21:20","613AAB464DA5464FB6E569B27FAE4526","2008-01-30 12:47:25",\N,\N,"0","2008-01-30 12:47:25",\N,"CT1246","379","San Isidro Mazatepec","15","0",\N,\N
"1083","2017-05-13 12:21:20","E1ED91495AFF4DF0A2ACC6E5A9AF1124","2008-01-30 12:47:25",\N,\N,"0","2008-01-30 12:47:25",\N,"CT1247","343","San Isidro","15","0",\N,\N
"1084","2017-05-13 12:21:20","018FB6EE76F6481C8E683694190771F9","2008-01-30 12:47:25",\N,\N,"0","2008-01-30 12:47:25",\N,"CT1248","393","San José Casas Caídas","15","0",\N,\N
"1085","2017-05-13 12:21:20","5F0A326AF69746C9BC00C4968DBD2609","2008-01-30 12:47:25",\N,\N,"0","2008-01-30 12:47:25",\N,"CT1249","391","San José de Gracia","15","0",\N,\N
"1086","2017-05-13 12:21:20","7BAE854610D54959B644FD63763C70E2","2008-01-30 12:47:25",\N,\N,"0","2008-01-30 12:47:25",\N,"CT1250","392","San José de la Paz","15","0",\N,\N
"1087","2017-05-13 12:21:20","F39D848FA34B497BB9C9A298BEBDE289","2008-01-30 12:47:25",\N,\N,"0","2008-01-30 12:47:25",\N,"CT1251","393","San José de las Moras","15","0",\N,\N
"1088","2017-05-13 12:21:20","0AE9B55096DA4C7483E5F4DC4CDC9D9F","2008-01-30 12:47:25",\N,\N,"0","2008-01-30 12:47:25",\N,"CT1252","474","San José de los Reynoso","15","0",\N,\N
"1089","2017-05-13 12:21:20","32D51BB8BBDC47A896471F60747FC2D4","2008-01-30 12:47:25",\N,\N,"0","2008-01-30 12:47:25",\N,"CT1253","33","San José del Castillo","15","0",\N,\N
"1090","2017-05-13 12:21:20","AA38638BD6F144928B7C738F41CB18AD","2008-01-30 12:47:25",\N,\N,"0","2008-01-30 12:47:25",\N,"CT1254","387","San Juan Cosala","15","0",\N,\N
"1091","2017-05-13 12:21:20","D5EAFB814B694CF09FFE5683FD9100B2","2008-01-30 12:47:25",\N,\N,"0","2008-01-30 12:47:25",\N,"CT1255","395","San Juan de los Lagos","15","0",\N,\N
"1092","2017-05-13 12:21:20","02662085857E4EAE958418FD8B5539BA","2008-01-30 12:47:25",\N,\N,"0","2008-01-30 12:47:25",\N,"CT1256","376","San Juan Tecomatlán","15","0",\N,\N
"1093","2017-05-13 12:21:20","E6C1AE0C19724FADBCDA371D2B01EE1E","2008-01-30 12:47:25",\N,\N,"0","2008-01-30 12:47:25",\N,"CT1257","347","San Julián","15","0",\N,\N
"1094","2017-05-13 12:21:20","9FFE797E01E24A0EB0ED3161A01FC335","2008-01-30 12:47:25",\N,\N,"0","2008-01-30 12:47:25",\N,"CT1258","376","San Luis Soyatlán","15","0",\N,\N
"1095","2017-05-13 12:21:20","A9ED0B8F520E48C0A95C7BC8F6FFF180","2008-01-30 12:47:25",\N,\N,"0","2008-01-30 12:47:25",\N,"CT1259","386","San Marcos (Mpio. San Marcos)","15","0",\N,\N
"1096","2017-05-13 12:21:20","06764B3D5D5F4AA9B2C4357ED5B9EBEF","2008-01-30 12:47:25",\N,\N,"0","2008-01-30 12:47:25",\N,"CT1260","318","San Marcos (Mpio. Tonila)","15","0",\N,\N
"1097","2017-05-13 12:21:20","0619E7D59E724845905C34A9949B8765","2008-01-30 12:47:25",\N,\N,"0","2008-01-30 12:47:25",\N,"CT1261","33","San Martín de las Flores de Abajo","15","0",\N,\N
"1098","2017-05-13 12:21:20","BA5649B66B0B463A920211A876A01539","2008-01-30 12:47:25",\N,\N,"0","2008-01-30 12:47:25",\N,"CT1262","33","San Martín de las Flores","15","0",\N,\N
"1099","2017-05-13 12:21:20","74CE961674E54115ABE415AFC9FF6B50","2008-01-30 12:47:25",\N,\N,"0","2008-01-30 12:47:25",\N,"CT1263","392","San Martín de Zula (Zula)","15","0",\N,\N
"1100","2017-05-13 12:21:20","229EDF33025D449BA76539E731E92BB7","2008-01-30 12:47:25",\N,\N,"0","2008-01-30 12:47:25",\N,"CT1264","385","San Martín Hidalgo","15","0",\N,\N
"1101","2017-05-13 12:21:20","8D57F74A2A91444DBB27104DB64E99E4","2008-01-30 12:47:25",\N,\N,"0","2008-01-30 12:47:25",\N,"CT1265","315","San Mateo","15","0",\N,\N
"1102","2017-05-13 12:21:20","A7B436A4F4E5443E9C820017FE395BFE","2008-01-30 12:47:25",\N,\N,"0","2008-01-30 12:47:25",\N,"CT1266","379","San Miguel Cuyutlán","15","0",\N,\N
"1103","2017-05-13 12:21:20","331CE1B3FB624FF78FD8AA2FB2328FBF","2008-01-30 12:47:25",\N,\N,"0","2008-01-30 12:47:25",\N,"CT1267","347","San Miguel El Alto","15","0",\N,\N
"1104","2017-05-13 12:21:20","26B8236D720F4D67A22EDA4B692C7712","2008-01-30 12:47:25",\N,\N,"0","2008-01-30 12:47:25",\N,"CT1268","391","San Miguel Zapotitlán","15","0",\N,\N
"1105","2017-05-13 12:21:20","D7A50F48B1E6483286C9EF71C9B8B1D5","2008-01-30 12:47:25",\N,\N,"0","2008-01-30 12:47:25",\N,"CT1269","385","San Nicolás (San Nicolás de Acuña)","15","0",\N,\N
"1106","2017-05-13 12:21:20","0852E959005B421D9660E61700E68DEA","2008-01-30 12:47:25",\N,\N,"0","2008-01-30 12:47:25",\N,"CT1270","315","San Patricio (Melaque)","15","0",\N,\N
"1107","2017-05-13 12:21:20","54BC3187D1FA4E3AAD6EC14B17BBBC28","2008-01-30 12:47:25",\N,\N,"0","2008-01-30 12:47:25",\N,"CT1271","387","San Pedro Tesistán","15","0",\N,\N
"1108","2017-05-13 12:21:20","E8B97D0C29C34800B2DFAF60549F4415","2008-01-30 12:47:25",\N,\N,"0","2008-01-30 12:47:25",\N,"CT1272","393","San Ramón","15","0",\N,\N
"1109","2017-05-13 12:21:20","943C327F13E848BD8BBE9329549DE078","2008-01-30 12:47:25",\N,\N,"0","2008-01-30 12:47:25",\N,"CT1273","475","San Sebastián del Alamo","15","0",\N,\N
"1110","2017-05-13 12:21:20","AED0BC4DD85949858DD3482678F1B26C","2008-01-30 12:47:25",\N,\N,"0","2008-01-30 12:47:25",\N,"CT1274","33","San Sebastián El Grande","15","0",\N,\N
"1111","2017-05-13 12:21:20","BA842109F93D4D959CCC174BBC9C7609","2008-01-30 12:47:25",\N,\N,"0","2008-01-30 12:47:25",\N,"CT1275","379","Santa Cruz de las Flores","15","0",\N,\N
"1112","2017-05-13 12:21:21","3F581995F40C458B93B8350710CD9C70","2008-01-30 12:47:25",\N,\N,"0","2008-01-30 12:47:25",\N,"CT1276","374","Santa Cruz del Astillero","15","0",\N,\N
"1113","2017-05-13 12:21:21","5B41F866D3B148A0B961BD439DF6BCE5","2008-01-30 12:47:25",\N,\N,"0","2008-01-30 12:47:25",\N,"CT1277","33","Santa Cruz del Valle","15","0",\N,\N
"1114","2017-05-13 12:21:21","96926DDA579D4FE394F2FF327C88E2AC","2008-01-30 12:47:25",\N,\N,"0","2008-01-30 12:47:25",\N,"CT1278","392","Santa Cruz El Grande","15","0",\N,\N
"1115","2017-05-13 12:21:21","7CEE10FA406C4CBEBA73FCFEFB4981A0","2008-01-30 12:47:25",\N,\N,"0","2008-01-30 12:47:25",\N,"CT1279","373","Santa Fe","15","0",\N,\N
"1116","2017-05-13 12:21:21","3F7CA04BFC8F46A8A439D95CED4504A9","2008-01-30 12:47:25",\N,\N,"0","2008-01-30 12:47:25",\N,"CT1280","475","Santa María de Abajo","15","0",\N,\N
"1117","2017-05-13 12:21:21","EC7E376BB47D4CD1A28CF200C47780E8","2008-01-30 12:47:25",\N,\N,"0","2008-01-30 12:47:25",\N,"CT1281","348","Santa María del Valle","15","0",\N,\N
"1118","2017-05-13 12:21:21","4BE37D2116DE4FB5B94F11947139CC53","2008-01-30 12:47:25",\N,\N,"0","2008-01-30 12:47:25",\N,"CT1282","348","Santiaguito de Velázquez","15","0",\N,\N
"1119","2017-05-13 12:21:21","342B5405DA2D4DE389449F8B22278000","2008-01-30 12:47:25",\N,\N,"0","2008-01-30 12:47:25",\N,"CT1283","342","Sayula","15","0",\N,\N
"1120","2017-05-13 12:21:21","3E8AB52024F748499180E263FC006D20","2008-01-30 12:47:25",\N,\N,"0","2008-01-30 12:47:25",\N,"CT1284","384","Tala","15","0",\N,\N
"1121","2017-05-13 12:21:21","89180143930D4EB39CF206D9E38BE200","2008-01-30 12:47:25",\N,\N,"0","2008-01-30 12:47:25",\N,"CT1285","388","Talpa de Allende","15","0",\N,\N
"1122","2017-05-13 12:21:21","45FC7203DFFD43A18600D7DF18F042AC","2008-01-30 12:47:25",\N,\N,"0","2008-01-30 12:47:25",\N,"CT1286","358","Tamazula","15","0",\N,\N
"1123","2017-05-13 12:21:21","D573614CB61F4DB3A95817905CC05BA6","2008-01-30 12:47:25",\N,\N,"0","2008-01-30 12:47:25",\N,"CT1287","385","Tamazulita","15","0",\N,\N
"1124","2017-05-13 12:21:21","C4E3A813367841DB9CA2C61400FC2C1C","2008-01-30 12:47:25",\N,\N,"0","2008-01-30 12:47:25",\N,"CT1288","343","Tapalpa","15","0",\N,\N
"1125","2017-05-13 12:21:21","7DE23A59C8154F4AB76D3554728348B2","2008-01-30 12:47:25",\N,\N,"0","2008-01-30 12:47:25",\N,"CT1289","341","Tasinaxtla (La Cañada)","15","0",\N,\N
"1126","2017-05-13 12:21:21","61D3F429F36A4A96BFE5E2468076B8FE","2008-01-30 12:47:25",\N,\N,"0","2008-01-30 12:47:25",\N,"CT1290","371","Tecalitlán","15","0",\N,\N
"1127","2017-05-13 12:21:21","A3D10BC210214DDAA6AB6E6E00B89DC0","2008-01-30 12:47:25",\N,\N,"0","2008-01-30 12:47:25",\N,"CT1291","349","Tecolotlán","15","0",\N,\N
"1128","2017-05-13 12:21:21","FF06FF16115D4A97B52C6FECBF69CAAF","2008-01-30 12:47:25",\N,\N,"0","2008-01-30 12:47:25",\N,"CT1292","391","Tecualtitán","15","0",\N,\N
"1129","2017-05-13 12:21:21","CA949D1B0703479C0082BB01922E09D6","2008-01-30 12:47:25",\N,\N,"0","2008-01-30 12:47:25",\N,"CT1293","437","Temastian","15","0",\N,\N
"1130","2017-05-13 12:21:21","5FD6EC1174014E7999CEF67FADE6CAA3","2008-01-30 12:47:25",\N,\N,"0","2008-01-30 12:47:25",\N,"CT1294","349","Tenamaxtlán","15","0",\N,\N
"1131","2017-05-13 12:21:21","A2DCC481D8954AA68CDC7BD2CD4DE8C0","2008-01-30 12:47:25",\N,\N,"0","2008-01-30 12:47:25",\N,"CT1295","346","Teocaltiche","15","0",\N,\N
"1132","2017-05-13 12:21:21","87AFDB9841764A0497F4F66E82DE55E2","2008-01-30 12:47:25",\N,\N,"0","2008-01-30 12:47:25",\N,"CT1296","372","Teocuitatlán de Corona","15","0",\N,\N
"1133","2017-05-13 12:21:21","3C5CA752024C4A1682E74401493D3683","2008-01-30 12:47:25",\N,\N,"0","2008-01-30 12:47:25",\N,"CT1297","378","Tepatitlan de Morelos","15","0",\N,\N
"1134","2017-05-13 12:21:21","92824E86471C4E8EAC6181DA22B60282","2008-01-30 12:47:25",\N,\N,"0","2008-01-30 12:47:25",\N,"CT1298","495","Tepusco","15","0",\N,\N
"1135","2017-05-13 12:21:21","6C68924D1A914AD0B0F24557F7E99D6D","2008-01-30 12:47:25",\N,\N,"0","2008-01-30 12:47:25",\N,"CT1299","357","Tequesquitlán","15","0",\N,\N
"1136","2017-05-13 12:21:21","DF11ECAF44394384A1F4A27467D1C273","2008-01-30 12:47:25",\N,\N,"0","2008-01-30 12:47:25",\N,"CT1300","374","Tequila","15","0",\N,\N
"1137","2017-05-13 12:21:21","A161D985C7EC46E6AD00472600394356","2008-01-30 12:47:25",\N,\N,"0","2008-01-30 12:47:25",\N,"CT1301","33","Tesistán (San Francisco Tesistán)","15","0",\N,\N
"1138","2017-05-13 12:21:21","9DE50AEAD7B944F5B4ABDEFB7FBE1868","2008-01-30 12:47:25",\N,\N,"0","2008-01-30 12:47:25",\N,"CT1302","384","Teuchitlán","15","0",\N,\N
"1139","2017-05-13 12:21:21","5C28B9BE426C4A30A2260553F3481DDE","2008-01-30 12:47:25",\N,\N,"0","2008-01-30 12:47:25",\N,"CT1303","376","Tizapán El Alto","15","0",\N,\N
"1140","2017-05-13 12:21:21","77A90CC0A2DB40988C250679338D64DC","2008-01-30 12:47:25",\N,\N,"0","2008-01-30 12:47:25",\N,"CT1304","395","Tlacuitapan","15","0",\N,\N
"1141","2017-05-13 12:21:21","AD2174C35DD64E8294D7083E418C37AD","2008-01-30 12:47:25",\N,\N,"0","2008-01-30 12:47:25",\N,"CT1305","379","Tlajomulco de Zuñiga","15","0",\N,\N
"1142","2017-05-13 12:21:21","D58951F62B6144A7ABEA831E2E2C6F2B","2008-01-30 12:47:25",\N,\N,"0","2008-01-30 12:47:25",\N,"CT1306","33","Tlaquepaque","15","0",\N,\N
"1143","2017-05-13 12:21:21","C3E093F5AC99413BBEDFD27689887835","2008-01-30 12:47:25",\N,\N,"0","2008-01-30 12:47:25",\N,"CT1307","343","Tolimán","15","0",\N,\N
"1144","2017-05-13 12:21:21","8D0710B1D08D4455A1DFF52971DA6369","2008-01-30 12:47:25",\N,\N,"0","2008-01-30 12:47:25",\N,"CT1308","322","Tomatlán","15","0",\N,\N
"1145","2017-05-13 12:21:21","6C8A813D8A8A43578715AA7696EFFB30","2008-01-30 12:47:25",\N,\N,"0","2008-01-30 12:47:25",\N,"CT1309","33","Tonalá","15","0",\N,\N
"1146","2017-05-13 12:21:22","29677C95A1CD48DB8BF5A53500D5B900","2008-01-30 12:47:25",\N,\N,"0","2008-01-30 12:47:25",\N,"CT1310","343","Tonaya","15","0",\N,\N
"1147","2017-05-13 12:21:22","17A145C39BE94BEE859C005F3C04A1A0","2008-01-30 12:47:25",\N,\N,"0","2008-01-30 12:47:25",\N,"CT1311","318","Tonila","15","0",\N,\N
"1148","2017-05-13 12:21:22","DBDA572BEAA24BF090CAF9DD5600ECED","2008-01-30 12:47:25",\N,\N,"0","2008-01-30 12:47:25",\N,"CT1312","437","Totatiche","15","0",\N,\N
"1149","2017-05-13 12:21:22","AA609CC2AE884D17996C3FF044713555","2008-01-30 12:47:25",\N,\N,"0","2008-01-30 12:47:25",\N,"CT1313","391","Tototlan","15","0",\N,\N
"1150","2017-05-13 12:21:22","78052BD952264A39BC5126A1DBCA2E42","2008-01-30 12:47:25",\N,\N,"0","2008-01-30 12:47:25",\N,"CT1314","373","Trejos","15","0",\N,\N
"1151","2017-05-13 12:21:22","07997A4634594B2DAC772F4324006B53","2008-01-30 12:47:25",\N,\N,"0","2008-01-30 12:47:25",\N,"CT1315","343","Tuxcacuesco","15","0",\N,\N
"1152","2017-05-13 12:21:22","9BCFEBBE85F1447CB605E300B827BBEB","2008-01-30 12:47:25",\N,\N,"0","2008-01-30 12:47:25",\N,"CT1316","371","Tuxpan","15","0",\N,\N
"1153","2017-05-13 12:21:22","BCE264D7BA1E4A46991909BB37DC50E8","2008-01-30 12:47:25",\N,\N,"0","2008-01-30 12:47:25",\N,"CT1317","372","Unión de Guadalupe","15","0",\N,\N
"1154","2017-05-13 12:21:22","2C23EBD733FD47F400637C9819C5D7C7","2008-01-30 12:47:25",\N,\N,"0","2008-01-30 12:47:25",\N,"CT1318","395","Unión de San Antonio","15","0",\N,\N
"1155","2017-05-13 12:21:22","872F18BA1E694F2400E3579E05BF205B","2008-01-30 12:47:25",\N,\N,"0","2008-01-30 12:47:25",\N,"CT1319","316","Unión de Tula","15","0",\N,\N
"1156","2017-05-13 12:21:22","80588616136046099780A92145415BAC","2008-01-30 12:47:25",\N,\N,"0","2008-01-30 12:47:25",\N,"CT1320","347","Valle de Guadalupe","15","0",\N,\N
"1157","2017-05-13 12:21:22","5A31AF04C9704D839CC5C04FEA32D135","2008-01-30 12:47:25",\N,\N,"0","2008-01-30 12:47:25",\N,"CT1321","382","Valle de Juárez","15","0",\N,\N
"1158","2017-05-13 12:21:22","AD61551852DB488BB8AAE03769B0152B","2008-01-30 12:47:25",\N,\N,"0","2008-01-30 12:47:25",\N,"CT1322","387","Villa Corona","15","0",\N,\N
"1159","2017-05-13 12:21:22","F1AD2A89C7AA4ED2882EDCBB49ED4ED4","2008-01-30 12:47:25",\N,\N,"0","2008-01-30 12:47:25",\N,"CT1323","358","Villa de Contla (Contla)","15","0",\N,\N
"1160","2017-05-13 12:21:22","C3BBD0843D454E95A885000028393EA8","2008-01-30 12:47:25",\N,\N,"0","2008-01-30 12:47:25",\N,"CT1324","437","Villa Guerrero","15","0",\N,\N
"1161","2017-05-13 12:21:22","ABA327299FF8429682669C955D619C5F","2008-01-30 12:47:25",\N,\N,"0","2008-01-30 12:47:25",\N,"CT1325","495","Villa Hidalgo","15","0",\N,\N
"1162","2017-05-13 12:21:22","94C44CF4557A45BEBB7765784B5B4400","2008-01-30 12:47:25",\N,\N,"0","2008-01-30 12:47:25",\N,"CT1326","341","Villa Lázaro Cárdenas (El Aserradero)","15","0",\N,\N
"1163","2017-05-13 12:21:22","3F321FE2987A4D5287EBBE9D317C7B57","2008-01-30 12:47:25",\N,\N,"0","2008-01-30 12:47:25",\N,"CT1327","357","Villa Purificación","15","0",\N,\N
"1164","2017-05-13 12:21:22","8907F77AFAE04E8F84D8DCCB607B3047","2008-01-30 12:47:25",\N,\N,"0","2008-01-30 12:47:25",\N,"CT1328","358","Vista Hermosa (Santa Cruz del Cortijo)","15","0",\N,\N
"1165","2017-05-13 12:21:22","DA1E7B4F01A64C28A4F2123DAEFFE3C6","2008-01-30 12:47:25",\N,\N,"0","2008-01-30 12:47:25",\N,"CT1329","344","Yahualica","15","0",\N,\N
"1166","2017-05-13 12:21:22","A6E853A5F1F94481A154F883C536B156","2008-01-30 12:47:25",\N,\N,"0","2008-01-30 12:47:25",\N,"CT1330","326","Zacoalco","15","0",\N,\N
"1167","2017-05-13 12:21:22","C22C52D7269C450AAA058EE6D37D46B7","2008-01-30 12:47:25",\N,\N,"0","2008-01-30 12:47:25",\N,"CT1331","33","Zapopan","15","0",\N,\N
"1168","2017-05-13 12:21:22","5ADDE1A70921492D8742F5AB9E70C8EF","2008-01-30 12:47:25",\N,\N,"0","2008-01-30 12:47:25",\N,"CT1332","33","Zapote del Valle (Zapote de Santa Cruz)","15","0",\N,\N
"1169","2017-05-13 12:21:22","EC0D099A25584771BB00176DB59D1EFC","2008-01-30 12:47:25",\N,\N,"0","2008-01-30 12:47:25",\N,"CT1333","341","Zapotiltic","15","0",\N,\N
"1170","2017-05-13 12:21:22","76DB9D120CDD4545A339BE3D5CE93928","2008-01-30 12:47:25",\N,\N,"0","2008-01-30 12:47:25",\N,"CT1334","387","Zapotitán de Hidalgo","15","0",\N,\N
"1171","2017-05-13 12:21:22","B9F6D199703749ABBDD388075916E71E","2008-01-30 12:47:25",\N,\N,"0","2008-01-30 12:47:25",\N,"CT1335","343","Zapotitlán de Vadillo","15","0",\N,\N
"1172","2017-05-13 12:21:22","14125B367320495E8F00253168235C65","2008-01-30 12:47:25",\N,\N,"0","2008-01-30 12:47:25",\N,"CT1336","391","Zapotlán del Rey","15","0",\N,\N
"1173","2017-05-13 12:21:22","F4B042DA52504534915FF01BB159F4B1","2008-01-30 12:47:25",\N,\N,"0","2008-01-30 12:47:25",\N,"CT1337","373","Zapotlanejo","15","0",\N,\N
"1174","2017-05-13 12:21:22","644F92D99A3C43DFA33627405F57C092","2008-01-30 12:47:25",\N,\N,"0","2008-01-30 12:47:25",\N,"CT1338","378","Mezcala (Mp.Tepatitlán de Morelo)","15","0",\N,\N
"1175","2017-05-13 12:21:22","7710080619204B48BF56C471B2AD0184","2008-01-30 12:47:25",\N,\N,"0","2008-01-30 12:47:25",\N,"CT1339","326","San Marcos (Mp.Zacoalco de Torres","15","0",\N,\N
"1176","2017-05-13 12:21:23","C31BA656938F4B9EA48B32B8663200D0","2008-01-30 12:47:25",\N,\N,"0","2008-01-30 12:47:25",\N,"CT1340","378","Acatic","15","0",\N,\N
"1177","2017-05-13 12:21:23","4A50DC00B9FB4DE2A11167523D49335D","2008-01-30 12:47:25",\N,\N,"0","2008-01-30 12:47:25",\N,"CT1341","387","Acatlán de Juárez","15","0",\N,\N
"1178","2017-05-13 12:21:23","9DF94D76ADE3449A900061EF757F1962","2008-01-30 12:47:25",\N,\N,"0","2008-01-30 12:47:25",\N,"CT1342","386","Ahualulco","15","0",\N,\N
"1179","2017-05-13 12:21:23","1A9C296682E6427088B7A65F8DC3C114","2008-01-30 12:47:25",\N,\N,"0","2008-01-30 12:47:25",\N,"CT1343","376","Ajijic","15","0",\N,\N
"1180","2017-05-13 12:21:23","CD67387554774D92B02BDABB09D7D926","2008-01-30 12:47:25",\N,\N,"0","2008-01-30 12:47:25",\N,"CT1344","372","Amacueca","15","0",\N,\N
"1181","2017-05-13 12:21:23","0F2E7C6FC30648F181194113BA5F4508","2008-01-30 12:47:25",\N,\N,"0","2008-01-30 12:47:25",\N,"CT1345","374","Amatitán","15","0",\N,\N
"1182","2017-05-13 12:21:23","9E2DF058AB8A4B34BBFC49F42215ECD7","2008-01-30 12:47:25",\N,\N,"0","2008-01-30 12:47:25",\N,"CT1346","375","Ameca","15","0",\N,\N
"1183","2017-05-13 12:21:23","A844235008DB4739A64E614889B343C1","2008-01-30 12:47:25",\N,\N,"0","2008-01-30 12:47:25",\N,"CT1347","386","Antonio Escobedo","15","0",\N,\N
"1184","2017-05-13 12:21:23","6C137E79DB514BCB8686413564755F86","2008-01-30 12:47:25",\N,\N,"0","2008-01-30 12:47:25",\N,"CT1348","348","Arandas","15","0",\N,\N
"1185","2017-05-13 12:21:23","A9454B0F9CF44F91A940692E1083429F","2008-01-30 12:47:25",\N,\N,"0","2008-01-30 12:47:25",\N,"CT1349","326","Atemajac de Brizuela","15","0",\N,\N
"1186","2017-05-13 12:21:23","F93C63180BD9488897E39B1295DFA4E4","2008-01-30 12:47:25",\N,\N,"0","2008-01-30 12:47:25",\N,"CT1350","55","Axotlán","16","0",\N,\N
"1187","2017-05-13 12:21:23","5C94A8B4349449F9B60222352E592832","2008-01-30 12:47:25",\N,\N,"0","2008-01-30 12:47:25",\N,"CT1351","55","Buenavista","16","0",\N,\N
"1188","2017-05-13 12:21:23","C230DB5901A846FB93E83596362D2941","2008-01-30 12:47:25",\N,\N,"0","2008-01-30 12:47:25",\N,"CT1352","722","Calimaya de Díaz González","16","0",\N,\N
"1189","2017-05-13 12:21:23","FF04BB4AA0AB4931A14CF98692DDFE2C","2008-01-30 12:47:25",\N,\N,"0","2008-01-30 12:47:25",\N,"CT1353","722","Calixtlahuaca","16","0",\N,\N
"1190","2017-05-13 12:21:23","7D682ADF1A634B078505454200FAB22B","2008-01-30 12:47:25",\N,\N,"0","2008-01-30 12:47:25",\N,"CT1354","55","Campo Militar N. 37B (El Cabi)","16","0",\N,\N
"1191","2017-05-13 12:21:23","C245B5A2859E42A3BE4187D6E3B177B1","2008-01-30 12:47:25",\N,\N,"0","2008-01-30 12:47:25",\N,"CT1355","761","Canalejas","16","0",\N,\N
"1192","2017-05-13 12:21:23","FE7B646E07584DFAA90921D30089001E","2008-01-30 12:47:25",\N,\N,"0","2008-01-30 12:47:25",\N,"CT1356","722","Capardillas (Rancho Santa Lugarda)","16","0",\N,\N
"1193","2017-05-13 12:21:23","AF1B1A5098C243749301E61B9B002BDC","2008-01-30 12:47:25",\N,\N,"0","2008-01-30 12:47:25",\N,"CT1357","55","Chalco","16","0",\N,\N
"1194","2017-05-13 12:21:23","CB4FFDE661C040F8902E575D3DF64EEB","2008-01-30 12:47:25",\N,\N,"0","2008-01-30 12:47:25",\N,"CT1358","714","Chalma","16","0",\N,\N
"1195","2017-05-13 12:21:23","113CEBAE12254BCCAA88A53B18731F7E","2008-01-30 12:47:25",\N,\N,"0","2008-01-30 12:47:25",\N,"CT1359","595","Chiconcuac de Juárez","16","0",\N,\N
"1196","2017-05-13 12:21:23","E7E957A45F76460CA4C46BD8E853B0E1","2008-01-30 12:47:25",\N,\N,"0","2008-01-30 12:47:25",\N,"CT1452","712","San José del Rincón","16","0",\N,\N
"1197","2017-05-13 12:21:23","DF4B3B61158E4890A0E8EEB500772CBE","2008-01-30 12:47:25",\N,\N,"0","2008-01-30 12:47:25",\N,"CT1453","588","San José El Vidrio","16","0",\N,\N
"1198","2017-05-13 12:21:23","FA1E99F75D844DF5BC00CD907D57CE14","2008-01-30 12:47:25",\N,\N,"0","2008-01-30 12:47:25",\N,"CT1454","724","San Juan Acatitlán (Acatitlán)","16","0",\N,\N
"1199","2017-05-13 12:21:23","70D40AFF12EC41779267B2EC00298108","2008-01-30 12:47:25",\N,\N,"0","2008-01-30 12:47:25",\N,"CT1455","591","San Juan Pueblo Nuevo","16","0",\N,\N
"1200","2017-05-13 12:21:23","B8BC928E70624E57BAB6BDB2ECFCC067","2008-01-30 12:47:25",\N,\N,"0","2008-01-30 12:47:25",\N,"CT1456","722","San Juan Tilapa","16","0",\N,\N
"1201","2017-05-13 12:21:23","57C15AC2775743A8B165483211B1E1BD","2008-01-30 12:47:25",\N,\N,"0","2008-01-30 12:47:25",\N,"CT1457","714","San Juan Xochiaca","16","0",\N,\N
"1202","2017-05-13 12:21:23","F80E108B670C4B7DAE3F2E4EA9BB8FA4","2008-01-30 12:47:25",\N,\N,"0","2008-01-30 12:47:25",\N,"CT1458","728","San Lorenzo Huitzizilapan","16","0",\N,\N
"1203","2017-05-13 12:21:23","DBC8996715144197A2B321E600BFCE63","2008-01-30 12:47:25",\N,\N,"0","2008-01-30 12:47:25",\N,"CT1459","712","San Lorenzo Malacota","16","0",\N,\N
"1204","2017-05-13 12:21:24","483C426956B541A697D57DCFC24CA97B","2008-01-30 12:47:25",\N,\N,"0","2008-01-30 12:47:25",\N,"CT1460","588","San Luis Ayucan","16","0",\N,\N
"1205","2017-05-13 12:21:24","8A555E924E024447008970F2C493A7A4","2008-01-30 12:47:25",\N,\N,"0","2008-01-30 12:47:25",\N,"CT1461","596","San Luis Tecuahutitlán","16","0",\N,\N
"1206","2017-05-13 12:21:24","137567D06B9E416E83F000C9C5F36D75","2008-01-30 12:47:25",\N,\N,"0","2008-01-30 12:47:25",\N,"CT1462","594","San Marcos Nepantla","16","0",\N,\N
"1207","2017-05-13 12:21:24","6958A7E1AFDB4733B6FC5CBCDF945115","2008-01-30 12:47:25",\N,\N,"0","2008-01-30 12:47:25",\N,"CT1463","728","San Maria Atarasquillo","16","0",\N,\N
"1208","2017-05-13 12:21:24","5C106FEADED14BE0B4B99EC7BA1FB28E","2008-01-30 12:47:25",\N,\N,"0","2008-01-30 12:47:25",\N,"CT1464","588","San Martín Cachihuapan","16","0",\N,\N
"1209","2017-05-13 12:21:24","68726E65935245EB81326D994B8C3381","2008-01-30 12:47:25",\N,\N,"0","2008-01-30 12:47:25",\N,"CT1465","55","San Martín Cuautlalpan","16","0",\N,\N
"1210","2017-05-13 12:21:24","B098936472BF48C90003D5B442D26987","2008-01-30 12:47:25",\N,\N,"0","2008-01-30 12:47:25",\N,"CT1466","594","San Martín de las Pirámides","16","0",\N,\N
"1211","2017-05-13 12:21:24","94FDFD67A5594BDDB80032D1F626257E","2008-01-30 12:47:25",\N,\N,"0","2008-01-30 12:47:25",\N,"CT1467","728","San Mateo Atenco","16","0",\N,\N
"1212","2017-05-13 12:21:24","ED4D6ACA977443A991806859504C44ED","2008-01-30 12:47:25",\N,\N,"0","2008-01-30 12:47:25",\N,"CT1468","722","San Mateo Otzacatipan","16","0",\N,\N
"1213","2017-05-13 12:21:24","FF3297D056C8450091455CBFBD813FE2","2008-01-30 12:47:25",\N,\N,"0","2008-01-30 12:47:25",\N,"CT1469","722","San Mateo Oxtotitlán","16","0",\N,\N
"1214","2017-05-13 12:21:24","C3217715CA6A4401A4CAD47494B07880","2008-01-30 12:47:25",\N,\N,"0","2008-01-30 12:47:25",\N,"CT1470","724","San Miguel Ixtapan","16","0",\N,\N
"1215","2017-05-13 12:21:24","3C356E6AA59143B3B9FED9982CD76DEE","2008-01-30 12:47:25",\N,\N,"0","2008-01-30 12:47:25",\N,"CT1471","592","San Miguel Jaltepec","16","0",\N,\N
"1216","2017-05-13 12:21:24","E7EA536F83BD4983ACBFEBD5F9FAA730","2008-01-30 12:47:25",\N,\N,"0","2008-01-30 12:47:25",\N,"CT1472","719","San Miguel Mimiapan","16","0",\N,\N
"1217","2017-05-13 12:21:24","7C20247B531149A2AA6812351235ADA3","2008-01-30 12:47:25",\N,\N,"0","2008-01-30 12:47:25",\N,"CT1473","595","San Miguel Tlaixpan","16","0",\N,\N
"1218","2017-05-13 12:21:24","759BBD0C8228434FA9285747F029181B","2008-01-30 12:47:25",\N,\N,"0","2008-01-30 12:47:25",\N,"CT1474","722","San Miguel Zinacantepec","16","0",\N,\N
"1219","2017-05-13 12:21:24","072E1B718BD14D8191AB00B9D6935900","2008-01-30 12:47:25",\N,\N,"0","2008-01-30 12:47:25",\N,"CT1475","714","San Miguel","16","0",\N,\N
"1220","2017-05-13 12:21:24","DAFDA0223F7B43FD9600004F11917521","2008-01-30 12:47:25",\N,\N,"0","2008-01-30 12:47:25",\N,"CT1476","55","San Pablo Atlazalpan","16","0",\N,\N
"1221","2017-05-13 12:21:24","873F7B194407474F8034BFF86CF4CA63","2008-01-30 12:47:25",\N,\N,"0","2008-01-30 12:47:25",\N,"CT1477","722","San Pablo Autopan","16","0",\N,\N
"1222","2017-05-13 12:21:24","B6BBCB5A258D4B0900B200AC272ED0FE","2008-01-30 12:47:25",\N,\N,"0","2008-01-30 12:47:25",\N,"CT1478","728","San Pedro Atlapulco","16","0",\N,\N
"1223","2017-05-13 12:21:24","39219E1C58EB49D300A49E762C5FBA28","2008-01-30 12:47:25",\N,\N,"0","2008-01-30 12:47:25",\N,"CT1479","716","San Pedro Limón","16","0",\N,\N
"1224","2017-05-13 12:21:24","D9F3CE52EA814DDBBDC3A474A48F316B","2008-01-30 12:47:25",\N,\N,"0","2008-01-30 12:47:25",\N,"CT1480","712","San Pedro los Baños","16","0",\N,\N
"1225","2017-05-13 12:21:24","050DBB102D9B473BA249F71C16006800","2008-01-30 12:47:25",\N,\N,"0","2008-01-30 12:47:25",\N,"CT1481","722","San Pedro Totoltepec","16","0",\N,\N
"1226","2017-05-13 12:21:24","AEC837CC74F64CA1B2645DD825858DF8","2008-01-30 12:47:25",\N,\N,"0","2008-01-30 12:47:25",\N,"CT1482","595","San Salvador Atenco","16","0",\N,\N
"1227","2017-05-13 12:21:24","D979347C471B4EB5B698945307C97E8F","2008-01-30 12:47:25",\N,\N,"0","2008-01-30 12:47:25",\N,"CT1483","712","San Sebastián (San Sebastián Buenos Aires)","16","0",\N,\N
"1228","2017-05-13 12:21:24","AE6DE75D4E5E44F7A6B2827F92392B2B","2008-01-30 12:47:25",\N,\N,"0","2008-01-30 12:47:25",\N,"CT1484","716","San Simón de Guerrero","16","0",\N,\N
"1229","2017-05-13 12:21:24","AD3BE9D87B5E40C39159024938C5FE1B","2008-01-30 12:47:25",\N,\N,"0","2008-01-30 12:47:25",\N,"CT1485","595","San Vicente Chicoloapán","16","0",\N,\N
"1230","2017-05-13 12:21:25","7AF16C68558145019FF72CDE9300E326","2008-01-30 12:47:25",\N,\N,"0","2008-01-30 12:47:25",\N,"CT1486","588","Santa Ana Jilotzingo","16","0",\N,\N
"1231","2017-05-13 12:21:25","B63788512BEB4DC6BF51E0FBDFE424BE","2008-01-30 12:47:25",\N,\N,"0","2008-01-30 12:47:25",\N,"CT1487","713","Santa Cruz Atizapán","16","0",\N,\N
"1232","2017-05-13 12:21:25","FD374E81935C4A2587B042FC29A7694D","2008-01-30 12:47:25",\N,\N,"0","2008-01-30 12:47:25",\N,"CT1488","729","Santa Cruz Ayotuzco","16","0",\N,\N
"1233","2017-05-13 12:21:25","629E13E7F97E493A8F2E90F754F2C0FC","2008-01-30 12:47:25",\N,\N,"0","2008-01-30 12:47:25",\N,"CT1489","599","Santa María Ajoloapan","16","0",\N,\N
"1234","2017-05-13 12:21:25","F124832DFC174DFC0094001E3CCCB120","2008-01-30 12:47:25",\N,\N,"0","2008-01-30 12:47:25",\N,"CT1490","718","Santa María Canchesda","16","0",\N,\N
"1235","2017-05-13 12:21:25","DE10A26C06F94EEFA99D30009B75E8B5","2008-01-30 12:47:25",\N,\N,"0","2008-01-30 12:47:25",\N,"CT1491","591","Santa María Cuevas (Cuevas)","16","0",\N,\N
"1236","2017-05-13 12:21:25","6C2BA3BD2B324E28B039EF37D50197F2","2008-01-30 12:47:25",\N,\N,"0","2008-01-30 12:47:25",\N,"CT1492","725","Santa María del Monte","16","0",\N,\N
"1237","2017-05-13 12:21:25","C703CFAE9376445E8C8DFF7FF074B572","2008-01-30 12:47:25",\N,\N,"0","2008-01-30 12:47:25",\N,"CT1493","717","Santa María Jajalpa","16","0",\N,\N
"1238","2017-05-13 12:21:25","C77D2289A51947348B936E1D3F00405C","2008-01-30 12:47:25",\N,\N,"0","2008-01-30 12:47:25",\N,"CT1494","588","Santa María Magdalena Cahuacán","16","0",\N,\N
"1239","2017-05-13 12:21:25","8A6CD42297B7437CA9646CA5216C9C24","2008-01-30 12:47:25",\N,\N,"0","2008-01-30 12:47:25",\N,"CT1495","588","Santa María Mazatla","16","0",\N,\N
"1240","2017-05-13 12:21:25","1128C2C1338B4BBA9D647BD6AADC2DD1","2008-01-30 12:47:25",\N,\N,"0","2008-01-30 12:47:25",\N,"CT1496","728","Santa María Tlalmimilolpan","16","0",\N,\N
"1241","2017-05-13 12:21:25","937DFF169234426281296E2287C1A799","2008-01-30 12:47:25",\N,\N,"0","2008-01-30 12:47:25",\N,"CT1497","728","Santa Mateo Atarasquillo","16","0",\N,\N
"1242","2017-05-13 12:21:25","86F48208736940FA9D75BB66EAB97CD0","2008-01-30 12:47:25",\N,\N,"0","2008-01-30 12:47:25",\N,"CT1498","712","Santiago Acutzilapan","16","0",\N,\N
"1243","2017-05-13 12:21:25","1BEAAADA82ED435E9D80B1AF96C005EB","2008-01-30 12:47:25",\N,\N,"0","2008-01-30 12:47:25",\N,"CT1499","718","Santiago Coachochitlán","16","0",\N,\N
"1244","2017-05-13 12:21:25","82BB001843AB456F9800D3D47084D15D","2008-01-30 12:47:25",\N,\N,"0","2008-01-30 12:47:25",\N,"CT1500","714","Santiago Oxtotitlán","16","0",\N,\N
"1245","2017-05-13 12:21:25","8E73FDDD5595401ABEB485C068B227BD","2008-01-30 12:47:25",\N,\N,"0","2008-01-30 12:47:25",\N,"CT1501","713","Santiago Tianguistenco","16","0",\N,\N
"1246","2017-05-13 12:21:25","E3B9AE3FD4CD4FC4981DEE9453A3D932","2008-01-30 12:47:25",\N,\N,"0","2008-01-30 12:47:25",\N,"CT1502","592","Santiago Tolman","16","0",\N,\N
"1247","2017-05-13 12:21:25","BD9E74F94DA84E5C863397C65378ED08","2008-01-30 12:47:25",\N,\N,"0","2008-01-30 12:47:25",\N,"CT1503","712","Santiago Yeche","16","0",\N,\N
"1248","2017-05-13 12:21:25","DFB65523547B4ABABC49BC93977BB2EC","2008-01-30 12:47:25",\N,\N,"0","2008-01-30 12:47:25",\N,"CT1504","595","Santo Tomás Apipilhuasco (Santo Tomás)","16","0",\N,\N
"1249","2017-05-13 12:21:25","4E2ED16993004AD7979978D546CD4F23","2008-01-30 12:47:25",\N,\N,"0","2008-01-30 12:47:25",\N,"CT1505","716","Sultepec","16","0",\N,\N
"1250","2017-05-13 12:21:25","357EEA81927D4448824DF6F1456121FF","2008-01-30 12:47:25",\N,\N,"0","2008-01-30 12:47:25",\N,"CT1506","714","Tecomatlán (San Miguel Tecomatlán)","16","0",\N,\N
"1251","2017-05-13 12:21:25","44D03470674C434B87B75972FD54065B","2008-01-30 12:47:25",\N,\N,"0","2008-01-30 12:47:25",\N,"CT1507","724","Tejupilco de Hidalgo","16","0",\N,\N
"1252","2017-05-13 12:21:25","4F6F0058D02544A8A3B9502E5CC3012F","2008-01-30 12:47:25",\N,\N,"0","2008-01-30 12:47:25",\N,"CT1508","596","Temascalapa","16","0",\N,\N
"1253","2017-05-13 12:21:25","4235F2E64B684AADA1BD667491111100","2008-01-30 12:47:25",\N,\N,"0","2008-01-30 12:47:25",\N,"CT1509","718","Temascalcingo","16","0",\N,\N
"1254","2017-05-13 12:21:25","99359A89D99442A0A86D2BCD2F4D3C74","2008-01-30 12:47:25",\N,\N,"0","2008-01-30 12:47:25",\N,"CT1510","716","Temascaltepec","16","0",\N,\N
"1255","2017-05-13 12:21:25","AB1576268AB34B3AA348FDBAE09F8766","2008-01-30 12:47:25",\N,\N,"0","2008-01-30 12:47:25",\N,"CT1511","719","Temoaya","16","0",\N,\N
"1256","2017-05-13 12:21:25","67FDB91C0E0741BE82D4E90074B64815","2008-01-30 12:47:25",\N,\N,"0","2008-01-30 12:47:25",\N,"CT1512","714","Tenancingo","16","0",\N,\N
"1257","2017-05-13 12:21:25","07B65C3EA1734D559F427D4947E6F2F7","2008-01-30 12:47:25",\N,\N,"0","2008-01-30 12:47:25",\N,"CT1513","717","Tenango de Arista","16","0",\N,\N
"1258","2017-05-13 12:21:25","5FB841FE4BB34773A0E0AF085B06DD6C","2008-01-30 12:47:25",\N,\N,"0","2008-01-30 12:47:25",\N,"CT1514","597","Tenango del Aire","16","0",\N,\N
"1259","2017-05-13 12:21:25","29179B7CBF804DFC80BFC2EA3827D31C","2008-01-30 12:47:25",\N,\N,"0","2008-01-30 12:47:25",\N,"CT1515","726","Tenantongo (Avándaro)","16","0",\N,\N
"1260","2017-05-13 12:21:25","6FB2404C43154EECB6AC00B476D02C03","2008-01-30 12:47:25",\N,\N,"0","2008-01-30 12:47:25",\N,"CT1516","588","Tenjay","16","0",\N,\N
"1261","2017-05-13 12:21:25","EECBED4EC8374087B6206CF73566D4A6","2008-01-30 12:47:25",\N,\N,"0","2008-01-30 12:47:25",\N,"CT1517","593","Teoloyucan","16","0",\N,\N
"1262","2017-05-13 12:21:25","A144EB032B7E4830819F3EC6C528D430","2008-01-30 12:47:25",\N,\N,"0","2008-01-30 12:47:25",\N,"CT1518","594","Teotihuacán","16","0",\N,\N
"1263","2017-05-13 12:21:25","7C01122E865B486E9F91365EA853CE51","2008-01-30 12:47:25",\N,\N,"0","2008-01-30 12:47:25",\N,"CT1519","595","Tepetitlán","16","0",\N,\N
"1264","2017-05-13 12:21:25","1687452F7E5141938FAB0063D003BC96","2008-01-30 12:47:25",\N,\N,"0","2008-01-30 12:47:25",\N,"CT1520","595","Tepetlaoxtoc","16","0",\N,\N
"1265","2017-05-13 12:21:25","FB43C368DBA74A51B860508D6C447C5C","2008-01-30 12:47:25",\N,\N,"0","2008-01-30 12:47:25",\N,"CT1521","594","Tepexpan","16","0",\N,\N
"1266","2017-05-13 12:21:26","9A7F060BF5A940E08157FFE344A07320","2008-01-30 12:47:25",\N,\N,"0","2008-01-30 12:47:25",\N,"CT1522","55","Tepojaco","16","0",\N,\N
"1267","2017-05-13 12:21:26","F82EE33BBA6447A400EBE4CEBAFC7297","2008-01-30 12:47:25",\N,\N,"0","2008-01-30 12:47:25",\N,"CT1523","55","Tepotzotlán","16","0",\N,\N
"1268","2017-05-13 12:21:26","2ABEDECFC64C497DB2EC18C9EFEAD020","2008-01-30 12:47:25",\N,\N,"0","2008-01-30 12:47:25",\N,"CT1524","595","Tequexquinahuac","16","0",\N,\N
"1269","2017-05-13 12:21:26","4B4A9AABC84149C1A695936D46618BD4","2008-01-30 12:47:25",\N,\N,"0","2008-01-30 12:47:25",\N,"CT1525","591","Tequixquiac","16","0",\N,\N
"1270","2017-05-13 12:21:26","4C7229820A5E49EF8BFB659C64FC4FF3","2008-01-30 12:47:25",\N,\N,"0","2008-01-30 12:47:25",\N,"CT1526","716","Texcaltitlán","16","0",\N,\N
"1271","2017-05-13 12:21:26","1E264957FAC84AF4B900F2AD82B5EC48","2008-01-30 12:47:25",\N,\N,"0","2008-01-30 12:47:25",\N,"CT1527","595","Texcoco de Mora","16","0",\N,\N
"1272","2017-05-13 12:21:26","6171B4E4C661467D0079C1003C16A5EC","2008-01-30 12:47:25",\N,\N,"0","2008-01-30 12:47:25",\N,"CT1528","594","Tezoyuca","16","0",\N,\N
"1273","2017-05-13 12:21:26","1A94B4B88E0349DA8DC5BBAA73006936","2008-01-30 12:47:25",\N,\N,"0","2008-01-30 12:47:25",\N,"CT1529","722","Tlachaloya 1a. Sección","16","0",\N,\N
"1274","2017-05-13 12:21:26","4A497E761B9D4EC490A7F5B2DF244CCC","2008-01-30 12:47:25",\N,\N,"0","2008-01-30 12:47:25",\N,"CT1530","597","Tlalmanalco","16","0",\N,\N
"1275","2017-05-13 12:21:26","A99F631583F1433099D04DD128493FE6","2008-01-30 12:47:25",\N,\N,"0","2008-01-30 12:47:25",\N,"CT1531","55","Tlalnepantla","16","0",\N,\N
"1276","2017-05-13 12:21:26","7EA354985E6D4EF0896C09A6CC1DD967","2008-01-30 12:47:25",\N,\N,"0","2008-01-30 12:47:25",\N,"CT1532","599","Tlapanaloya","16","0",\N,\N
"1277","2017-05-13 12:21:26","015EBDDA850D4504872E99A59C115F05","2008-01-30 12:47:25",\N,\N,"0","2008-01-30 12:47:25",\N,"CT1533","588","Tlazala de Fabela","16","0",\N,\N
"1278","2017-05-13 12:21:26","6ECA030F356747BEBDC7D209AF0741E8","2008-01-30 12:47:25",\N,\N,"0","2008-01-30 12:47:25",\N,"CT1534","722","Toluca","16","0",\N,\N
"1279","2017-05-13 12:21:26","C04C30BBFD4F47439816D4A871DF80AC","2008-01-30 12:47:25",\N,\N,"0","2008-01-30 12:47:25",\N,"CT1535","721","Tonatico","16","0",\N,\N
"1280","2017-05-13 12:21:26","194BBAF3DE9747D1BA5F4DD519215C6D","2008-01-30 12:47:25",\N,\N,"0","2008-01-30 12:47:25",\N,"CT1536","588","Transfiguración","16","0",\N,\N
"1281","2017-05-13 12:21:26","71D0D79F98E24476B0A8C4BBA0B1F775","2008-01-30 12:47:25",\N,\N,"0","2008-01-30 12:47:25",\N,"CT1537","55","Tultepec","16","0",\N,\N
"1282","2017-05-13 12:21:26","DBB678540500491CAFB3007C155DFDE6","2008-01-30 12:47:25",\N,\N,"0","2008-01-30 12:47:25",\N,"CT1538","55","Tultitlán de Mariano Escobedo","16","0",\N,\N
"1283","2017-05-13 12:21:26","B80C94ADDA624B77BB24B0101E5C0366","2008-01-30 12:47:25",\N,\N,"0","2008-01-30 12:47:25",\N,"CT1539","726","Valle de Bravo","16","0",\N,\N
"1284","2017-05-13 12:21:26","BADF856CCE024E248E0050C0C2789FDA","2008-01-30 12:47:25",\N,\N,"0","2008-01-30 12:47:25",\N,"CT1540","55","Valle de Chalco","16","0",\N,\N
"1285","2017-05-13 12:21:26","2022C13420EB47B1008DD242FD15ED50","2008-01-30 12:47:25",\N,\N,"0","2008-01-30 12:47:25",\N,"CT1541","588","Villa del Carbón","16","0",\N,\N
"1286","2017-05-13 12:21:26","464D5B7A177E46E9B3DEFF817FBE1600","2008-01-30 12:47:25",\N,\N,"0","2008-01-30 12:47:25",\N,"CT1542","714","Villa Guerrero","16","0",\N,\N
"1287","2017-05-13 12:21:26","1AA7C9BC47E041C300D0987B94C1C78E","2008-01-30 12:47:25",\N,\N,"0","2008-01-30 12:47:25",\N,"CT1543","55","Villa Nicolás Romero","16","0",\N,\N
"1288","2017-05-13 12:21:26","0D1D6A4254D74108B7C0D2A317D5D182","2008-01-30 12:47:25",\N,\N,"0","2008-01-30 12:47:25",\N,"CT1544","726","Villa Victoria","16","0",\N,\N
"1289","2017-05-13 12:21:26","FD0848B5F57D4EA4A83CE000AE38E300","2008-01-30 12:47:25",\N,\N,"0","2008-01-30 12:47:25",\N,"CT1545","592","Xala","16","0",\N,\N
"1290","2017-05-13 12:21:26","FFED4A6DC5284C24A5EE38B51BBE6F01","2008-01-30 12:47:25",\N,\N,"0","2008-01-30 12:47:25",\N,"CT1546","713","Xalatlaco","16","0",\N,\N
"1291","2017-05-13 12:21:26","DDF634AEB6D447CE83AF004B46ABB16D","2008-01-30 12:47:25",\N,\N,"0","2008-01-30 12:47:25",\N,"CT1547","55","Xico","16","0",\N,\N
"1292","2017-05-13 12:21:26","A14E39A624E14596AEF91E76B71BFEFB","2008-01-30 12:47:25",\N,\N,"0","2008-01-30 12:47:25",\N,"CT1548","594","Xometla","16","0",\N,\N
"1293","2017-05-13 12:21:26","9DBDF57E70334234AC6297B19F208010","2008-01-30 12:47:25",\N,\N,"0","2008-01-30 12:47:25",\N,"CT1549","729","Zacamulpa","16","0",\N,\N
"1294","2017-05-13 12:21:26","9EB1A0734D1041A08C00DC007960F86D","2008-01-30 12:47:25",\N,\N,"0","2008-01-30 12:47:25",\N,"CT1550","591","Zitlaltepec","16","0",\N,\N
"1295","2017-05-13 12:21:26","56E48FF79BE64B2C89338D047793CC00","2008-01-30 12:47:25",\N,\N,"0","2008-01-30 12:47:25",\N,"CT1551","714","Zumpahuacán","16","0",\N,\N
"1296","2017-05-13 12:21:26","DF04B0ECE4C64E59AA85E3566BC3297D","2008-01-30 12:47:25",\N,\N,"0","2008-01-30 12:47:25",\N,"CT1552","591","Zumpango","16","0",\N,\N
"1297","2017-05-13 12:21:26","8E4F31E0A29C4F99993F51E4A67B0602","2008-01-30 12:47:25",\N,\N,"0","2008-01-30 12:47:25",\N,"CT1553","55","COAHACOALCO","16","0",\N,\N
"1298","2017-05-13 12:21:26","EC493D828CC840AA9331847B005C9E01","2008-01-30 12:47:25",\N,\N,"0","2008-01-30 12:47:25",\N,"CT1554","471","Acuitzeramo","17","0",\N,\N
"1299","2017-05-13 12:21:27","8DBB725497B14F0195685E268EDAF7A5","2008-01-30 12:47:25",\N,\N,"0","2008-01-30 12:47:25",\N,"CT1555","434","Acuitzio del Canje","17","0",\N,\N
"1300","2017-05-13 12:21:27","106E063B1A3B46219758BD139FF26379","2008-01-30 12:47:25",\N,\N,"0","2008-01-30 12:47:25",\N,"CT1556","786","Agostitlán","17","0",\N,\N
"1301","2017-05-13 12:21:27","1DCC100C8E354B8CB5BE86005559E512","2008-01-30 12:47:25",\N,\N,"0","2008-01-30 12:47:25",\N,"CT1557","426","Aguililla","17","0",\N,\N
"1302","2017-05-13 12:21:27","B216E692DC98422580404800CBC15EBB","2008-01-30 12:47:25",\N,\N,"0","2008-01-30 12:47:25",\N,"CT1558","455","Alvaro Obregón","17","0",\N,\N
"1303","2017-05-13 12:21:27","2ED49F6498134EC400B500A62877B7DB","2008-01-30 12:47:25",\N,\N,"0","2008-01-30 12:47:25",\N,"CT1559","454","Angamacutiro","17","0",\N,\N
"1304","2017-05-13 12:21:27","5087D4AF8F924C5CB6E4B842006327FF","2008-01-30 12:47:25",\N,\N,"0","2008-01-30 12:47:25",\N,"CT1560","715","Angangueo","17","0",\N,\N
"1305","2017-05-13 12:21:27","9938F271BDAE4AA39B018DEEEDBE026E","2008-01-30 12:47:25",\N,\N,"0","2008-01-30 12:47:25",\N,"CT1561","425","Antunez","17","0",\N,\N
"1306","2017-05-13 12:21:27","491D9493034F4FA7A4EBBB05B7FDC607","2008-01-30 12:47:25",\N,\N,"0","2008-01-30 12:47:25",\N,"CT1562","453","Apatzingán","17","0",\N,\N
"1307","2017-05-13 12:21:27","4F0E9ABD9C5A4F92ACE9FBFCF6E9B951","2008-01-30 12:47:25",\N,\N,"0","2008-01-30 12:47:25",\N,"CT1563","786","Aporo","17","0",\N,\N
"1308","2017-05-13 12:21:27","E1788BE0265D46C2A48EA20706408EE5","2008-01-30 12:47:25",\N,\N,"0","2008-01-30 12:47:25",\N,"CT1564","351","Ario de Rayón","17","0",\N,\N
"1309","2017-05-13 12:21:27","1B2773C82C734A10B0DDA784B1F95071","2008-01-30 12:47:25",\N,\N,"0","2008-01-30 12:47:25",\N,"CT1565","422","Ario de Rosales","17","0",\N,\N
"1310","2017-05-13 12:21:27","E7226B9390FB45F79BF94BCDD82F0000","2008-01-30 12:47:25",\N,\N,"0","2008-01-30 12:47:25",\N,"CT1566","753","Arteaga","17","0",\N,\N
"1311","2017-05-13 12:21:27","69F32C52CBFA4F9586D3236B788077AB","2008-01-30 12:47:25",\N,\N,"0","2008-01-30 12:47:25",\N,"CT1567","351","Atacheo de Regalado","17","0",\N,\N
"1312","2017-05-13 12:21:27","81F6795DEE1C4F9D91FC4E80E88D55E0","2008-01-30 12:47:25",\N,\N,"0","2008-01-30 12:47:25",\N,"CT1568","753","Bahía Bufadero","17","0",\N,\N
"1313","2017-05-13 12:21:27","4EDB34677A124F0BAB7B7269986F3620","2008-01-30 12:47:25",\N,\N,"0","2008-01-30 12:47:25",\N,"CT1569","786","Benito Juárez","17","0",\N,\N
"1314","2017-05-13 12:21:27","110E93AAD1564AB4B66F185E085E9BBC","2008-01-30 12:47:25",\N,\N,"0","2008-01-30 12:47:25",\N,"CT1570","426","Buenavista Tomatlán","17","0",\N,\N
"1315","2017-05-13 12:21:27","7B35DAABFD3A4E8EA54DF870F624CD81","2008-01-30 12:47:25",\N,\N,"0","2008-01-30 12:47:25",\N,"CT1571","753","Buenos Aires","17","0",\N,\N
"1316","2017-05-13 12:21:27","E45C00AF0A7B4E2A8CD61E1916252F26","2008-01-30 12:47:25",\N,\N,"0","2008-01-30 12:47:25",\N,"CT1572","455","Capacho","17","0",\N,\N
"1317","2017-05-13 12:21:27","B7D2886BED044272A6F3A8C438DB00BE","2008-01-30 12:47:25",\N,\N,"0","2008-01-30 12:47:25",\N,"CT1573","459","Carácuaro","17","0",\N,\N
"1318","2017-05-13 12:21:27","032E772CFE434A5E85B8560701D87FEE","2008-01-30 12:47:25",\N,\N,"0","2008-01-30 12:47:25",\N,"CT1574","355","Carapán","17","0",\N,\N
"1319","2017-05-13 12:21:27","5BBFD203CF7C4329A7C2B04163ECE1E0","2008-01-30 12:47:25",\N,\N,"0","2008-01-30 12:47:25",\N,"CT1575","426","Catalinas (Francisco Villa)","17","0",\N,\N
"1320","2017-05-13 12:21:27","0CA49A04B41548429FC8FB05CBAABBB0","2008-01-30 12:47:25",\N,\N,"0","2008-01-30 12:47:25",\N,"CT1576","454","Caurio de Guadalupe (Cabrio)","17","0",\N,\N
"1321","2017-05-13 12:21:27","9158E4B3B94E47B3BB9054302D6EE41E","2008-01-30 12:47:25",\N,\N,"0","2008-01-30 12:47:25",\N,"CT1577","453","Cenobio Moreno (Las Colonias)","17","0",\N,\N
"1322","2017-05-13 12:21:27","9F3DC2F26C2441D690508E9D6F7E24D8","2008-01-30 12:47:25",\N,\N,"0","2008-01-30 12:47:25",\N,"CT1578","353","Cerrito Colorado","17","0",\N,\N
"1323","2017-05-13 12:21:27","D8CA3D960F87466CB4CC9606EF5C4EBD","2008-01-30 12:47:25",\N,\N,"0","2008-01-30 12:47:25",\N,"CT1579","451","Charo","17","0",\N,\N
"1324","2017-05-13 12:21:27","C51CA11572C4429995DFAAE5FCC5A414","2008-01-30 12:47:25",\N,\N,"0","2008-01-30 12:47:25",\N,"CT1580","383","Chavinda","17","0",\N,\N
"1325","2017-05-13 12:21:27","A9953AB999B842D9B9D370E422005BED","2008-01-30 12:47:25",\N,\N,"0","2008-01-30 12:47:25",\N,"CT1581","423","Cherán Atzicuirin (Cheranastico)","17","0",\N,\N
"1326","2017-05-13 12:21:27","EE25641AF79D4650B27F9884B473F2B1","2008-01-30 12:47:25",\N,\N,"0","2008-01-30 12:47:25",\N,"CT1582","423","Cherán","17","0",\N,\N
"1327","2017-05-13 12:21:27","03F52180DEF14E0F831B66ED44208ED7","2008-01-30 12:47:25",\N,\N,"0","2008-01-30 12:47:25",\N,"CT1583","355","Chilchota","17","0",\N,\N
"1328","2017-05-13 12:21:27","28A6CC07E9094AE6BDABE800DEC8F75E","2008-01-30 12:47:25",\N,\N,"0","2008-01-30 12:47:25",\N,"CT1584","443","Chucándiro","17","0",\N,\N
"1329","2017-05-13 12:21:27","6093960F8F1D45849D290066C171E709","2008-01-30 12:47:25",\N,\N,"0","2008-01-30 12:47:25",\N,"CT1585","455","Chupicuaro","17","0",\N,\N
"1330","2017-05-13 12:21:28","5FCC5ED0719B484FB2B509A988254E9C","2008-01-30 12:47:25",\N,\N,"0","2008-01-30 12:47:25",\N,"CT1586","328","Churintzio","17","0",\N,\N
"1331","2017-05-13 12:21:28","83252957C2C643A289351E265313327B","2008-01-30 12:47:25",\N,\N,"0","2008-01-30 12:47:25",\N,"CT1587","786","Ciudad Hidalgo","17","0",\N,\N
"1332","2017-05-13 12:21:28","9F8AC555BFD64EFD84045290F3F550BB","2008-01-30 12:47:25",\N,\N,"0","2008-01-30 12:47:25",\N,"CT1588","753","Ciudad Lázaro Cárdenas","17","0",\N,\N
"1333","2017-05-13 12:21:28","E5DFE20EB7734500A019EF92B7D3A375","2008-01-30 12:47:25",\N,\N,"0","2008-01-30 12:47:25",\N,"CT1589","313","Coahuayana de Hidalgo","17","0",\N,\N
"1334","2017-05-13 12:21:28","C6B62757261A42D6B3B20017A5310536","2008-01-30 12:47:25",\N,\N,"0","2008-01-30 12:47:25",\N,"CT1590","313","Coahuayana Viejo","17","0",\N,\N
"1335","2017-05-13 12:21:28","9CAE3142829D41928161CBFCA7A26225","2008-01-30 12:47:25",\N,\N,"0","2008-01-30 12:47:25",\N,"CT1591","424","Coalcoman","17","0",\N,\N
"1336","2017-05-13 12:21:28","0F03ACE4F45C4AD0A5534B7DD3E3549F","2008-01-30 12:47:25",\N,\N,"0","2008-01-30 12:47:25",\N,"CT1592","454","Coeneo de la Libertad","17","0",\N,\N
"1337","2017-05-13 12:21:28","037A35525CB040B5A7FF13DF6403E099","2008-01-30 12:47:25",\N,\N,"0","2008-01-30 12:47:25",\N,"CT1593","381","Cojumatlán","17","0",\N,\N
"1338","2017-05-13 12:21:28","E76346740BB84881B3C4CC7500EDC097","2008-01-30 12:47:25",\N,\N,"0","2008-01-30 12:47:25",\N,"CT1594","328","Colesio","17","0",\N,\N
"1339","2017-05-13 12:21:28","EB3154C3ACF04E6DBB5E848140B4F84E","2008-01-30 12:47:25",\N,\N,"0","2008-01-30 12:47:25",\N,"CT1595","454","Comanja","17","0",\N,\N
"1340","2017-05-13 12:21:28","913FBAC30DAD453191F1F86834666597","2008-01-30 12:47:25",\N,\N,"0","2008-01-30 12:47:25",\N,"CT1596","447","Contepec","17","0",\N,\N
"1341","2017-05-13 12:21:28","CB1A3B536AC14E25AA472387954590EC","2008-01-30 12:47:25",\N,\N,"0","2008-01-30 12:47:25",\N,"CT1597","454","Copandaro","17","0",\N,\N
"1342","2017-05-13 12:21:28","A5EC4BDC178144E78E4B62BDA320EA78","2008-01-30 12:47:25",\N,\N,"0","2008-01-30 12:47:25",\N,"CT1598","452","Corupo","17","0",\N,\N
"1343","2017-05-13 12:21:28","33A38DC2D7D5408E8D1BFC2EAC3069C1","2008-01-30 12:47:25",\N,\N,"0","2008-01-30 12:47:25",\N,"CT1599","394","Cotija de la Paz","17","0",\N,\N
"1344","2017-05-13 12:21:28","B015EE2095DD4B24BE1F2FF213E3A651","2008-01-30 12:47:25",\N,\N,"0","2008-01-30 12:47:25",\N,"CT1600","455","Cuamío","17","0",\N,\N
"1345","2017-05-13 12:21:28","0494B826C4E84CB6AE00C63DAB8D79F1","2008-01-30 12:47:25",\N,\N,"0","2008-01-30 12:47:25",\N,"CT1601","434","Cuanajo","17","0",\N,\N
"1346","2017-05-13 12:21:28","4CE5D62C5A834D1C831BB93BAEF4009E","2008-01-30 12:47:25",\N,\N,"0","2008-01-30 12:47:25",\N,"CT1602","455","Cuaracurio","17","0",\N,\N
"1347","2017-05-13 12:21:28","ABAB222A8D804584B3650045A5BC87D6","2008-01-30 12:47:25",\N,\N,"0","2008-01-30 12:47:25",\N,"CT1603","455","Cuitzeo del Porvenir","17","0",\N,\N
"1348","2017-05-13 12:21:28","6A1356ADE968461FBD00CC7D1760EA65","2008-01-30 12:47:25",\N,\N,"0","2008-01-30 12:47:25",\N,"CT1604","353","Cumuatillo","17","0",\N,\N
"1349","2017-05-13 12:21:28","70354FD7582E4E1CAEE795FA24566EA3","2008-01-30 12:47:25",\N,\N,"0","2008-01-30 12:47:25",\N,"CT1605","454","Curimeo","17","0",\N,\N
"1350","2017-05-13 12:21:28","236DB3A1CEB24602A6FBA8B75613961D","2008-01-30 12:47:25",\N,\N,"0","2008-01-30 12:47:25",\N,"CT1606","443","Cuto del Porvenir","17","0",\N,\N
"1351","2017-05-13 12:21:28","F84C2945F53A4B97AC07E69861896200","2008-01-30 12:47:25",\N,\N,"0","2008-01-30 12:47:25",\N,"CT1607","426","Dieciocho de Marzo","17","0",\N,\N
"1352","2017-05-13 12:21:28","8AB7D2F36CE74C459FBD2EB9AA401FFB","2008-01-30 12:47:25",\N,\N,"0","2008-01-30 12:47:25",\N,"CT1608","328","Ecuandureo","17","0",\N,\N
"1353","2017-05-13 12:21:28","8495632BE6A7441AB8A84471A8C295A0","2008-01-30 12:47:25",\N,\N,"0","2008-01-30 12:47:25",\N,"CT1609","424","El Ahuaje","17","0",\N,\N
"1354","2017-05-13 12:21:28","ADF60CB09A6D4A72B3B91BD28EDBFE80","2008-01-30 12:47:25",\N,\N,"0","2008-01-30 12:47:25",\N,"CT1610","328","El Capulín","17","0",\N,\N
"1355","2017-05-13 12:21:28","38F1E4B88C4A40F9BB98EFC67C000299","2008-01-30 12:47:25",\N,\N,"0","2008-01-30 12:47:25",\N,"CT1611","425","El Chauz","17","0",\N,\N
"1356","2017-05-13 12:21:28","569C259607234F4C0084C716002EA443","2008-01-30 12:47:25",\N,\N,"0","2008-01-30 12:47:25",\N,"CT1612","353","El Fortín","17","0",\N,\N
"1357","2017-05-13 12:21:28","E585F0AF445A479F00E51EA0BCC4DC88","2008-01-30 12:47:25",\N,\N,"0","2008-01-30 12:47:25",\N,"CT1613","435","El Rosario","17","0",\N,\N
"1358","2017-05-13 12:21:28","1E9B8431EA034B69A75D00AAC1092500","2008-01-30 12:47:25",\N,\N,"0","2008-01-30 12:47:25",\N,"CT1614","381","El Sabino","17","0",\N,\N
"1359","2017-05-13 12:21:28","A2A52D3EFAD0482D960030D15DC0FA7B","2008-01-30 12:47:25",\N,\N,"0","2008-01-30 12:47:25",\N,"CT1615","351","El Sauz de Abajo","17","0",\N,\N
"1360","2017-05-13 12:21:28","F402348E253F41BFBB6FD75779C0D68B","2008-01-30 12:47:25",\N,\N,"0","2008-01-30 12:47:25",\N,"CT1616","421","Epitacio Huerta","17","0",\N,\N
"1361","2017-05-13 12:21:28","18546DA2DFBE4A34AB53EBA1F6ED41D8","2008-01-30 12:47:25",\N,\N,"0","2008-01-30 12:47:25",\N,"CT1617","434","Erongaicuaro","17","0",\N,\N
"1362","2017-05-13 12:21:28","C8ACED756BA14AF9BA006FC521B378FF","2008-01-30 12:47:25",\N,\N,"0","2008-01-30 12:47:25",\N,"CT1618","451","Estación Queréndaro","17","0",\N,\N
"1363","2017-05-13 12:21:28","4F553F6B8B1B4907BFDAD961CCF87B53","2008-01-30 12:47:25",\N,\N,"0","2008-01-30 12:47:25",\N,"CT1619","459","Etucuaro","17","0",\N,\N
"1364","2017-05-13 12:21:28","707D58B3F7224C338E17231C1800186F","2008-01-30 12:47:25",\N,\N,"0","2008-01-30 12:47:25",\N,"CT1620","426","Felipe Carrillo Puerto (La Ruana)","17","0",\N,\N
"1365","2017-05-13 12:21:29","50257E7F70FA483DB169CEB2AE69C563","2008-01-30 12:47:25",\N,\N,"0","2008-01-30 12:47:25",\N,"CT1621","422","Gabriel Zamora (Lombardia)","17","0",\N,\N
"1366","2017-05-13 12:21:29","AF5B466E49884ED38B8F537B3B13FE50","2008-01-30 12:47:25",\N,\N,"0","2008-01-30 12:47:25",\N,"CT1622","438","Galeana","17","0",\N,\N
"1367","2017-05-13 12:21:29","981A10CA6DDC495D9D4B583727EC26CF","2008-01-30 12:47:25",\N,\N,"0","2008-01-30 12:47:25",\N,"CT1623","425","Gambara","17","0",\N,\N
"1368","2017-05-13 12:21:29","66350F195B3543C0A02B0270371B7200","2008-01-30 12:47:25",\N,\N,"0","2008-01-30 12:47:25",\N,"CT1624","354","Gildardo Magaña (Los Angeles)","17","0",\N,\N
"1369","2017-05-13 12:21:29","C8A3E8DB66164780AB15A7691980F3EF","2008-01-30 12:47:25",\N,\N,"0","2008-01-30 12:47:25",\N,"CT1625","354","Guascuaro de Mugica","17","0",\N,\N
"1370","2017-05-13 12:21:29","BBBE3224FE5E44E3A8AE4323083E79DF","2008-01-30 12:47:25",\N,\N,"0","2008-01-30 12:47:25",\N,"CT1626","786","Huajumbaro","17","0",\N,\N
"1371","2017-05-13 12:21:29","1B9641E7B6AF43058784CCC204771600","2008-01-30 12:47:25",\N,\N,"0","2008-01-30 12:47:25",\N,"CT1627","455","Huandacareo","17","0",\N,\N
"1372","2017-05-13 12:21:29","E13EDEA46FE1492285E1A0530045CA97","2008-01-30 12:47:25",\N,\N,"0","2008-01-30 12:47:25",\N,"CT1628","454","Huaniqueo de Morales","17","0",\N,\N
"1373","2017-05-13 12:21:29","CA3D9186DBC7428FBDFAE54C5C1FCC73","2008-01-30 12:47:25",\N,\N,"0","2008-01-30 12:47:25",\N,"CT1629","435","Huetamo","17","0",\N,\N
"1374","2017-05-13 12:21:29","F1B35AB04FE04DF7B93DA95477A99700","2008-01-30 12:47:25",\N,\N,"0","2008-01-30 12:47:25",\N,"CT1630","434","Huiramba","17","0",\N,\N
"1375","2017-05-13 12:21:29","7F9343FB102A48198420541C33460657","2008-01-30 12:47:25",\N,\N,"0","2008-01-30 12:47:25",\N,"CT1631","393","Ibarra","17","0",\N,\N
"1376","2017-05-13 12:21:29","8F0BC418E6364F75B277F744F0C2038D","2008-01-30 12:47:25",\N,\N,"0","2008-01-30 12:47:25",\N,"CT1632","434","Ihuatzio","17","0",\N,\N
"1377","2017-05-13 12:21:29","80AD96AD927F491E00E8575361ED7685","2008-01-30 12:47:25",\N,\N,"0","2008-01-30 12:47:25",\N,"CT1633","451","Indaparapeo","17","0",\N,\N
"1378","2017-05-13 12:21:29","8A1353A90D5642E48D53C152F066D0D9","2008-01-30 12:47:25",\N,\N,"0","2008-01-30 12:47:25",\N,"CT1634","753","Infiernillo (Morelos de Infiernillo)","17","0",\N,\N
"1379","2017-05-13 12:21:29","FD4E6E4A2479475EBFB0216E10AD00DF","2008-01-30 12:47:25",\N,\N,"0","2008-01-30 12:47:25",\N,"CT1635","328","Ixtlán de los Hervores","17","0",\N,\N
"1380","2017-05-13 12:21:29","3F24DBED58BF4CBB8755ED2C316164DE","2008-01-30 12:47:25",\N,\N,"0","2008-01-30 12:47:25",\N,"CT1636","351","Jacona de Plancarte","17","0",\N,\N
"1381","2017-05-13 12:21:29","07DA21E7B89544ACA9AF7E7BB0D3DF6B","2008-01-30 12:47:25",\N,\N,"0","2008-01-30 12:47:25",\N,"CT1637","438","Janambo","17","0",\N,\N
"1382","2017-05-13 12:21:29","D94CDA95CD444C4BB8D3EEDA661EDACA","2008-01-30 12:47:25",\N,\N,"0","2008-01-30 12:47:25",\N,"CT1638","434","Jarácuaro","17","0",\N,\N
"1383","2017-05-13 12:21:29","1BB631E05F5A4ED08234F0C7DEDFA177","2008-01-30 12:47:25",\N,\N,"0","2008-01-30 12:47:25",\N,"CT1639","353","Jaripo","17","0",\N,\N
"1384","2017-05-13 12:21:29","E73D448572BE4DFDBFB3F20023B000C2","2008-01-30 12:47:25",\N,\N,"0","2008-01-30 12:47:25",\N,"CT1640","353","Jiquilpan de Juárez","17","0",\N,\N
"1385","2017-05-13 12:21:29","D0549CA243D64D3EBFD7E1F9CD374087","2008-01-30 12:47:25",\N,\N,"0","2008-01-30 12:47:25",\N,"CT1641","452","Jucatacato","17","0",\N,\N
"1386","2017-05-13 12:21:29","C59B2BE80B1740849098BB6D22001E75","2008-01-30 12:47:25",\N,\N,"0","2008-01-30 12:47:25",\N,"CT1642","715","Jungapeo","17","0",\N,\N
"1387","2017-05-13 12:21:29","D7B61C87786541498510852B2EF4EC27","2008-01-30 12:47:25",\N,\N,"0","2008-01-30 12:47:25",\N,"CT1643","454","La Cañada","17","0",\N,\N
"1388","2017-05-13 12:21:29","D0C13B630E2C4E9C8FA0A4EBEB76CFA0","2008-01-30 12:47:25",\N,\N,"0","2008-01-30 12:47:25",\N,"CT1644","383","La Esperanza","17","0",\N,\N
"1389","2017-05-13 12:21:29","9B6A01CECE004795ACB453AB030046F7","2008-01-30 12:47:25",\N,\N,"0","2008-01-30 12:47:25",\N,"CT1645","328","La Estanzuela","17","0",\N,\N
"1390","2017-05-13 12:21:29","E41621DD647242D49DEE8CEEB1B710E2","2008-01-30 12:47:25",\N,\N,"0","2008-01-30 12:47:25",\N,"CT1646","438","La Excusa","17","0",\N,\N
"1391","2017-05-13 12:21:29","3E4FB02C26A141E285396151AA5E9C65","2008-01-30 12:47:25",\N,\N,"0","2008-01-30 12:47:25",\N,"CT1647","425","La Huacana","17","0",\N,\N
"1392","2017-05-13 12:21:29","E48C23BE95DF4B05B9F940A24DAFD914","2008-01-30 12:47:25",\N,\N,"0","2008-01-30 12:47:25",\N,"CT1648","328","La Luz (Mpio. Pajacuarán)","17","0",\N,\N
"1393","2017-05-13 12:21:29","635AB5D003ED4F0EA08F35B25C00BCD6","2008-01-30 12:47:25",\N,\N,"0","2008-01-30 12:47:25",\N,"CT1649","359","La Luz (Mpio. Penjamillo)","17","0",\N,\N
"1394","2017-05-13 12:21:29","28E8DEC444C14AAF87B4542C480700DF","2008-01-30 12:47:25",\N,\N,"0","2008-01-30 12:47:25",\N,"CT1650","353","La Magdalena","17","0",\N,\N
"1395","2017-05-13 12:21:29","F8082D08511C461CA38EB450CD377C28","2008-01-30 12:47:25",\N,\N,"0","2008-01-30 12:47:25",\N,"CT1651","753","La Mira","17","0",\N,\N
"1396","2017-05-13 12:21:34","D14AAE054F6C4E0AA66D44E73C2F4510","2008-01-30 12:47:25",\N,\N,"0","2008-01-30 12:47:25",\N,"CT1652","328","La Noria","17","0",\N,\N
"1397","2017-05-13 12:21:34","ED66863988A44CCA84E38DC126008519","2008-01-30 12:47:25",\N,\N,"0","2008-01-30 12:47:25",\N,"CT1653","353","La Palma (La Palma de Jesús)","17","0",\N,\N
"1398","2017-05-13 12:21:34","12A0C3E4E0AF4715A7EB02561F93B99B","2008-01-30 12:47:25",\N,\N,"0","2008-01-30 12:47:25",\N,"CT1654","443","La Palma (Las Palmas)","17","0",\N,\N
"1399","2017-05-13 12:21:34","21FE52669CAF42A49E57DB1187207F13","2008-01-30 12:47:25",\N,\N,"0","2008-01-30 12:47:25",\N,"CT1655","352","La Piedad","17","0",\N,\N
"1400","2017-05-13 12:21:34","0D67FB2C8EAD46EE88BB674C05CD88F1","2008-01-30 12:47:25",\N,\N,"0","2008-01-30 12:47:25",\N,"CT1656","328","La Plaza de Fco. J. Mugica (Plaza del Limón)","17","0",\N,\N
"1401","2017-05-13 12:21:34","DB4D8072740344A498FAF051583C081D","2008-01-30 12:47:25",\N,\N,"0","2008-01-30 12:47:25",\N,"CT1657","351","La Sauceda","17","0",\N,\N
"1402","2017-05-13 12:21:34","EDC13DA6EDE44FB981A5C2A4134358E9","2008-01-30 12:47:25",\N,\N,"0","2008-01-30 12:47:25",\N,"CT1658","471","La Yerbabuena","17","0",\N,\N
"1403","2017-05-13 12:21:35","B8E36FD1EC354B73A9FD36F944A9757E","2008-01-30 12:47:25",\N,\N,"0","2008-01-30 12:47:25",\N,"CT1659","434","Lagunillas","17","0",\N,\N
"1404","2017-05-13 12:21:35","45B644D4D24545AD9CDE17AE21D44405","2008-01-30 12:47:25",\N,\N,"0","2008-01-30 12:47:25",\N,"CT1660","356","Las Cieneguitas","17","0",\N,\N
"1405","2017-05-13 12:21:35","AD69F86ACAF54D16B120633078B831AD","2008-01-30 12:47:25",\N,\N,"0","2008-01-30 12:47:25",\N,"CT1661","753","Las Guacamayas","17","0",\N,\N
"1406","2017-05-13 12:21:35","55BB79ACEFDD4EA88742E202326E2871","2008-01-30 12:47:25",\N,\N,"0","2008-01-30 12:47:25",\N,"CT1662","438","Las Ranas","17","0",\N,\N
"1407","2017-05-13 12:21:35","F96D3543845D41678DC7736665214B20","2008-01-30 12:47:25",\N,\N,"0","2008-01-30 12:47:25",\N,"CT1663","356","Los Charcos","17","0",\N,\N
"1408","2017-05-13 12:21:35","1B6EF3B79BEA42A9920009C943006071","2008-01-30 12:47:25",\N,\N,"0","2008-01-30 12:47:25",\N,"CT1664","352","Los Guajes","17","0",\N,\N
"1409","2017-05-13 12:21:35","223C3CF925D746AE006EC644936DFC5F","2008-01-30 12:47:25",\N,\N,"0","2008-01-30 12:47:25",\N,"CT1665","354","Los Limones","17","0",\N,\N
"1410","2017-05-13 12:21:35","DD1722EF104448B5AA6916796B2D00DA","2008-01-30 12:47:25",\N,\N,"0","2008-01-30 12:47:25",\N,"CT1666","328","Los Pilares","17","0",\N,\N
"1411","2017-05-13 12:21:35","6B51AF805F8F446CB93D273467766FC0","2008-01-30 12:47:25",\N,\N,"0","2008-01-30 12:47:25",\N,"CT1667","354","Los Reyes","17","0",\N,\N
"1412","2017-05-13 12:21:35","6FE77C9C1C184190A45E00D318417D83","2008-01-30 12:47:25",\N,\N,"0","2008-01-30 12:47:25",\N,"CT1668","438","Manuel Villalongín","17","0",\N,\N
"1413","2017-05-13 12:21:35","B6DDA3DA8D8744879252BBA2B566C4E7","2008-01-30 12:47:25",\N,\N,"0","2008-01-30 12:47:25",\N,"CT1669","447","Maravatío","17","0",\N,\N
"1414","2017-05-13 12:21:35","0D09E9CBBAA54265BE99EE394095F810","2008-01-30 12:47:25",\N,\N,"0","2008-01-30 12:47:25",\N,"CT1670","455","Mariano Escobedo (San Lorenzo)","17","0",\N,\N
"1415","2017-05-13 12:21:35","65ECC2560B944F6CBB73F80633B07DA6","2008-01-30 12:47:25",\N,\N,"0","2008-01-30 12:47:25",\N,"CT1671","443","Morelia","17","0",\N,\N
"1416","2017-05-13 12:21:35","A6B0C4E47E4B47CFAD419E8EA00379C7","2008-01-30 12:47:25",\N,\N,"0","2008-01-30 12:47:25",\N,"CT1672","425","Nueva Italia","17","0",\N,\N
"1417","2017-05-13 12:21:35","1BAD6F388257430D815958801730C66D","2008-01-30 12:47:25",\N,\N,"0","2008-01-30 12:47:25",\N,"CT1673","452","Nuevo San Juan Parangaricutiro","17","0",\N,\N
"1418","2017-05-13 12:21:35","F9E8E6C541FE4B3DA4CD97EBD520E5BD","2008-01-30 12:47:25",\N,\N,"0","2008-01-30 12:47:25",\N,"CT1674","422","Nuevo Urecho","17","0",\N,\N
"1419","2017-05-13 12:21:35","12C3D3B53CD0435EA300E039EE1B12FD","2008-01-30 12:47:25",\N,\N,"0","2008-01-30 12:47:25",\N,"CT1675","354","Nuevo Zirosto","17","0",\N,\N
"1420","2017-05-13 12:21:35","CF2093F018904F5990B0ABEB2B3EC673","2008-01-30 12:47:25",\N,\N,"0","2008-01-30 12:47:25",\N,"CT1676","359","Numerán","17","0",\N,\N
"1421","2017-05-13 12:21:35","214D6D366F3348BEB3429894811379CD","2008-01-30 12:47:25",\N,\N,"0","2008-01-30 12:47:25",\N,"CT1677","423","Nurio","17","0",\N,\N
"1422","2017-05-13 12:21:35","6894FE230D684F09B7E161EBFE603C90","2008-01-30 12:47:25",\N,\N,"0","2008-01-30 12:47:25",\N,"CT1678","715","Ocampo","17","0",\N,\N
"1423","2017-05-13 12:21:35","0162CDABEC8F405FBDD69437539185C2","2008-01-30 12:47:25",\N,\N,"0","2008-01-30 12:47:25",\N,"CT1679","353","Pajarearán","17","0",\N,\N
"1424","2017-05-13 12:21:35","0865C45B6AB6487B9C176C81051F5347","2008-01-30 12:47:25",\N,\N,"0","2008-01-30 12:47:25",\N,"CT1680","381","Palo Alto","17","0",\N,\N
"1425","2017-05-13 12:21:35","65622D0BA2784B2EAFA8B8141E7C5039","2008-01-30 12:47:25",\N,\N,"0","2008-01-30 12:47:25",\N,"CT1681","454","Panindicuaro","17","0",\N,\N
"1426","2017-05-13 12:21:35","599553ECCDF849CD89E444937203F737","2008-01-30 12:47:25",\N,\N,"0","2008-01-30 12:47:25",\N,"CT1682","423","Paracho","17","0",\N,\N
"1427","2017-05-13 12:21:35","83229A0FBBB74726A9A8D25B20B674B2","2008-01-30 12:47:25",\N,\N,"0","2008-01-30 12:47:25",\N,"CT1683","425","Parácuaro","17","0",\N,\N
"1428","2017-05-13 12:21:35","C482DB014F65476AB1F94BB600CFCAAE","2008-01-30 12:47:25",\N,\N,"0","2008-01-30 12:47:25",\N,"CT1684","453","Pareo","17","0",\N,\N
"1429","2017-05-13 12:21:35","D0E3567915C34863943F4FD2AB144C6D","2008-01-30 12:47:25",\N,\N,"0","2008-01-30 12:47:25",\N,"CT1685","786","Parícuaro","17","0",\N,\N
"1430","2017-05-13 12:21:35","1801E547320F45FAADBD4B3D718835D3","2008-01-30 12:47:25",\N,\N,"0","2008-01-30 12:47:25",\N,"CT1686","438","Pastor Ortiz","17","0",\N,\N
"1431","2017-05-13 12:21:35","067E9B9F8C38452993F931F999596198","2008-01-30 12:47:25",\N,\N,"0","2008-01-30 12:47:25",\N,"CT1687","355","Patambán (Patambam)","17","0",\N,\N
"1432","2017-05-13 12:21:35","CB8E345AC2524237BFDB4FDFB6AAE910","2008-01-30 12:47:25",\N,\N,"0","2008-01-30 12:47:25",\N,"CT1688","434","Pátzcuaro","17","0",\N,\N
"1433","2017-05-13 12:21:35","5331C62B6F1B44CCA97176205D01928E","2008-01-30 12:47:25",\N,\N,"0","2008-01-30 12:47:25",\N,"CT1689","352","Patzímaro de Aviña (Patzímaro del Rincón)","17","0",\N,\N
"1434","2017-05-13 12:21:35","C929ED59A5E047BCA5E6E42B2975DBBD","2008-01-30 12:47:25",\N,\N,"0","2008-01-30 12:47:25",\N,"CT1690","459","Pedernales","17","0",\N,\N
"1435","2017-05-13 12:21:35","BD7F66D1CF934B9F96679C67AC6F13E1","2008-01-30 12:47:25",\N,\N,"0","2008-01-30 12:47:25",\N,"CT1691","359","Penjamillo","17","0",\N,\N
"1436","2017-05-13 12:21:35","E6F069A9C8B8462EADFB21E03BE39735","2008-01-30 12:47:25",\N,\N,"0","2008-01-30 12:47:25",\N,"CT1692","354","Peribán de Ramos","17","0",\N,\N
"1437","2017-05-13 12:21:35","493AC4D125384AA0BFD83385C1A146A8","2008-01-30 12:47:25",\N,\N,"0","2008-01-30 12:47:25",\N,"CT1693","426","Pizándaro","17","0",\N,\N
"1438","2017-05-13 12:21:35","DC8C9D12D8AD49EE8E6CDE2600944654","2008-01-30 12:47:25",\N,\N,"0","2008-01-30 12:47:25",\N,"CT1694","753","Playa Azul","17","0",\N,\N
"1439","2017-05-13 12:21:36","9745223E33C04339B044D6245185C904","2008-01-30 12:47:25",\N,\N,"0","2008-01-30 12:47:25",\N,"CT1695","451","Pueblo Viejo","17","0",\N,\N
"1440","2017-05-13 12:21:36","96FCD98EEC294BD885D11709ABE198E9","2008-01-30 12:47:25",\N,\N,"0","2008-01-30 12:47:25",\N,"CT1696","426","Punta del Agua","17","0",\N,\N
"1441","2017-05-13 12:21:36","353663E026C6419C83FEDC4BE3C27347","2008-01-30 12:47:25",\N,\N,"0","2008-01-30 12:47:25",\N,"CT1697","471","Purépero","17","0",\N,\N
"1442","2017-05-13 12:21:36","ED28686AAE454744BE6484B35D5D2BC9","2008-01-30 12:47:25",\N,\N,"0","2008-01-30 12:47:25",\N,"CT1698","438","Puruándiro","17","0",\N,\N
"1443","2017-05-13 12:21:36","820F6432404E4000869F5B51BE3B1D44","2008-01-30 12:47:25",\N,\N,"0","2008-01-30 12:47:25",\N,"CT1699","459","Puruarán","17","0",\N,\N
"1444","2017-05-13 12:21:36","482A69308F634B61BEB06D3CD4B6E518","2008-01-30 12:47:25",\N,\N,"0","2008-01-30 12:47:25",\N,"CT1700","451","Queréndaro","17","0",\N,\N
"1445","2017-05-13 12:21:36","0C97E7166DF74528A418C656D90010FE","2008-01-30 12:47:25",\N,\N,"0","2008-01-30 12:47:25",\N,"CT1701","328","Quiringuicharo (La Hacienda)","17","0",\N,\N
"1446","2017-05-13 12:21:36","593B22FE38AA452A82FD0098BD0000AC","2008-01-30 12:47:25",\N,\N,"0","2008-01-30 12:47:25",\N,"CT1702","454","Quiroga","17","0",\N,\N
"1447","2017-05-13 12:21:36","28AC3853135B46A7B50800BFBE6900B6","2008-01-30 12:47:25",\N,\N,"0","2008-01-30 12:47:25",\N,"CT1703","455","Rancho Nuevo","17","0",\N,\N
"1448","2017-05-13 12:21:36","F4094D2F50864E2C82EFFAA175D2C6FF","2008-01-30 12:47:25",\N,\N,"0","2008-01-30 12:47:25",\N,"CT1704","353","Sahuayo","17","0",\N,\N
"1449","2017-05-13 12:21:36","0569AEAD769C420187022E9CE6736D56","2008-01-30 12:47:25",\N,\N,"0","2008-01-30 12:47:25",\N,"CT1705","443","Salto de Tepuxtepec (Tepuxtepec)","17","0",\N,\N
"1450","2017-05-13 12:21:36","1831C66878184E46A7E0D59B83F22B09","2008-01-30 12:47:25",\N,\N,"0","2008-01-30 12:47:25",\N,"CT1706","423","San Andrés Coru","17","0",\N,\N
"1451","2017-05-13 12:21:36","4E4F8990604B4908BD4B89F0DBA6C28B","2008-01-30 12:47:25",\N,\N,"0","2008-01-30 12:47:25",\N,"CT1707","786","San Andrés La Venta","17","0",\N,\N
"1452","2017-05-13 12:21:36","C07BEAFE1DD04ECDA8D722DEEC330043","2008-01-30 12:47:25",\N,\N,"0","2008-01-30 12:47:25",\N,"CT1708","454","San Andrés Zirondaro","17","0",\N,\N
"1453","2017-05-13 12:21:36","4C21945680F44251A6D64CD081668CD3","2008-01-30 12:47:25",\N,\N,"0","2008-01-30 12:47:25",\N,"CT1709","353","San Antonio Guaracha","17","0",\N,\N
"1454","2017-05-13 12:21:36","4549D9FBB1DA467EB05E77D557E491A1","2008-01-30 12:47:25",\N,\N,"0","2008-01-30 12:47:25",\N,"CT1710","355","San Antonio Ocampo (Rincón del Tepetate)","17","0",\N,\N
"1455","2017-05-13 12:21:36","05304DE3E83340E5835C0067691FF820","2008-01-30 12:47:25",\N,\N,"0","2008-01-30 12:47:25",\N,"CT1711","786","San Antonio Villalongín","17","0",\N,\N
"1456","2017-05-13 12:21:36","A5164F3F023247EF82AA394BF1C52173","2008-01-30 12:47:25",\N,\N,"0","2008-01-30 12:47:25",\N,"CT1712","786","San Bartolo Cuitareo (Cuitareo)","17","0",\N,\N
"1457","2017-05-13 12:21:36","B85E034C423945B491178189F6A21F69","2008-01-30 12:47:25",\N,\N,"0","2008-01-30 12:47:25",\N,"CT1713","354","San Francisco Periban","17","0",\N,\N
"1458","2017-05-13 12:21:36","4E949D3F14F6438EBF5D3373E8B19163","2008-01-30 12:47:25",\N,\N,"0","2008-01-30 12:47:25",\N,"CT1714","381","San José de Gracia","17","0",\N,\N
"1459","2017-05-13 12:21:36","F025AC5EE670439CBCF47FF748855470","2008-01-30 12:47:25",\N,\N,"0","2008-01-30 12:47:25",\N,"CT1715","438","San José Huipana (Huipana)","17","0",\N,\N
"1460","2017-05-13 12:21:36","918D612069454593BF756871E468C8EF","2008-01-30 12:47:25",\N,\N,"0","2008-01-30 12:47:25",\N,"CT1716","459","San Juan de Viña","17","0",\N,\N
"1461","2017-05-13 12:21:36","D92932F816FD428FB01730E781390265","2008-01-30 12:47:25",\N,\N,"0","2008-01-30 12:47:25",\N,"CT1717","435","San Lucas","17","0",\N,\N
"1462","2017-05-13 12:21:36","ADE409DABA634B840018344362CF0000","2008-01-30 12:47:25",\N,\N,"0","2008-01-30 12:47:25",\N,"CT1718","438","San Martín","17","0",\N,\N
"1463","2017-05-13 12:21:36","CF9C086A8E10483C89DE3B535BEC8D46","2008-01-30 12:47:25",\N,\N,"0","2008-01-30 12:47:25",\N,"CT1719","454","San Miguel Epejan","17","0",\N,\N
"1464","2017-05-13 12:21:36","CB9998542ABE421999F0783BA9470036","2008-01-30 12:47:25",\N,\N,"0","2008-01-30 12:47:25",\N,"CT1720","451","San Miguel Taimeo (Taimeo)","17","0",\N,\N
"1465","2017-05-13 12:21:36","54285EC2E84342E4A7B9E0554600F6AD","2008-01-30 12:47:25",\N,\N,"0","2008-01-30 12:47:25",\N,"CT1721","438","San Nicolás","17","0",\N,\N
"1466","2017-05-13 12:21:36","A1ED8F2531F34A018CB532A8748DBB42","2008-01-30 12:47:25",\N,\N,"0","2008-01-30 12:47:25",\N,"CT1722","786","San Pedro Jácuaro (Las Joyas)","17","0",\N,\N
"1467","2017-05-13 12:21:36","8B859E738187409CAC237B6F84F9C020","2008-01-30 12:47:25",\N,\N,"0","2008-01-30 12:47:25",\N,"CT1723","426","Santa Ana Amatlán (Santa Ana)","17","0",\N,\N
"1468","2017-05-13 12:21:36","CDC464209A9E45FC86CF8BAED0B2D6AE","2008-01-30 12:47:25",\N,\N,"0","2008-01-30 12:47:25",\N,"CT1724","455","Santa Ana Maya","17","0",\N,\N
"1469","2017-05-13 12:21:36","B06F31A70A1B4C2EA662EFB558CCC759","2008-01-30 12:47:25",\N,\N,"0","2008-01-30 12:47:25",\N,"CT1725","434","Santa Clara del Cobre","17","0",\N,\N
"1470","2017-05-13 12:21:36","7AFF9F7D5FB94813B3A2F6EC75873BB9","2008-01-30 12:47:25",\N,\N,"0","2008-01-30 12:47:25",\N,"CT1726","451","Santa Clara del Tule","17","0",\N,\N
"1471","2017-05-13 12:21:36","7BE4B44D558445008F7857D57336F9D9","2008-01-30 12:47:25",\N,\N,"0","2008-01-30 12:47:25",\N,"CT1727","438","Santa Clara","17","0",\N,\N
"1472","2017-05-13 12:21:37","6A00F16869E647F59FBBDA80593D5464","2008-01-30 12:47:25",\N,\N,"0","2008-01-30 12:47:25",\N,"CT1728","359","Santa Fe del Río","17","0",\N,\N
"1473","2017-05-13 12:21:37","F8C795084729476598293ED821FE1594","2008-01-30 12:47:25",\N,\N,"0","2008-01-30 12:47:25",\N,"CT1729","434","Santa María Huiramangaro (San Juan)","17","0",\N,\N
"1474","2017-05-13 12:21:37","30BEE3FB84DE4ACF91CF9FBFB9CCCA87","2008-01-30 12:47:25",\N,\N,"0","2008-01-30 12:47:25",\N,"CT1730","454","Santiago Conguripo","17","0",\N,\N
"1475","2017-05-13 12:21:37","406E3B881B57485B8B41198E37265E07","2008-01-30 12:47:25",\N,\N,"0","2008-01-30 12:47:25",\N,"CT1731","383","Santiago Tangamandapio","17","0",\N,\N
"1476","2017-05-13 12:21:37","5AE51A58AE124314BE687F0096FF4F8C","2008-01-30 12:47:25",\N,\N,"0","2008-01-30 12:47:25",\N,"CT1732","423","Santiago Tingambato","17","0",\N,\N
"1477","2017-05-13 12:21:37","98B237C5B21943B5AD724CE49DF88542","2008-01-30 12:47:25",\N,\N,"0","2008-01-30 12:47:25",\N,"CT1733","443","Santiago Undameo","17","0",\N,\N
"1478","2017-05-13 12:21:37","D56197445D1140D98C7D98F1B63213DF","2008-01-30 12:47:25",\N,\N,"0","2008-01-30 12:47:25",\N,"CT1734","786","Senguio","17","0",\N,\N
"1479","2017-05-13 12:21:37","BF878E3516384E1C00F5831BF185F398","2008-01-30 12:47:25",\N,\N,"0","2008-01-30 12:47:25",\N,"CT1735","786","Susupuato de Guerrero","17","0",\N,\N
"1480","2017-05-13 12:21:37","35CE77B08DA049E4B7E8388BA872F56C","2008-01-30 12:47:25",\N,\N,"0","2008-01-30 12:47:25",\N,"CT1736","459","Tacámbaro","17","0",\N,\N
"1481","2017-05-13 12:21:37","1B824FAFFA1647989C85A9684510ABAD","2008-01-30 12:47:25",\N,\N,"0","2008-01-30 12:47:25",\N,"CT1737","459","Tafetán","17","0",\N,\N
"1482","2017-05-13 12:21:37","5E2C43245FE14C279E25A80742AC539E","2008-01-30 12:47:25",\N,\N,"0","2008-01-30 12:47:25",\N,"CT1738","425","Tancítaro","17","0",\N,\N
"1483","2017-05-13 12:21:37","990A1D14926D4D28B7CE62BB28E6ADF8","2008-01-30 12:47:25",\N,\N,"0","2008-01-30 12:47:25",\N,"CT1739","355","Tangancícuaro","17","0",\N,\N
"1484","2017-05-13 12:21:37","BCE71504951746E78E00B25B645E1CAE","2008-01-30 12:47:25",\N,\N,"0","2008-01-30 12:47:25",\N,"CT1740","356","Tanhuato de Guerrero","17","0",\N,\N
"1485","2017-05-13 12:21:37","612489D822F44D34B100D5DA8C7880FF","2008-01-30 12:47:25",\N,\N,"0","2008-01-30 12:47:25",\N,"CT1741","422","Taretán","17","0",\N,\N
"1486","2017-05-13 12:21:37","1FA0096B6D9F401C8D93E1207555C1D2","2008-01-30 12:47:25",\N,\N,"0","2008-01-30 12:47:25",\N,"CT1742","443","Tarímbaro","17","0",\N,\N
"1487","2017-05-13 12:21:37","16F0B3B2138D415A9CB137560024717B","2008-01-30 12:47:25",\N,\N,"0","2008-01-30 12:47:25",\N,"CT1743","356","Tarimoro","17","0",\N,\N
"1488","2017-05-13 12:21:37","6E2663416FF0452882A6A80053DF1B00","2008-01-30 12:47:25",\N,\N,"0","2008-01-30 12:47:25",\N,"CT1744","328","Tecomatán","17","0",\N,\N
"1489","2017-05-13 12:21:37","972B354CFFBC41C6BDF7ABFB2FDE0984","2008-01-30 12:47:25",\N,\N,"0","2008-01-30 12:47:25",\N,"CT1745","424","Tepalcatepec","17","0",\N,\N
"1490","2017-05-13 12:21:37","EA3C944469EF413D93F1347D05120068","2008-01-30 12:47:25",\N,\N,"0","2008-01-30 12:47:25",\N,"CT1746","352","Ticuitaco (Tocuitaco)","17","0",\N,\N
"1491","2017-05-13 12:21:37","08B80EA29891453B981D552286005796","2008-01-30 12:47:25",\N,\N,"0","2008-01-30 12:47:25",\N,"CT1747","356","Tinaja de Vargas","17","0",\N,\N
"1492","2017-05-13 12:21:37","41927D8CE1F04F3588105615D4634946","2008-01-30 12:47:25",\N,\N,"0","2008-01-30 12:47:25",\N,"CT1748","354","Tinguindín","17","0",\N,\N
"1493","2017-05-13 12:21:37","7C19BB1F0073444D80DCB1E3AB68603B","2008-01-30 12:47:25",\N,\N,"0","2008-01-30 12:47:25",\N,"CT1749","459","Tiquicheo","17","0",\N,\N
"1494","2017-05-13 12:21:37","42B08790F50F43E3878B42F291F000E3","2008-01-30 12:47:25",\N,\N,"0","2008-01-30 12:47:25",\N,"CT1750","443","Tiripetio","17","0",\N,\N
"1495","2017-05-13 12:21:37","34CCB8CD9541459F905F7F9189877392","2008-01-30 12:47:25",\N,\N,"0","2008-01-30 12:47:25",\N,"CT1751","711","Tlalpujahua","17","0",\N,\N
"1496","2017-05-13 12:21:37","884520D461A74C7F894F7918D5B35C7F","2008-01-30 12:47:25",\N,\N,"0","2008-01-30 12:47:25",\N,"CT1752","471","Tlazazalca","17","0",\N,\N
"1497","2017-05-13 12:21:37","0711D726787A45E5A51BE7DED1366C28","2008-01-30 12:47:25",\N,\N,"0","2008-01-30 12:47:25",\N,"CT1753","354","Tocumbo","17","0",\N,\N
"1498","2017-05-13 12:21:37","7DFC0028089149D8A00016802DA0154E","2008-01-30 12:47:25",\N,\N,"0","2008-01-30 12:47:25",\N,"CT1754","452","Tumbiscatio de Ruiz","17","0",\N,\N
"1499","2017-05-13 12:21:37","BCE295DE2E204D9CAAD1D2B7257C6053","2008-01-30 12:47:25",\N,\N,"0","2008-01-30 12:47:25",\N,"CT1755","443","Tungareo","17","0",\N,\N
"1500","2017-05-13 12:21:37","D067706C5064432D812F550453CAA8E2","2008-01-30 12:47:25",\N,\N,"0","2008-01-30 12:47:25",\N,"CT1756","435","Turitzio","17","0",\N,\N
"1501","2017-05-13 12:21:37","52D824DA40F74211A9E70041CA193069","2008-01-30 12:47:25",\N,\N,"0","2008-01-30 12:47:25",\N,"CT1757","786","Tuxpan","17","0",\N,\N
"1502","2017-05-13 12:21:37","F9E8EF192AC7478DA5436C12F5542FD4","2008-01-30 12:47:25",\N,\N,"0","2008-01-30 12:47:25",\N,"CT1758","786","Tuzantla","17","0",\N,\N
"1503","2017-05-13 12:21:37","02F180FA83194BA294D93FECAF60598D","2008-01-30 12:47:25",\N,\N,"0","2008-01-30 12:47:25",\N,"CT1759","786","Tzintzingareo","17","0",\N,\N
"1504","2017-05-13 12:21:38","31E79EDEF1BA4BF2825B5F86006C8113","2008-01-30 12:47:25",\N,\N,"0","2008-01-30 12:47:25",\N,"CT1760","443","Tziritzicuaro (Nativitas)","17","0",\N,\N
"1505","2017-05-13 12:21:38","D20177E511B6411EA55BCAD5C2341075","2008-01-30 12:47:25",\N,\N,"0","2008-01-30 12:47:25",\N,"CT1761","452","Uruapan","17","0",\N,\N
"1506","2017-05-13 12:21:38","8E340F53C6B343F79EFFA6941CBEFE77","2008-01-30 12:47:25",\N,\N,"0","2008-01-30 12:47:25",\N,"CT1762","443","Uruetaro","17","0",\N,\N
"1507","2017-05-13 12:21:38","19AB8FEB50734518B356656400A49711","2008-01-30 12:47:25",\N,\N,"0","2008-01-30 12:47:25",\N,"CT1763","425","Uspero (Reynosa)","17","0",\N,\N
"1508","2017-05-13 12:21:38","615B4D1F2B6F4DD992C8047BC72C7CE3","2008-01-30 12:47:25",\N,\N,"0","2008-01-30 12:47:25",\N,"CT1764","451","Valle de Juárez (Jerahuaro)","17","0",\N,\N
"1509","2017-05-13 12:21:38","8CA69AFB4237446396A70610AB936598","2008-01-30 12:47:25",\N,\N,"0","2008-01-30 12:47:25",\N,"CT1765","353","Venustiano Carranza","17","0",\N,\N
"1510","2017-05-13 12:21:38","CC35A227D51142DDA3531C3DE2C3232B","2008-01-30 12:47:25",\N,\N,"0","2008-01-30 12:47:25",\N,"CT1766","454","Villa Jiménez","17","0",\N,\N
"1511","2017-05-13 12:21:38","7A311D421A5D4BC2B15EFCE4D5BA46AF","2008-01-30 12:47:25",\N,\N,"0","2008-01-30 12:47:25",\N,"CT1767","459","Villa Madero","17","0",\N,\N
"1512","2017-05-13 12:21:38","25925379FE994FE5AD2FA15FD776BBD3","2008-01-30 12:47:25",\N,\N,"0","2008-01-30 12:47:25",\N,"CT1768","438","Villa Morelos","17","0",\N,\N
"1513","2017-05-13 12:21:38","1132D6FA836D435D821BD61925C05663","2008-01-30 12:47:25",\N,\N,"0","2008-01-30 12:47:25",\N,"CT1769","383","Villamar","17","0",\N,\N
"1514","2017-05-13 12:21:38","40ADD998338846928BF189F007E71D14","2008-01-30 12:47:25",\N,\N,"0","2008-01-30 12:47:25",\N,"CT1770","328","Vista Hermosa","17","0",\N,\N
"1515","2017-05-13 12:21:38","23AA46989FC14E36BEBDB800DB46B3E7","2008-01-30 12:47:25",\N,\N,"0","2008-01-30 12:47:25",\N,"CT1771","459","Yoricostio (La Villita)","17","0",\N,\N
"1516","2017-05-13 12:21:38","E269C85F48AF49FA82DBFDA8B23E56AC","2008-01-30 12:47:25",\N,\N,"0","2008-01-30 12:47:25",\N,"CT1772","356","Yurécuaro","17","0",\N,\N
"1517","2017-05-13 12:21:38","2C49ECFFB94C418400697400CECE52C4","2008-01-30 12:47:25",\N,\N,"0","2008-01-30 12:47:25",\N,"CT1773","354","Zacan","17","0",\N,\N
"1518","2017-05-13 12:21:38","522131D1B9DD4BED9E9B499704813717","2008-01-30 12:47:25",\N,\N,"0","2008-01-30 12:47:25",\N,"CT1774","436","Zacapu","17","0",\N,\N
"1519","2017-05-13 12:21:38","ADD9EFADAB32463C904FF51761724144","2008-01-30 12:47:25",\N,\N,"0","2008-01-30 12:47:25",\N,"CT1775","351","Zamora","17","0",\N,\N
"1520","2017-05-13 12:21:38","863C4D37A83F4C1297A829407865F58D","2008-01-30 12:47:25",\N,\N,"0","2008-01-30 12:47:25",\N,"CT1776","352","Zaragoza","17","0",\N,\N
"1521","2017-05-13 12:21:38","7485CACA83B540FFB5FDFD00D10022C0","2008-01-30 12:47:25",\N,\N,"0","2008-01-30 12:47:25",\N,"CT1777","425","Zicuiran","17","0",\N,\N
"1522","2017-05-13 12:21:38","95D563D00F5B4D44BF72277586F3298D","2008-01-30 12:47:25",\N,\N,"0","2008-01-30 12:47:25",\N,"CT1778","359","Zinaparo","17","0",\N,\N
"1523","2017-05-13 12:21:38","EA73060F1622448DACBF83D7D6D26F8D","2008-01-30 12:47:25",\N,\N,"0","2008-01-30 12:47:25",\N,"CT1779","451","Zinapécuaro","17","0",\N,\N
"1524","2017-05-13 12:21:38","3F9DFDA55849408BA3719D84F9ABA2C3","2008-01-30 12:47:25",\N,\N,"0","2008-01-30 12:47:25",\N,"CT1780","359","Ziquitaro","17","0",\N,\N
"1525","2017-05-13 12:21:38","7A4EE098DDF24CAFB3F6AFC444752758","2008-01-30 12:47:25",\N,\N,"0","2008-01-30 12:47:25",\N,"CT1781","423","Ziracuaretiro","17","0",\N,\N
"1526","2017-05-13 12:21:38","8A930B6DB33149EAA2A6001105AEC747","2008-01-30 12:47:25",\N,\N,"0","2008-01-30 12:47:25",\N,"CT1782","434","Zirahuén","17","0",\N,\N
"1527","2017-05-13 12:21:38","E880D2050B01428A83239E9B11C81692","2008-01-30 12:47:25",\N,\N,"0","2008-01-30 12:47:25",\N,"CT1783","715","Zitacuaro","17","0",\N,\N
"1528","2017-05-13 12:21:38","C33A80F0ED8A4668A3B4698C74D61C93","2008-01-30 12:47:25",\N,\N,"0","2008-01-30 12:47:25",\N,"CT1784","734","Acamilpa","18","0",\N,\N
"1529","2017-05-13 12:21:38","F6F26143A7A9426FB1B58C3FEBEDA361","2008-01-30 12:47:25",\N,\N,"0","2008-01-30 12:47:25",\N,"CT1785","751","Amacuzac","18","0",\N,\N
"1530","2017-05-13 12:21:38","EE5AF4F6826E4E1988805FA8F479603E","2008-01-30 12:47:25",\N,\N,"0","2008-01-30 12:47:25",\N,"CT1786","731","Amayuca","18","0",\N,\N
"1531","2017-05-13 12:21:38","0437218B7BB64D16B54F2D7F10041EC1","2008-01-30 12:47:25",\N,\N,"0","2008-01-30 12:47:25",\N,"CT1787","735","Atlatlahucán","18","0",\N,\N
"1532","2017-05-13 12:21:38","745F4BCEC19040CD96C97CC8CE2EF200","2008-01-30 12:47:25",\N,\N,"0","2008-01-30 12:47:25",\N,"CT1788","769","Axochiapan","18","0",\N,\N
"1533","2017-05-13 12:21:38","D08B8E02854040E1937F4381B6A10149","2008-01-30 12:47:25",\N,\N,"0","2008-01-30 12:47:25",\N,"CT1789","731","Chalcatzingo","18","0",\N,\N
"1534","2017-05-13 12:21:38","2AE94958A0794E2BAB913802E3892789","2008-01-30 12:47:25",\N,\N,"0","2008-01-30 12:47:25",\N,"CT1790","735","Chinameca","18","0",\N,\N
"1535","2017-05-13 12:21:38","AC47EBDFDB9F4467958F64F57804DC25","2008-01-30 12:47:25",\N,\N,"0","2008-01-30 12:47:25",\N,"CT1791","739","Coajomulco","18","0",\N,\N
"1536","2017-05-13 12:21:38","B30C294EFEBA46E8BE4D8D81CED354B5","2008-01-30 12:47:25",\N,\N,"0","2008-01-30 12:47:25",\N,"CT1792","737","Coatetelco","18","0",\N,\N
"1537","2017-05-13 12:21:39","EB079218F1FD487595DA85F283DCF345","2008-01-30 12:47:25",\N,\N,"0","2008-01-30 12:47:25",\N,"CT1793","751","Coatlán del Río","18","0",\N,\N
"1538","2017-05-13 12:21:39","FDA9B948A40848F88D77121DEBAB00D0","2008-01-30 12:47:25",\N,\N,"0","2008-01-30 12:47:25",\N,"CT1794","751","Cuahuchichinola","18","0",\N,\N
"1539","2017-05-13 12:21:39","18AA3A9E737B461885F83C9EFDDFE34C","2008-01-30 12:47:25",\N,\N,"0","2008-01-30 12:47:25",\N,"CT1795","735","Cuautla","18","0",\N,\N
"1540","2017-05-13 12:21:39","2ACCA5A0657F4CDF97DD925353C4FE3E","2008-01-30 12:47:25",\N,\N,"0","2008-01-30 12:47:25",\N,"CT1796","777","Cuernavaca","18","0",\N,\N
"1541","2017-05-13 12:21:39","CE1D95BAEBC74E60BAB81E00ACF96832","2008-01-30 12:47:25",\N,\N,"0","2008-01-30 12:47:25",\N,"CT1797","777","Emiliano Zapata","18","0",\N,\N
"1542","2017-05-13 12:21:39","0C0F6DA75F4F4EEDAE66C89BB4063433","2008-01-30 12:47:25",\N,\N,"0","2008-01-30 12:47:25",\N,"CT1798","735","Felipe Neri (Cuatepec)","18","0",\N,\N
"1543","2017-05-13 12:21:39","9F177B3AF9594FCF841D46CE9179D6DC","2008-01-30 12:47:25",\N,\N,"0","2008-01-30 12:47:25",\N,"CT1799","735","Fracc. Kunetzin de los Volcanes","18","0",\N,\N
"1544","2017-05-13 12:21:39","AF90CC9149CB4D05895EBEEE48B585EB","2008-01-30 12:47:25",\N,\N,"0","2008-01-30 12:47:25",\N,"CT1800","751","Huajintlán","18","0",\N,\N
"1545","2017-05-13 12:21:39","31DAF55EFDB9493E823C809C9B938823","2008-01-30 12:47:25",\N,\N,"0","2008-01-30 12:47:25",\N,"CT1801","731","Huecahuasco","18","0",\N,\N
"1546","2017-05-13 12:21:39","9537E045320F4B06B0F97E466382DA4D","2008-01-30 12:47:25",\N,\N,"0","2008-01-30 12:47:25",\N,"CT0400","643","Jecopaco","27","0",\N,\N
"1547","2017-05-13 12:21:39","7657BC6F28BD4DFDA179FFC7A8CFFD71","2008-01-30 12:47:25",\N,\N,"0","2008-01-30 12:47:25",\N,"CT0401","634","La Caridad (Fracción G)","27","0",\N,\N
"1548","2017-05-13 12:21:39","861595B3F25149E7B044EEB0CBB349B2","2008-01-30 12:47:25",\N,\N,"0","2008-01-30 12:47:25",\N,"CT0402","638","La Choya","27","0",\N,\N
"1549","2017-05-13 12:21:39","A57DC5DA1896477D92A425C2E8A4DA00","2008-01-30 12:47:25",\N,\N,"0","2008-01-30 12:47:25",\N,"CT0403","634","Los Abanicos (El Abanico)","27","0",\N,\N
"1550","2017-05-13 12:21:39","B83E6A0738BF45F192E7F7E0B9F37B1E","2008-01-30 12:47:25",\N,\N,"0","2008-01-30 12:47:25",\N,"CT0404","634","Los Globos","27","0",\N,\N
"1551","2017-05-13 12:21:39","5896C8A4F0994C4A8D378942D2DE9C20","2008-01-30 12:47:25",\N,\N,"0","2008-01-30 12:47:25",\N,"CT0405","632","Magdalena de Kino","27","0",\N,\N
"1552","2017-05-13 12:21:39","A8FF16F311274A51BFA633837B76946E","2008-01-30 12:47:25",\N,\N,"0","2008-01-30 12:47:25",\N,"CT0406","644","Marte R. Gómez (Tobarito)","27","0",\N,\N
"1553","2017-05-13 12:21:39","EB9C8C12E5364447B226BA00728D55DE","2008-01-30 12:47:25",\N,\N,"0","2008-01-30 12:47:25",\N,"CT0407","623","Mazatán","27","0",\N,\N
"1554","2017-05-13 12:21:39","A51336C348FA44178155CE804EC65056","2008-01-30 12:47:25",\N,\N,"0","2008-01-30 12:47:25",\N,"CT0408","662","Miguel Alemán (La Doce)","27","0",\N,\N
"1555","2017-05-13 12:21:39","4B187C715D75474496E4BE28002CB643","2008-01-30 12:47:25",\N,\N,"0","2008-01-30 12:47:25",\N,"CT0409","634","Moctezuma","27","0",\N,\N
"1556","2017-05-13 12:21:39","8224CC88574848B28EF3FD71D8CE2724","2008-01-30 12:47:25",\N,\N,"0","2008-01-30 12:47:25",\N,"CT0410","633","Naco","27","0",\N,\N
"1557","2017-05-13 12:21:39","F181F634F8CC4FC0A5BD292FB662D12C","2008-01-30 12:47:25",\N,\N,"0","2008-01-30 12:47:25",\N,"CT0411","634","Nacori Chico","27","0",\N,\N
"1558","2017-05-13 12:21:39","086546577E3A4A27A864E404BA362E37","2008-01-30 12:47:25",\N,\N,"0","2008-01-30 12:47:25",\N,"CT0412","634","Nacozari","27","0",\N,\N
"1559","2017-05-13 12:21:39","175F427F1B9A40AF8400008FEB943F6F","2008-01-30 12:47:25",\N,\N,"0","2008-01-30 12:47:25",\N,"CT0413","642","Navojoa","27","0",\N,\N
"1560","2017-05-13 12:21:39","BF03976F4CE54D088067D1C8D016831B","2008-01-30 12:47:25",\N,\N,"0","2008-01-30 12:47:25",\N,"CT0414","631","Nogales","27","0",\N,\N
"1561","2017-05-13 12:21:39","D402E4B987EA49CDA593BE33E821E4F1","2008-01-30 12:47:25",\N,\N,"0","2008-01-30 12:47:25",\N,"CT0415","623","Pesqueira","27","0",\N,\N
"1562","2017-05-13 12:21:39","FBDC5119826F4CB60000838518C2D34F","2008-01-30 12:47:25",\N,\N,"0","2008-01-30 12:47:25",\N,"CT0416","637","Pitiquito","27","0",\N,\N
"1563","2017-05-13 12:21:39","EA6909050FF844AD004E2C5CA7EDA274","2008-01-30 12:47:25",\N,\N,"0","2008-01-30 12:47:25",\N,"CT0417","643","Potam","27","0",\N,\N
"1564","2017-05-13 12:21:39","6D681C45F7074DA0AD168DA2A6DCD0B4","2008-01-30 12:47:25",\N,\N,"0","2008-01-30 12:47:25",\N,"CT0418","644","Providencia","27","0",\N,\N
"1565","2017-05-13 12:21:39","684113ACC59941A5A951184C32F2C217","2008-01-30 12:47:25",\N,\N,"0","2008-01-30 12:47:25",\N,"CT0419","642","Pueblo Mayo","27","0",\N,\N
"1566","2017-05-13 12:21:39","95D2586B558D4A0E89AD9DBE58129300","2008-01-30 12:47:25",\N,\N,"0","2008-01-30 12:47:25",\N,"CT0420","643","Pueblo Yaqui","27","0",\N,\N
"1567","2017-05-13 12:21:39","79DD37F190214700A1007822572EE8FF","2008-01-30 12:47:25",\N,\N,"0","2008-01-30 12:47:25",\N,"CT0421","637","Puerto Libertad","27","0",\N,\N
"1568","2017-05-13 12:21:39","133072B5E9F24CDA89DBD7D5B7CA3826","2008-01-30 12:47:25",\N,\N,"0","2008-01-30 12:47:25",\N,"CT0422","638","Puerto Peñasco","27","0",\N,\N
"1569","2017-05-13 12:21:39","0EDAF254A7504974A8156EFF6754F8E7","2008-01-30 12:47:25",\N,\N,"0","2008-01-30 12:47:25",\N,"CT0423","641","Querobabi","27","0",\N,\N
"1570","2017-05-13 12:21:40","FA508C775F0F4BB1B9A0D5BBC7C12844","2008-01-30 12:47:25",\N,\N,"0","2008-01-30 12:47:25",\N,"CT0447","467","Teul de González Ortega","33","0",\N,\N
"1571","2017-05-13 12:21:40","626435F57151413AA82794378CD169F1","2008-01-30 12:47:25",\N,\N,"0","2008-01-30 12:47:25",\N,"CT0448","496","Tierra Blanca","33","0",\N,\N
"1572","2017-05-13 12:21:40","C1A8E52AB2814115B0DF334BEF6529B1","2008-01-30 12:47:25",\N,\N,"0","2008-01-30 12:47:25",\N,"CT0449","346","Tlachichila","33","0",\N,\N
"1573","2017-05-13 12:21:40","B452BA1085EB4E97BC543320C851DC22","2008-01-30 12:47:25",\N,\N,"0","2008-01-30 12:47:25",\N,"CT0450","437","Tlaltenango","33","0",\N,\N
"1574","2017-05-13 12:21:40","92FC8A712C5248E7AE00B4F4526B8051","2008-01-30 12:47:25",\N,\N,"0","2008-01-30 12:47:25",\N,"CT0451","492","Trancoso","33","0",\N,\N
"1575","2017-05-13 12:21:40","FA083200986A40F38E1418AD488628AF","2008-01-30 12:47:25",\N,\N,"0","2008-01-30 12:47:25",\N,"CT0452","457","Valparaíso","33","0",\N,\N
"1576","2017-05-13 12:21:40","B88BDBED653448B983282F96ABE100FE","2008-01-30 12:47:25",\N,\N,"0","2008-01-30 12:47:25",\N,"CT0453","458","Villa de Cos","33","0",\N,\N
"1577","2017-05-13 12:21:40","916B5F603C994DDAA2D227FF8DDAF900","2008-01-30 12:47:25",\N,\N,"0","2008-01-30 12:47:25",\N,"CT0454","496","Villa Hidalgo","33","0",\N,\N
"1578","2017-05-13 12:21:40","4ACDD134E7584014B10066BBB9C6EF48","2008-01-30 12:47:25",\N,\N,"0","2008-01-30 12:47:25",\N,"CT0455","433","Villa Insurgentes (El Calabazal)","33","0",\N,\N
"1579","2017-05-13 12:21:40","99F7C795EE4D41518DD69BA1D547096B","2008-01-30 12:47:25",\N,\N,"0","2008-01-30 12:47:25",\N,"CT0456","499","Villanueva","33","0",\N,\N
"1580","2017-05-13 12:21:40","67DF1BC2B64E46A1A2FC6F0006ED1862","2008-01-30 12:47:25",\N,\N,"0","2008-01-30 12:47:25",\N,"CT0457","492","Zacatecas","33","0",\N,\N
"1581","2017-05-13 12:21:40","6342614C47E34A729E8C2DA89FA2A97B","2008-01-30 12:47:25",\N,\N,"0","2008-01-30 12:47:25",\N,"CT0458","656","G.Rodrigo M. Quevedo (Pto.Palomas)","6","0",\N,\N
"1582","2017-05-13 12:21:40","75BBC1E16C7A4A01B480E4B25588784B","2008-01-30 12:47:25",\N,\N,"0","2008-01-30 12:47:25",\N,"CT0459","636","Galeana","6","0",\N,\N
"1583","2017-05-13 12:21:40","41880FC87EEB4748AA5719C80007A5AB","2008-01-30 12:47:25",\N,\N,"0","2008-01-30 12:47:25",\N,"CT0460","649","Guachochi","6","0",\N,\N
"1584","2017-05-13 12:21:40","22819D86EB03430200D33812588CD1C2","2008-01-30 12:47:25",\N,\N,"0","2008-01-30 12:47:25",\N,"CT0461","656","Guadalupe Distrito Bravos","6","0",\N,\N
"1585","2017-05-13 12:21:40","A1E9495B336B429A85035218588407D7","2008-01-30 12:47:25",\N,\N,"0","2008-01-30 12:47:25",\N,"CT0462","639","Guadalupe Victoria (Mp.Meoqui)","6","0",\N,\N
"1586","2017-05-13 12:21:40","EDABCE82DE094B11A8006C646D8567BB","2008-01-30 12:47:25",\N,\N,"0","2008-01-30 12:47:25",\N,"CT0463","649","Guadalupe y Calvo","6","0",\N,\N
"1587","2017-05-13 12:21:40","9F5DB3807BEC4F6BB990468602762128","2008-01-30 12:47:25",\N,\N,"0","2008-01-30 12:47:25",\N,"CT0464","636","Hidalgo (Ejido Hidalgo)","6","0",\N,\N
"1588","2017-05-13 12:21:40","B1DEAA3B62E740F69E3431F1E3FC50AC","2008-01-30 12:47:25",\N,\N,"0","2008-01-30 12:47:25",\N,"CT0465","636","Ignacio Allende","6","0",\N,\N
"1589","2017-05-13 12:21:40","8239AF3B818F43BEBF0983B3657E169C","2008-01-30 12:47:25",\N,\N,"0","2008-01-30 12:47:25",\N,"CT0466","636","Ignacio Zaragoza","6","0",\N,\N
"1590","2017-05-13 12:21:40","FBD3C660FB3D41EA8E26003C4CA4535F","2008-01-30 12:47:25",\N,\N,"0","2008-01-30 12:47:25",\N,"CT0467","659","Independencia (Cologachi)","6","0",\N,\N
"1591","2017-05-13 12:21:40","A4A259C85D3B4681B7784D271D9042E4","2008-01-30 12:47:25",\N,\N,"0","2008-01-30 12:47:25",\N,"CT0468","636","Janos","6","0",\N,\N
"1592","2017-05-13 12:21:40","A40FA5F11431459292E4C55855FAD193","2008-01-30 12:47:25",\N,\N,"0","2008-01-30 12:47:25",\N,"CT0469","621","Julimes","6","0",\N,\N
"1593","2017-05-13 12:21:40","44198E9C34DC4F9999A317EF24C52F8C","2008-01-30 12:47:25",\N,\N,"0","2008-01-30 12:47:25",\N,"CT0493","659","Oscar Soto Maynez","6","0",\N,\N
"1594","2017-05-13 12:21:40","6E40FBE0AB064F1EABB370ED96C5A43C","2008-01-30 12:47:25",\N,\N,"0","2008-01-30 12:47:25",\N,"CT0494","627","Parral","6","0",\N,\N
"1595","2017-05-13 12:21:40","DC5C422FE0B04ACFBF2793E000FF3152","2008-01-30 12:47:25",\N,\N,"0","2008-01-30 12:47:25",\N,"CT0495","635","Pascual Orozco (San Isidro)","6","0",\N,\N
"1596","2017-05-13 12:21:40","331423F5DB81461BB05C54BF16377B2B","2008-01-30 12:47:25",\N,\N,"0","2008-01-30 12:47:25",\N,"CT0496","639","Pedro Meoqui","6","0",\N,\N
"1597","2017-05-13 12:21:40","44DF5733FDD54E9ABEDC7E9B88640000","2008-01-30 12:47:25",\N,\N,"0","2008-01-30 12:47:25",\N,"CT0497","652","Peña Blanca","6","0",\N,\N
"1598","2017-05-13 12:21:40","C336572FED5C449B95BF2144B900452C","2008-01-30 12:47:25",\N,\N,"0","2008-01-30 12:47:25",\N,"CT0498","656","Praxedis G. Guerrero","6","0",\N,\N
"1599","2017-05-13 12:21:40","150003AF9EA845BBAA94F7211900D157","2008-01-30 12:47:25",\N,\N,"0","2008-01-30 12:47:25",\N,"CT0499","628","Pueblito de Allende","6","0",\N,\N
"1600","2017-05-13 12:21:40","21AD1E78D9E345B3AA87CFFB953D2D04","2008-01-30 12:47:25",\N,\N,"0","2008-01-30 12:47:25",\N,"CT0500","636","Ricardo Flores Magón (El Carmen)","6","0",\N,\N
"1601","2017-05-13 12:21:40","76825AFF9682436B862E03BF94173165","2008-01-30 12:47:25",\N,\N,"0","2008-01-30 12:47:25",\N,"CT0501","636","Rodrigo M. Quevedo","6","0",\N,\N
"1602","2017-05-13 12:21:40","C1957A4E355B459C8EF054006567F52B","2008-01-30 12:47:25",\N,\N,"0","2008-01-30 12:47:25",\N,"CT0502","656","Samalayuca","6","0",\N,\N
"1603","2017-05-13 12:21:40","633F9B7D5B854D0997F3913EEA573289","2008-01-30 12:47:25",\N,\N,"0","2008-01-30 12:47:25",\N,"CT0503","636","San Buenaventura","6","0",\N,\N
"1604","2017-05-13 12:21:40","30EA96EAC1BD4509AD5CF193007D223F","2008-01-30 12:47:25",\N,\N,"0","2008-01-30 12:47:25",\N,"CT0504","635","San Francisco de Borja","6","0",\N,\N
"1605","2017-05-13 12:21:40","487F71D0CF054BA6B8C66E3BC2736FAD","2008-01-30 12:47:25",\N,\N,"0","2008-01-30 12:47:25",\N,"CT0505","648","San Francisco de Conchos","6","0",\N,\N
"1606","2017-05-13 12:21:41","A37E4A595A6D4B079DD5A431ADA7A250","2008-01-30 12:47:25",\N,\N,"0","2008-01-30 12:47:25",\N,"CT0506","628","San Francisco del Oro","6","0",\N,\N
"1607","2017-05-13 12:21:41","BB06D32A2C284A6C8EFFA2C199B3ECA3","2008-01-30 12:47:25",\N,\N,"0","2008-01-30 12:47:25",\N,"CT0507","656","San Isidro (Río Grande)","6","0",\N,\N
"1608","2017-05-13 12:21:41","E78E1DD7E7354DD6BCFD88F6C91D41F8","2008-01-30 12:47:25",\N,\N,"0","2008-01-30 12:47:25",\N,"CT0508","652","San José Babicora","6","0",\N,\N
"1609","2017-05-13 12:21:41","FDC7E78D19774FC2A8F9A96651E9FC1E","2008-01-30 12:47:25",\N,\N,"0","2008-01-30 12:47:25",\N,"CT0509","635","San Juanito","6","0",\N,\N
"1610","2017-05-13 12:21:41","1AFDEB45290D4AA891E900FD94249C30","2008-01-30 12:47:25",\N,\N,"0","2008-01-30 12:47:25",\N,"CT0510","636","San Lorenzo (Mp.Buenaventura)","6","0",\N,\N
"1611","2017-05-13 12:21:41","DF83951F29B3443B8803656C77A8F917","2008-01-30 12:47:25",\N,\N,"0","2008-01-30 12:47:25",\N,"CT0511","625","San Lorenzo (Mp.Dr.Belisario D)","6","0",\N,\N
"1612","2017-05-13 12:21:41","0C2815C83A9D43AD890040D400E78E14","2008-01-30 12:47:25",\N,\N,"0","2008-01-30 12:47:25",\N,"CT0512","625","San Nicolás de Carretas","6","0",\N,\N
"1613","2017-05-13 12:21:41","D2D7A0E38040472CB3B1C1952874C157","2008-01-30 12:47:25",\N,\N,"0","2008-01-30 12:47:25",\N,"CT0513","649","San Pablo Balleza","6","0",\N,\N
"1614","2017-05-13 12:21:41","54F9F346419542BA856F6057014B7E22","2008-01-30 12:47:25",\N,\N,"0","2008-01-30 12:47:25",\N,"CT0514","635","San Rafael","6","0",\N,\N
"1615","2017-05-13 12:21:41","246630B5941447D1A419D7239B876F32","2008-01-30 12:47:25",\N,\N,"0","2008-01-30 12:47:25",\N,"CT0538","656","Villa Ahumada y Anexas","6","0",\N,\N
"1616","2017-05-13 12:21:41","0BB188CD7CEB47CFB284676954DB89F1","2008-01-30 12:47:25",\N,\N,"0","2008-01-30 12:47:25",\N,"CT0539","614","Villa Aldama","6","0",\N,\N
"1617","2017-05-13 12:21:41","7DE7EFFB2BA6426684634CFD41C91C58","2008-01-30 12:47:25",\N,\N,"0","2008-01-30 12:47:25",\N,"CT0540","629","Villa López","6","0",\N,\N
"1618","2017-05-13 12:21:41","853637EB8EB8461E9E79CC18C3C2B9E3","2008-01-30 12:47:25",\N,\N,"0","2008-01-30 12:47:25",\N,"CT0541","639","Delicias","6","0",\N,\N
"1619","2017-05-13 12:21:41","4825C67C2E4F444694EC6F18E42CE6F0","2008-01-30 12:47:25",\N,\N,"0","2008-01-30 12:47:25",\N,"CT0542","918","Acacoyagua","7","0",\N,\N
"1620","2017-05-13 12:21:41","45CA598E5DF940CCA09492DD219EB0FA","2008-01-30 12:47:25",\N,\N,"0","2008-01-30 12:47:25",\N,"CT0543","918","Acapetahua","7","0",\N,\N
"1621","2017-05-13 12:21:41","D51F5BD6412042EEB958F036C5C5E36C","2008-01-30 12:47:25",\N,\N,"0","2008-01-30 12:47:25",\N,"CT0544","919","Altamirano","7","0",\N,\N
"1622","2017-05-13 12:21:41","0B18A63C8A3B4505BB2D03EBE49D001C","2008-01-30 12:47:25",\N,\N,"0","2008-01-30 12:47:25",\N,"CT0545","962","Alvaro Obregón","7","0",\N,\N
"1623","2017-05-13 12:21:41","2CD13FB5F8D94B1E8283D264E2E9CEF7","2008-01-30 12:47:25",\N,\N,"0","2008-01-30 12:47:25",\N,"CT0546","966","Arriaga","7","0",\N,\N
"1624","2017-05-13 12:21:41","4B5EAC10AABC4F0DA646368E392B567E","2008-01-30 12:47:25",\N,\N,"0","2008-01-30 12:47:25",\N,"CT0547","961","Berriozabal","7","0",\N,\N
"1625","2017-05-13 12:21:41","AC36BF8422EA4716ADD4A4FF6F05DC10","2008-01-30 12:47:25",\N,\N,"0","2008-01-30 12:47:25",\N,"CT0548","919","Bochil","7","0",\N,\N
"1626","2017-05-13 12:21:41","5AD28D82C13744AEB810F1C5FEAAE1F4","2008-01-30 12:47:25",\N,\N,"0","2008-01-30 12:47:25",\N,"CT0549","964","Buenos Aires(Zinacántal)","7","0",\N,\N
"1627","2017-05-13 12:21:41","4CD3D14E89014640AC98E36402833492","2008-01-30 12:47:25",\N,\N,"0","2008-01-30 12:47:25",\N,"CT0550","994","Cabeza de Toro","7","0",\N,\N
"1628","2017-05-13 12:21:41","FD5F8A43577A43449B291E84ABD0F231","2008-01-30 12:47:25",\N,\N,"0","2008-01-30 12:47:25",\N,"CT0551","962","Cacahoatán","7","0",\N,\N
"1629","2017-05-13 12:21:41","BD36D66539D64DDD90EB303D30398762","2008-01-30 12:47:25",\N,\N,"0","2008-01-30 12:47:25",\N,"CT0552","916","Catazaja","7","0",\N,\N
"1630","2017-05-13 12:21:41","974413C245054145ABA92589B044B0D3","2008-01-30 12:47:25",\N,\N,"0","2008-01-30 12:47:25",\N,"CT0553","967","Chamula","7","0",\N,\N
"1631","2017-05-13 12:21:41","17B347E89CA94FA6A3933C7D4700664C","2008-01-30 12:47:25",\N,\N,"0","2008-01-30 12:47:25",\N,"CT0554","961","Chiapa de Corzo","7","0",\N,\N
"1632","2017-05-13 12:21:41","96EE5DC611F94D78A9008339DD3B9992","2008-01-30 12:47:25",\N,\N,"0","2008-01-30 12:47:25",\N,"CT0555","963","Chicomuselo","7","0",\N,\N
"1633","2017-05-13 12:21:41","DB945395A226447F9CD2E78DF441CFDE","2008-01-30 12:47:25",\N,\N,"0","2008-01-30 12:47:25",\N,"CT0556","919","Chilón","7","0",\N,\N
"1634","2017-05-13 12:21:41","0598BE0809364DBFA39429154CC0A91B","2008-01-30 12:47:25",\N,\N,"0","2008-01-30 12:47:25",\N,"CT0557","968","Cintalapa","7","0",\N,\N
"1635","2017-05-13 12:21:41","29EB116B89654BF8970349AE4BA87EFD","2008-01-30 12:47:25",\N,\N,"0","2008-01-30 12:47:25",\N,"CT0558","963","Ciudad Cuauhtémoc","7","0",\N,\N
"1636","2017-05-13 12:21:41","4E5E3258FFBA49DA8C7099F88E2133F1","2008-01-30 12:47:25",\N,\N,"0","2008-01-30 12:47:25",\N,"CT0559","962","Ciudad Hidalgo","7","0",\N,\N
"1637","2017-05-13 12:21:42","1666CD3DCE354A218B36A419CBBD351C","2008-01-30 12:47:25",\N,\N,"0","2008-01-30 12:47:25",\N,"CT0560","918","Colonia Soconusco","7","0",\N,\N
"1638","2017-05-13 12:21:42","82A93524B301439594AAC9D0C51FB7FD","2008-01-30 12:47:25",\N,\N,"0","2008-01-30 12:47:25",\N,"CT0561","963","Comitán de Domínguez","7","0",\N,\N
"1639","2017-05-13 12:21:42","EE862B47D49E44C596732BE993E69B28","2008-01-30 12:47:25",\N,\N,"0","2008-01-30 12:47:25",\N,"CT0586","963","Las Margaritas","7","0",\N,\N
"1640","2017-05-13 12:21:42","3479611880C04A8097A201C039825D65","2008-01-30 12:47:25",\N,\N,"0","2008-01-30 12:47:25",\N,"CT0587","968","Lázaro Cárdenas","7","0",\N,\N
"1641","2017-05-13 12:21:42","9D8F66D4B09D415A8CEF9EBA88279CE1","2008-01-30 12:47:25",\N,\N,"0","2008-01-30 12:47:25",\N,"CT0588","918","Mapastepec","7","0",\N,\N
"1642","2017-05-13 12:21:42","C7684D4F0B174F9184E6B06B76B4A073","2008-01-30 12:47:25",\N,\N,"0","2008-01-30 12:47:25",\N,"CT0589","964","Mazatán","7","0",\N,\N
"1643","2017-05-13 12:21:42","6E68F305A7D846AC96DAB1C29ECA3635","2008-01-30 12:47:25",\N,\N,"0","2008-01-30 12:47:25",\N,"CT0590","962","Metapa de Domínguez","7","0",\N,\N
"1644","2017-05-13 12:21:42","1E4F00F6ACEB416997825E464368407B","2008-01-30 12:47:25",\N,\N,"0","2008-01-30 12:47:25",\N,"CT0591","962","Motozintla","7","0",\N,\N
"1645","2017-05-13 12:21:42","4F8E9405635C4ACE930039AC002BAC24","2008-01-30 12:47:25",\N,\N,"0","2008-01-30 12:47:25",\N,"CT0592","992","Nueva Concordia","7","0",\N,\N
"1646","2017-05-13 12:21:42","3197F0C4A3CC44A797EFACF764E75FE9","2008-01-30 12:47:25",\N,\N,"0","2008-01-30 12:47:25",\N,"CT0593","919","Ocosingo","7","0",\N,\N
"1647","2017-05-13 12:21:42","AA348551F4D147A087244FB081C7DF88","2008-01-30 12:47:25",\N,\N,"0","2008-01-30 12:47:25",\N,"CT0594","968","Ocozocoautla","7","0",\N,\N
"1648","2017-05-13 12:21:42","56C851CCC4C4495BB319693229F487A3","2008-01-30 12:47:25",\N,\N,"0","2008-01-30 12:47:25",\N,"CT0595","919","Oxchuc","7","0",\N,\N
"1649","2017-05-13 12:21:42","6FCA939E65E8417786FB76530014EBDC","2008-01-30 12:47:25",\N,\N,"0","2008-01-30 12:47:25",\N,"CT0596","916","Palenque","7","0",\N,\N
"1650","2017-05-13 12:21:42","E48C0A04C9F64CD0925B91C0DD43DA19","2008-01-30 12:47:25",\N,\N,"0","2008-01-30 12:47:25",\N,"CT0597","919","Pantelho","7","0",\N,\N
"1651","2017-05-13 12:21:42","C6950F568FC8483080F927C9A9311E4D","2008-01-30 12:47:25",\N,\N,"0","2008-01-30 12:47:25",\N,"CT0598","994","Paredón","7","0",\N,\N
"1652","2017-05-13 12:21:42","512B29F41D4C4E48902E3EBB0088D624","2008-01-30 12:47:25",\N,\N,"0","2008-01-30 12:47:25",\N,"CT0599","919","Petalcingo","7","0",\N,\N
"1653","2017-05-13 12:21:42","84C1DB847E9F4215B92662F5CBC8EF39","2008-01-30 12:47:25",\N,\N,"0","2008-01-30 12:47:25",\N,"CT0600","932","Pichucalco","7","0",\N,\N
"1654","2017-05-13 12:21:42","35690095941A44A28D7FBA57F0F2BDF9","2008-01-30 12:47:25",\N,\N,"0","2008-01-30 12:47:25",\N,"CT0601","918","Pijijiapan","7","0",\N,\N
"1655","2017-05-13 12:21:42","ECBDB811CA6F4289BCC4D16929939785","2008-01-30 12:47:25",\N,\N,"0","2008-01-30 12:47:25",\N,"CT0602","918","Pueblo Nuevo Comaltitlán","7","0",\N,\N
"1656","2017-05-13 12:21:42","F63F620316214C85BA92864F93EFFB57","2008-01-30 12:47:25",\N,\N,"0","2008-01-30 12:47:25",\N,"CT0603","919","Pueblo Nuevo Solistahuacán","7","0",\N,\N
"1657","2017-05-13 12:21:42","85EAC2AEE9A5405900BD778346BF98D0","2008-01-30 12:47:25",\N,\N,"0","2008-01-30 12:47:25",\N,"CT0604","994","Puerto Arista","7","0",\N,\N
"1658","2017-05-13 12:21:42","D476130158B24E9494970404CAE66435","2008-01-30 12:47:25",\N,\N,"0","2008-01-30 12:47:25",\N,"CT0605","962","Puerto Madero (San Benito)","7","0",\N,\N
"1659","2017-05-13 12:21:42","2BECBB2B81C94A0DB06483ECB48300DF","2008-01-30 12:47:25",\N,\N,"0","2008-01-30 12:47:25",\N,"CT0606","992","Pujiltic","7","0",\N,\N
"1660","2017-05-13 12:21:42","F70147523B69497D94E9AE01A0D98E25","2008-01-30 12:47:25",\N,\N,"0","2008-01-30 12:47:25",\N,"CT0607","967","Rancho Nuevo","7","0",\N,\N
"1661","2017-05-13 12:21:42","2A4EA88BB128446E93CFFE80AF2B42B2","2008-01-30 12:47:25",\N,\N,"0","2008-01-30 12:47:25",\N,"CT0608","968","Raudales Malpaso","7","0",\N,\N
"1662","2017-05-13 12:21:42","A142480D03A8426FAC7590253226439B","2008-01-30 12:47:25",\N,\N,"0","2008-01-30 12:47:25",\N,"CT0609","917","Reforma","7","0",\N,\N
"1663","2017-05-13 12:21:42","7870FB7666C84F7CAD6CC15296E332EA","2008-01-30 12:47:25",\N,\N,"0","2008-01-30 12:47:25",\N,"CT1032","773","General Pedro María Anaya (San Mateo)","14","0",\N,\N
"1664","2017-05-13 12:21:42","908032FD3CB34EBBBB94FFA1BF512700","2008-01-30 12:47:25",\N,\N,"0","2008-01-30 12:47:25",\N,"CT1033","771","Huasca de Ocampo","14","0",\N,\N
"1665","2017-05-13 12:21:42","F8F192390F2940C0914BAD9798FB46D2","2008-01-30 12:47:25",\N,\N,"0","2008-01-30 12:47:25",\N,"CT1034","746","Huautla","14","0",\N,\N
"1666","2017-05-13 12:21:42","B6DA4AE1902D4D58A051CB54C81D7973","2008-01-30 12:47:25",\N,\N,"0","2008-01-30 12:47:25",\N,"CT1035","789","Huejutla de Reyes","14","0",\N,\N
"1667","2017-05-13 12:21:43","C79164FD87E545F19636009FF9E25373","2008-01-30 12:47:25",\N,\N,"0","2008-01-30 12:47:25",\N,"CT1036","761","Huichapan","14","0",\N,\N
"1668","2017-05-13 12:21:43","4BFFE3D73D1D4919A700A2BD315C86CF","2008-01-30 12:47:25",\N,\N,"0","2008-01-30 12:47:25",\N,"CT1037","759","Ixmiquilpan","14","0",\N,\N
"1669","2017-05-13 12:21:43","E4FB6CF489E4470E90AA50DA0886D9E7","2008-01-30 12:47:25",\N,\N,"0","2008-01-30 12:47:25",\N,"CT1038","441","Jacala","14","0",\N,\N
"1670","2017-05-13 12:21:43","39D6FFADBA5E40CD979B02D68D7B3974","2008-01-30 12:47:25",\N,\N,"0","2008-01-30 12:47:25",\N,"CT1039","743","Jagüey de Téllez (Estación Téllez)","14","0",\N,\N
"1671","2017-05-13 12:21:43","1989077344274529B7B853B3EF169067","2008-01-30 12:47:25",\N,\N,"0","2008-01-30 12:47:25",\N,"CT1040","775","Jaltepec","14","0",\N,\N
"1672","2017-05-13 12:21:43","09B788B57BDC4FE7ACFF4258DD2300E6","2008-01-30 12:47:25",\N,\N,"0","2008-01-30 12:47:25",\N,"CT1041","748","José María Morelos (San José)","14","0",\N,\N
"1673","2017-05-13 12:21:43","B7DCCA248CC0489CAB24682BF49DA95B","2008-01-30 12:47:25",\N,\N,"0","2008-01-30 12:47:25",\N,"CT1042","775","La Lagunilla","14","0",\N,\N
"1674","2017-05-13 12:21:43","C5BB1CD25FE048EFA3951CD1F988D751","2008-01-30 12:47:25",\N,\N,"0","2008-01-30 12:47:25",\N,"CT1043","771","La Providencia","14","0",\N,\N
"1675","2017-05-13 12:21:43","DB1D4B74A7AA4D8187BDE1DEEFFFA31C","2008-01-30 12:47:25",\N,\N,"0","2008-01-30 12:47:25",\N,"CT1044","779","Las Plazas","14","0",\N,\N
"1676","2017-05-13 12:21:43","F33202079E3A4018A381A54D9700A871","2008-01-30 12:47:25",\N,\N,"0","2008-01-30 12:47:25",\N,"CT1045","761","Maravillas","14","0",\N,\N
"1677","2017-05-13 12:21:43","C73D5D3E49414779B44D75ACD4555F84","2008-01-30 12:47:25",\N,\N,"0","2008-01-30 12:47:25",\N,"CT1046","773","Melchor Ocampo (El Salto)","14","0",\N,\N
"1678","2017-05-13 12:21:43","9DC7ED0C2490442BB3CE2D20F9EB815E","2008-01-30 12:47:25",\N,\N,"0","2008-01-30 12:47:25",\N,"CT1047","774","Metepec","14","0",\N,\N
"1679","2017-05-13 12:21:43","7D6BCC3DE0624B47AA239FE9C7FD92DE","2008-01-30 12:47:25",\N,\N,"0","2008-01-30 12:47:25",\N,"CT1048","774","Metztitlán","14","0",\N,\N
"1680","2017-05-13 12:21:43","3E350CB75E7C44E0A5685300B47148E2","2008-01-30 12:47:25",\N,\N,"0","2008-01-30 12:47:25",\N,"CT1049","774","Mezquititlán","14","0",\N,\N
"1681","2017-05-13 12:21:43","0CE4157C8D2F45699C99B611CEB4E7EA","2008-01-30 12:47:25",\N,\N,"0","2008-01-30 12:47:25",\N,"CT1050","771","Mineral del Monte","14","0",\N,\N
"1682","2017-05-13 12:21:43","2F0BBC38EEAC420EA1ABC8D34F00FF31","2008-01-30 12:47:25",\N,\N,"0","2008-01-30 12:47:25",\N,"CT1051","738","Mixquiahuala","14","0",\N,\N
"1683","2017-05-13 12:21:43","91D8DF2F5FF64C00BABA2669EC4DB359","2008-01-30 12:47:25",\N,\N,"0","2008-01-30 12:47:25",\N,"CT1052","774","Molango","14","0",\N,\N
"1684","2017-05-13 12:21:43","602EEEAFF1884C559CA0CE87F46B3475","2008-01-30 12:47:25",\N,\N,"0","2008-01-30 12:47:25",\N,"CT1053","775","Napateco","14","0",\N,\N
"1685","2017-05-13 12:21:43","5CA45035E8DE45B7BFA9A80539781D21","2008-01-30 12:47:25",\N,\N,"0","2008-01-30 12:47:25",\N,"CT1054","761","Nopala","14","0",\N,\N
"1686","2017-05-13 12:21:43","46DC2264F0DD41DD946341311199B1C8","2008-01-30 12:47:25",\N,\N,"0","2008-01-30 12:47:25",\N,"CT1078","778","Santiago Tezontlale","14","0",\N,\N
"1687","2017-05-13 12:21:43","19C2770392F84423972D00E71CBA003C","2008-01-30 12:47:25",\N,\N,"0","2008-01-30 12:47:25",\N,"CT1079","771","Santiago Tlapacoya","14","0",\N,\N
"1688","2017-05-13 12:21:43","65B066526FD545E485B4B486B76B2331","2008-01-30 12:47:25",\N,\N,"0","2008-01-30 12:47:25",\N,"CT1080","773","Santiago Tlautla","14","0",\N,\N
"1689","2017-05-13 12:21:43","C7883377F57849C58D7134FD8C6954D2","2008-01-30 12:47:25",\N,\N,"0","2008-01-30 12:47:25",\N,"CT1081","775","Santiago Tulantepec","14","0",\N,\N
"1690","2017-05-13 12:21:43","25051B28A16C4AB5826288A63CB0BA00","2008-01-30 12:47:25",\N,\N,"0","2008-01-30 12:47:25",\N,"CT1082","743","Santo Tomás","14","0",\N,\N
"1691","2017-05-13 12:21:43","89EC4D91325349128E65FBEBD9F291C4","2008-01-30 12:47:25",\N,\N,"0","2008-01-30 12:47:25",\N,"CT1083","775","Singuilucan","14","0",\N,\N
"1692","2017-05-13 12:21:43","864CFE6F6C2E4A0DA029F6192DD2AABC","2008-01-30 12:47:25",\N,\N,"0","2008-01-30 12:47:25",\N,"CT1084","759","Tasquillo","14","0",\N,\N
"1693","2017-05-13 12:21:43","EE0E109AC72B4B39B3FF041E8C50F665","2008-01-30 12:47:25",\N,\N,"0","2008-01-30 12:47:25",\N,"CT1085","761","Tecozautla","14","0",\N,\N
"1694","2017-05-13 12:21:43","E40E4C890F524B32AC7E2ED1DFF6003E","2008-01-30 12:47:25",\N,\N,"0","2008-01-30 12:47:25",\N,"CT1086","789","Tehuetlán","14","0",\N,\N
"1695","2017-05-13 12:21:43","5B2F05A0724245339F29237C8F5C9022","2008-01-30 12:47:25",\N,\N,"0","2008-01-30 12:47:25",\N,"CT1087","776","Tenango de Doria","14","0",\N,\N
"1696","2017-05-13 12:21:43","A3609A1D4AB044BDB134BBB9FC094E13","2008-01-30 12:47:25",\N,\N,"0","2008-01-30 12:47:25",\N,"CT1088","774","Tenango","14","0",\N,\N
"1697","2017-05-13 12:21:43","C17B76F044AD4A238E5300997B50D3F1","2008-01-30 12:47:25",\N,\N,"0","2008-01-30 12:47:25",\N,"CT1089","738","Teñhe","14","0",\N,\N
"1698","2017-05-13 12:21:43","D9DF83FD26F247D5A41693A3BA5E5107","2008-01-30 12:47:25",\N,\N,"0","2008-01-30 12:47:25",\N,"CT1090","778","Teocalco","14","0",\N,\N
"1699","2017-05-13 12:21:43","3557266FF3CD48BC98008126A8A30006","2008-01-30 12:47:25",\N,\N,"0","2008-01-30 12:47:25",\N,"CT1091","738","Tepatepec","14","0",\N,\N
"1700","2017-05-13 12:21:43","C7D80A9EAFF04EFFA0939221FDB800DA","2008-01-30 12:47:25",\N,\N,"0","2008-01-30 12:47:25",\N,"CT1092","773","Tepeji de Ocampo","14","0",\N,\N
"1701","2017-05-13 12:21:44","BDD1D078E74B43FEB872B6F9D7924CF6","2008-01-30 12:47:25",\N,\N,"0","2008-01-30 12:47:25",\N,"CT1093","763","Tezontepec de Aldama","14","0",\N,\N
"1702","2017-05-13 12:21:44","B2EDC3933A6F47AA94384DFB00AD2451","2008-01-30 12:47:25",\N,\N,"0","2008-01-30 12:47:25",\N,"CT1094","774","Tianguistengo","14","0",\N,\N
"1703","2017-05-13 12:21:44","3A94412041D741938D9925D9E23F858D","2008-01-30 12:47:25",\N,\N,"0","2008-01-30 12:47:25",\N,"CT1095","779","Tizayuca","14","0",\N,\N
"1704","2017-05-13 12:21:44","B04497F662924869A536CE88E4059426","2008-01-30 12:47:25",\N,\N,"0","2008-01-30 12:47:25",\N,"CT1096","763","Tlahuelilpan","14","0",\N,\N
"1705","2017-05-13 12:21:44","26ED7C0EC07043579E30E03000EB3B82","2008-01-30 12:47:25",\N,\N,"0","2008-01-30 12:47:25",\N,"CT1097","774","Tlahuelompa (San Francisco Tlahuelompa)","14","0",\N,\N
"1706","2017-05-13 12:21:44","A17D33884AD54B2DA49C578800AB00D6","2008-01-30 12:47:25",\N,\N,"0","2008-01-30 12:47:25",\N,"CT1098","774","Tlanchinol","14","0",\N,\N
"1707","2017-05-13 12:21:44","7554E966E9BD4C6F8B2275C051575FBB","2008-01-30 12:47:25",\N,\N,"0","2008-01-30 12:47:25",\N,"CT1099","778","Tlaxcoapan","14","0",\N,\N
"1708","2017-05-13 12:21:44","D48E88BD95BC498100C47C3376274944","2008-01-30 12:47:25",\N,\N,"0","2008-01-30 12:47:25",\N,"CT1100","743","Tolcayuca","14","0",\N,\N
"1709","2017-05-13 12:21:44","03AE9378246242E28C7CFC3541CDEB4F","2008-01-30 12:47:25",\N,\N,"0","2008-01-30 12:47:25",\N,"CT1101","773","Tula","14","0",\N,\N
"1710","2017-05-13 12:21:44","C1AC4B3F1B5B407BBF7D1746E5DE00ED","2008-01-30 12:47:25",\N,\N,"0","2008-01-30 12:47:25",\N,"CT1360","55","Chimalhuacán","16","0",\N,\N
"1711","2017-05-13 12:21:44","E3DAC1C1239542C1A7C3EC8BD5C63EE8","2008-01-30 12:47:25",\N,\N,"0","2008-01-30 12:47:25",\N,"CT1361","712","Chosto de los Jarros","16","0",\N,\N
"1712","2017-05-13 12:21:44","588AC3DDC5E943C29000F2AC8867299D","2008-01-30 12:47:25",\N,\N,"0","2008-01-30 12:47:25",\N,"CT1362","725","Cieneguillas","16","0",\N,\N
"1713","2017-05-13 12:21:44","D430ECACE6F6476FA54F438CEC5BA573","2008-01-30 12:47:25",\N,\N,"0","2008-01-30 12:47:25",\N,"CT1363","55","Ciudad López Mateos","16","0",\N,\N
"1714","2017-05-13 12:21:44","06D4F88EE926489A871B9162B0954535","2008-01-30 12:47:25",\N,\N,"0","2008-01-30 12:47:25",\N,"CT1364","55","Ciudad Nezahualcoyotl","16","0",\N,\N
"1715","2017-05-13 12:21:44","C7BFF30FF3AF43CAA4262CB4B51D45AD","2008-01-30 12:47:25",\N,\N,"0","2008-01-30 12:47:25",\N,"CT1365","723","Coatepec Harinas","16","0",\N,\N
"1716","2017-05-13 12:21:44","4638ECFC76B1419895EF7803D9936B8E","2008-01-30 12:47:25",\N,\N,"0","2008-01-30 12:47:25",\N,"CT1366","55","Coatepec","16","0",\N,\N
"1717","2017-05-13 12:21:44","482F3DAC26A84993B56C117990F6F615","2008-01-30 12:47:25",\N,\N,"0","2008-01-30 12:47:25",\N,"CT1367","55","Cocotitlán","16","0",\N,\N
"1718","2017-05-13 12:21:44","E267421733C7411BBEFAB2FF717C2DC1","2008-01-30 12:47:25",\N,\N,"0","2008-01-30 12:47:25",\N,"CT1368","726","Colonia Dr. Gustavo Baz","16","0",\N,\N
"1719","2017-05-13 12:21:44","C60417095D1249DDA9E4BDFB4D7F50C4","2008-01-30 12:47:25",\N,\N,"0","2008-01-30 12:47:25",\N,"CT1369","726","Colorines","16","0",\N,\N
"1720","2017-05-13 12:21:44","02E62F1C079143C1B1ABBE44E4480590","2008-01-30 12:47:25",\N,\N,"0","2008-01-30 12:47:25",\N,"CT1370","593","Coyotepec","16","0",\N,\N
"1721","2017-05-13 12:21:44","D88414B482054415875374CCE2E47F43","2008-01-30 12:47:25",\N,\N,"0","2008-01-30 12:47:25",\N,"CT1371","55","Cuautitlán Izcalli","16","0",\N,\N
"1722","2017-05-13 12:21:44","3327F0ED08CA4926B6AF364D3FD43500","2008-01-30 12:47:25",\N,\N,"0","2008-01-30 12:47:25",\N,"CT1372","55","Cuautitlán","16","0",\N,\N
"1723","2017-05-13 12:21:44","C71C1C88D8CF4970AF4F6800CCC58D4D","2008-01-30 12:47:25",\N,\N,"0","2008-01-30 12:47:25",\N,"CT1373","588","Dongú","16","0",\N,\N
"1724","2017-05-13 12:21:44","D2C7AE64E81A4991BA7E705C37E01B75","2008-01-30 12:47:25",\N,\N,"0","2008-01-30 12:47:25",\N,"CT1374","55","Ecatepec de Morelos","16","0",\N,\N
"1725","2017-05-13 12:21:44","05E046AF23AC426A93C1496901C2BC94","2008-01-30 12:47:25",\N,\N,"0","2008-01-30 12:47:25",\N,"CT1375","718","El Agostadero (San José Agostadero)","16","0",\N,\N
"1726","2017-05-13 12:21:44","3A82B20989404C78BF62B5CA6D9FDD17","2008-01-30 12:47:25",\N,\N,"0","2008-01-30 12:47:25",\N,"CT1376","722","El Cerrillo Piedras Blancas (El Cerrillo)","16","0",\N,\N
"1727","2017-05-13 12:21:44","5AD312B1A5CC4BA400FF69515983F783","2008-01-30 12:47:25",\N,\N,"0","2008-01-30 12:47:25",\N,"CT1377","724","El Estanco","16","0",\N,\N
"1728","2017-05-13 12:21:44","FA32D0820E71459A912438163D62AF68","2008-01-30 12:47:25",\N,\N,"0","2008-01-30 12:47:25",\N,"CT1378","711","El Oro","16","0",\N,\N
"1729","2017-05-13 12:21:44","9E8BF5EEB62D48AE0041043C66D31D42","2008-01-30 12:47:25",\N,\N,"0","2008-01-30 12:47:25",\N,"CT1379","716","El Salitre Palmarillos","16","0",\N,\N
"1730","2017-05-13 12:21:44","0958374BF91448CE8744A637983CFF57","2008-01-30 12:47:25",\N,\N,"0","2008-01-30 12:47:25",\N,"CT1380","593","El Tajuelo","16","0",\N,\N
"1731","2017-05-13 12:21:44","25668FF63C4B42A3B0814BCF00131B87","2008-01-30 12:47:25",\N,\N,"0","2008-01-30 12:47:25",\N,"CT1381","718","Ex-hacienda de Solís","16","0",\N,\N
"1732","2017-05-13 12:21:44","D08C1412B7B94D699D9F189F9132AA9C","2008-01-30 12:47:25",\N,\N,"0","2008-01-30 12:47:25",\N,"CT1382","55","Fuentes del Valle","16","0",\N,\N
"1733","2017-05-13 12:21:44","3400B858F70A4F759B71AC868C345DC9","2008-01-30 12:47:25",\N,\N,"0","2008-01-30 12:47:25",\N,"CT1383","724","Hermiltepec (Peña Blanca)","16","0",\N,\N
"1734","2017-05-13 12:21:44","2FE5F9A01CF84089A1066B8D1799874B","2008-01-30 12:47:25",\N,\N,"0","2008-01-30 12:47:25",\N,"CT1384","593","Huehuetoca","16","0",\N,\N
"1735","2017-05-13 12:21:45","F6E3C1F2CA6344259207F91C45DD0033","2008-01-30 12:47:25",\N,\N,"0","2008-01-30 12:47:25",\N,"CT1385","599","Hueypoxtla","16","0",\N,\N
"1736","2017-05-13 12:21:45","2BBA599DC62E49EFB68170ABCF31EF6C","2008-01-30 12:47:25",\N,\N,"0","2008-01-30 12:47:25",\N,"CT1386","729","Huixquilucan","16","0",\N,\N
"1737","2017-05-13 12:21:45","C7AF711AD3464D169EB5C7D5950026AD","2008-01-30 12:47:25",\N,\N,"0","2008-01-30 12:47:25",\N,"CT1387","55","Ixtapaluca","16","0",\N,\N
"1738","2017-05-13 12:21:45","FB820673D79F4CB28FADCA22019D3B5E","2008-01-30 12:47:25",\N,\N,"0","2008-01-30 12:47:25",\N,"CT1388","721","Ixtapan de la Sal","16","0",\N,\N
"1739","2017-05-13 12:21:45","8AEE6EE7AD854889BC846B99D2E12F87","2008-01-30 12:47:25",\N,\N,"0","2008-01-30 12:47:25",\N,"CT1389","726","Ixtapan del Oro","16","0",\N,\N
"1740","2017-05-13 12:21:45","C2FE2BDB05AA4BBFAF2CED574494B470","2008-01-30 12:47:25",\N,\N,"0","2008-01-30 12:47:25",\N,"CT1390","723","Ixtlahuaca de Villada","16","0",\N,\N
"1741","2017-05-13 12:21:45","FCCA38016F754BBC9552794F99007B48","2008-01-30 12:47:25",\N,\N,"0","2008-01-30 12:47:25",\N,"CT1391","712","Ixtlahuaca","16","0",\N,\N
"1742","2017-05-13 12:21:45","F80C49E46C4F40FFB00789B3EDD0769C","2008-01-30 12:47:25",\N,\N,"0","2008-01-30 12:47:25",\N,"CT1392","761","Jilotepec","16","0",\N,\N
"1743","2017-05-13 12:21:45","9700FDFF303C4A4BA77E5FDD165D5575","2008-01-30 12:47:25",\N,\N,"0","2008-01-30 12:47:25",\N,"CT1393","599","Jilotzingo","16","0",\N,\N
"1744","2017-05-13 12:21:45","B118CC2E20CF4240BF24F681E72217C7","2008-01-30 12:47:25",\N,\N,"0","2008-01-30 12:47:25",\N,"CT1394","712","Jiquipilco","16","0",\N,\N
"1745","2017-05-13 12:21:45","9C5E4E2B99BC498C8DC4106B4712152E","2008-01-30 12:47:25",\N,\N,"0","2008-01-30 12:47:25",\N,"CT1395","712","Jocotitlán","16","0",\N,\N
"1746","2017-05-13 12:21:45","6EBF1DB5159C44438943009D48783D00","2008-01-30 12:47:25",\N,\N,"0","2008-01-30 12:47:25",\N,"CT1396","714","Joquicingo de León Guzmán","16","0",\N,\N
"1747","2017-05-13 12:21:45","7BAFF60CE86940C7842C6F37636C3F15","2008-01-30 12:47:25",\N,\N,"0","2008-01-30 12:47:25",\N,"CT1397","593","Jorobas","16","0",\N,\N
"1748","2017-05-13 12:21:45","A0833ABEF3E847AB8E14C64BE4CE0022","2008-01-30 12:47:25",\N,\N,"0","2008-01-30 12:47:25",\N,"CT1398","597","Juchitepec","16","0",\N,\N
"1749","2017-05-13 12:21:45","BD6D2381A12A48CFADE106C0E3DBCB1B","2008-01-30 12:47:25",\N,\N,"0","2008-01-30 12:47:25",\N,"CT1399","588","La Esperanza","16","0",\N,\N
"1750","2017-05-13 12:21:45","EE6026C6D7EA4DA992F2550131CD1325","2008-01-30 12:47:25",\N,\N,"0","2008-01-30 12:47:25",\N,"CT1400","718","La Loma","16","0",\N,\N
"1751","2017-05-13 12:21:45","CEC8BA1CD0554E9FB14F7D297412F751","2008-01-30 12:47:25",\N,\N,"0","2008-01-30 12:47:25",\N,"CT1401","728","La Unidad Huitzizilapan","16","0",\N,\N
"1752","2017-05-13 12:21:45","8D09F9C5314546F799687FB719D23DCD","2008-01-30 12:47:25",\N,\N,"0","2008-01-30 12:47:25",\N,"CT1402","55","Las Cabañas","16","0",\N,\N
"1753","2017-05-13 12:21:45","B1D3B59F4EA941E598B151296BA7D3F7","2008-01-30 12:47:25",\N,\N,"0","2008-01-30 12:47:25",\N,"CT1403","728","Lerma","16","0",\N,\N
"1754","2017-05-13 12:21:45","ECF469144E7648D48DFA76BEF741C078","2008-01-30 12:47:25",\N,\N,"0","2008-01-30 12:47:25",\N,"CT1404","55","Los Reyes Acaquilpan","16","0",\N,\N
"1755","2017-05-13 12:21:45","C270AE71060E4419A56BD0A0F720FEED","2008-01-30 12:47:25",\N,\N,"0","2008-01-30 12:47:25",\N,"CT1405","596","Los Reyes Acozac","16","0",\N,\N
"1756","2017-05-13 12:21:45","B0C12DEBB12745A0878073C0D75F9FAD","2008-01-30 12:47:25",\N,\N,"0","2008-01-30 12:47:25",\N,"CT1406","724","Luvianos","16","0",\N,\N
"1757","2017-05-13 12:21:45","A0F63E57403E4ABC82F5ADCD097282E1","2008-01-30 12:47:25",\N,\N,"0","2008-01-30 12:47:25",\N,"CT1430","55","Pueblo Tecamac","16","0",\N,\N
"1758","2017-05-13 12:21:45","AB69F08141D5469395D7AE4C29007B66","2008-01-30 12:47:25",\N,\N,"0","2008-01-30 12:47:25",\N,"CT1431","726","Rancho Avándaro","16","0",\N,\N
"1759","2017-05-13 12:21:45","BA780D13678B487D8863D74CAC179847","2008-01-30 12:47:25",\N,\N,"0","2008-01-30 12:47:25",\N,"CT1432","55","Río Frío","16","0",\N,\N
"1760","2017-05-13 12:21:45","97251CE9D32A4F878800505F1C2300FE","2008-01-30 12:47:25",\N,\N,"0","2008-01-30 12:47:25",\N,"CT1433","729","Salazar","16","0",\N,\N
"1761","2017-05-13 12:21:45","FFA13FEB932B47D9B1CE2F71BC2D24E4","2008-01-30 12:47:25",\N,\N,"0","2008-01-30 12:47:25",\N,"CT1434","722","San Andrés Cuexcontitlán","16","0",\N,\N
"1762","2017-05-13 12:21:45","2E05DBC431D8471897AAD4BC22305B62","2008-01-30 12:47:25",\N,\N,"0","2008-01-30 12:47:25",\N,"CT1435","712","San Andrés Timilpan","16","0",\N,\N
"1763","2017-05-13 12:21:45","FCC49B06AEF8497781C049F82849DB00","2008-01-30 12:47:25",\N,\N,"0","2008-01-30 12:47:25",\N,"CT1436","597","San Andrés Tlalamac","16","0",\N,\N
"1764","2017-05-13 12:21:45","B1606C2698C34529AFFBE6DE16A9116E","2008-01-30 12:47:25",\N,\N,"0","2008-01-30 12:47:25",\N,"CT1437","767","San Antonio del Rosario","16","0",\N,\N
"1765","2017-05-13 12:21:45","8DB13BA98CBB4C9C003DA13B49B63014","2008-01-30 12:47:25",\N,\N,"0","2008-01-30 12:47:25",\N,"CT1438","717","San Antonio La Isla","16","0",\N,\N
"1766","2017-05-13 12:21:45","6D45BB725BFE4E74B4FA13DAA9B0E242","2008-01-30 12:47:25",\N,\N,"0","2008-01-30 12:47:25",\N,"CT1439","591","San Bartolo Cuautlalpan","16","0",\N,\N
"1767","2017-05-13 12:21:45","6D8D7C8CD79D433F887B532D502F17F3","2008-01-30 12:47:25",\N,\N,"0","2008-01-30 12:47:25",\N,"CT1440","712","San Bartolo Morelos","16","0",\N,\N
"1768","2017-05-13 12:21:45","943CA590A7E64793B747BA1462CBECCB","2008-01-30 12:47:25",\N,\N,"0","2008-01-30 12:47:25",\N,"CT1441","595","San Bernardo Tlalmimilolpan","16","0",\N,\N
"1769","2017-05-13 12:21:45","D5030E54D7874618932CDCBCA6AEC9A6","2008-01-30 12:47:25",\N,\N,"0","2008-01-30 12:47:25",\N,"CT1442","712","San Felipe del Progreso","16","0",\N,\N
"1770","2017-05-13 12:21:46","852520182713470D9400D2B553022616","2008-01-30 12:47:25",\N,\N,"0","2008-01-30 12:47:25",\N,"CT1443","712","San Francisco Cheje","16","0",\N,\N
"1771","2017-05-13 12:21:46","B68F97B17196469F9192DFC0E82746F1","2008-01-30 12:47:25",\N,\N,"0","2008-01-30 12:47:25",\N,"CT1444","729","San Francisco Chimalpa","16","0",\N,\N
"1772","2017-05-13 12:21:46","9E0A4537B5EB44F3A4734354B17B6F61","2008-01-30 12:47:25",\N,\N,"0","2008-01-30 12:47:25",\N,"CT1445","55","San Francisco Coacalco","16","0",\N,\N
"1773","2017-05-13 12:21:46","77B772ABDD114CBCA4D8A887F579F745","2008-01-30 12:47:25",\N,\N,"0","2008-01-30 12:47:25",\N,"CT1446","588","San Francisco Magu","16","0",\N,\N
"1774","2017-05-13 12:21:46","B145727D88A045DCB7A1BE74AB2D68E6","2008-01-30 12:47:25",\N,\N,"0","2008-01-30 12:47:25",\N,"CT1447","718","San Francisco Tepeolulco","16","0",\N,\N
"1775","2017-05-13 12:21:46","1B92D4EC8FF747F49E965D417EE282EE","2008-01-30 12:47:25",\N,\N,"0","2008-01-30 12:47:25",\N,"CT1448","719","San Francisco Xonacatlán","16","0",\N,\N
"1776","2017-05-13 12:21:46","0FCD08975D3948639E41F0C4D77B0022","2008-01-30 12:47:25",\N,\N,"0","2008-01-30 12:47:25",\N,"CT1449","599","San Francisco Zacacalco","16","0",\N,\N
"1777","2017-05-13 12:21:46","C8C1348F1CBE4798A70062A77BD32B8D","2008-01-30 12:47:25",\N,\N,"0","2008-01-30 12:47:25",\N,"CT1450","588","San Gabriel Docuan","16","0",\N,\N
"1778","2017-05-13 12:21:46","5116CD65AC6E42EC85EDA75521DF2DE2","2008-01-30 12:47:25",\N,\N,"0","2008-01-30 12:47:25",\N,"CT1451","595","San Jerónimo Amanalco","16","0",\N,\N
"1779","2017-05-13 12:21:46","B7F8F176A5B2473BB4C951F72F36CDCA","2008-01-30 12:47:25",\N,\N,"0","2008-01-30 12:47:25",\N,"CT1802","769","Huitchila","18","0",\N,\N
"1780","2017-05-13 12:21:46","24F88CEBDBF0476D8E6C3B449E7C32B8","2008-01-30 12:47:25",\N,\N,"0","2008-01-30 12:47:25",\N,"CT1803","739","Huitzilac","18","0",\N,\N
"1781","2017-05-13 12:21:46","E4900B34FCB74B5CA33CC97D498EC5CE","2008-01-30 12:47:25",\N,\N,"0","2008-01-30 12:47:25",\N,"CT1804","777","Jiutepec","18","0",\N,\N
"1782","2017-05-13 12:21:46","F059CE84C60749F99ECB5986CD86A181","2008-01-30 12:47:25",\N,\N,"0","2008-01-30 12:47:25",\N,"CT1805","734","Jojutla","18","0",\N,\N
"1783","2017-05-13 12:21:46","9E3947E1D83F435091665D97B8CADA6C","2008-01-30 12:47:25",\N,\N,"0","2008-01-30 12:47:25",\N,"CT1806","735","Jonacatepec","18","0",\N,\N
"1784","2017-05-13 12:21:46","0AE525B6F0AC4574A18BFF009368AF6F","2008-01-30 12:47:25",\N,\N,"0","2008-01-30 12:47:25",\N,"CT1807","731","Jumiltepec","18","0",\N,\N
"1785","2017-05-13 12:21:46","6BC49ECFB79142228B926B95D4E218FC","2008-01-30 12:47:25",\N,\N,"0","2008-01-30 12:47:25",\N,"CT1808","777","La Joya","18","0",\N,\N
"1786","2017-05-13 12:21:46","1CE972E98FFE4EA3B290D47F058CCACC","2008-01-30 12:47:25",\N,\N,"0","2008-01-30 12:47:25",\N,"CT1809","769","Marcelino Rodríguez (San Ignacio)","18","0",\N,\N
"1787","2017-05-13 12:21:46","E5D1632CD9234DF8BDB5EBE328B995D1","2008-01-30 12:47:25",\N,\N,"0","2008-01-30 12:47:25",\N,"CT1810","737","Miacatlán","18","0",\N,\N
"1788","2017-05-13 12:21:46","47534C2C739D4E16004138D3FDD7E897","2008-01-30 12:47:25",\N,\N,"0","2008-01-30 12:47:25",\N,"CT1811","751","Michapa","18","0",\N,\N
"1789","2017-05-13 12:21:46","4B7F53048D7B4E2594D74B4D56E03ED1","2008-01-30 12:47:25",\N,\N,"0","2008-01-30 12:47:25",\N,"CT1812","735","Oacalco","18","0",\N,\N
"1790","2017-05-13 12:21:46","6A2D090D0D464A8DA1BF35568ED3A6BC","2008-01-30 12:47:25",\N,\N,"0","2008-01-30 12:47:25",\N,"CT1813","735","Oaxtepec","18","0",\N,\N
"1791","2017-05-13 12:21:46","665BFC5C2F0E490CBD3D90723BA2B355","2008-01-30 12:47:25",\N,\N,"0","2008-01-30 12:47:25",\N,"CT1814","734","Pedro Amaro","18","0",\N,\N
"1792","2017-05-13 12:21:46","047CB11E7EF34C18814B197391956200","2008-01-30 12:47:25",\N,\N,"0","2008-01-30 12:47:25",\N,"CT1815","751","Puente de Ixtla","18","0",\N,\N
"1793","2017-05-13 12:21:46","2A18D576763C4352B860C59B74F1C129","2008-01-30 12:47:25",\N,\N,"0","2008-01-30 12:47:25",\N,"CT1816","769","Quebrantadero (San José)","18","0",\N,\N
"1794","2017-05-13 12:21:46","F447DC72928F4340944FB38EAEF1B999","2008-01-30 12:47:25",\N,\N,"0","2008-01-30 12:47:25",\N,"CT1817","734","San José Vistahermosa","18","0",\N,\N
"1795","2017-05-13 12:21:46","FB04AB473D584A1C9F78404ECA682774","2008-01-30 12:47:25",\N,\N,"0","2008-01-30 12:47:25",\N,"CT1818","739","San Juan Tlacotenco","18","0",\N,\N
"1796","2017-05-13 12:21:46","23D9D00BAF684B39898FBDACAE4FC9EB","2008-01-30 12:47:25",\N,\N,"0","2008-01-30 12:47:25",\N,"CT1819","735","San Vicente de Juárez (Las Piedras)","18","0",\N,\N
"1797","2017-05-13 12:21:46","C1369A0430B4456B9801F3DA4EE61DE2","2008-01-30 12:47:25",\N,\N,"0","2008-01-30 12:47:25",\N,"CT1820","739","Santa Catarina","18","0",\N,\N
"1798","2017-05-13 12:21:46","C890C4012F0747ADBA72563F7C8279B9","2008-01-30 12:47:25",\N,\N,"0","2008-01-30 12:47:25",\N,"CT1821","777","Santa Fe","18","0",\N,\N
"1799","2017-05-13 12:21:46","E5975014FFAB400F87FB0099D1F10078","2008-01-30 12:47:25",\N,\N,"0","2008-01-30 12:47:25",\N,"CT1822","734","Tehuixtla","18","0",\N,\N
"1800","2017-05-13 12:21:47","46780B0E1502455EAD4D4FA380492848","2008-01-30 12:47:25",\N,\N,"0","2008-01-30 12:47:25",\N,"CT1823","769","Telixtac","18","0",\N,\N
"1801","2017-05-13 12:21:47","1285FA84CB6344AEA8E6B18B683DA2C0","2008-01-30 12:47:25",\N,\N,"0","2008-01-30 12:47:25",\N,"CT1824","777","Temixco","18","0",\N,\N
"1802","2017-05-13 12:21:47","8E9D407565034287927900E8005D98FB","2008-01-30 12:47:25",\N,\N,"0","2008-01-30 12:47:25",\N,"CT1825","735","Tenextepango","18","0",\N,\N
"1803","2017-05-13 12:21:47","5B8DFE0E3B03440AA1296EE063CB87AC","2008-01-30 12:47:25",\N,\N,"0","2008-01-30 12:47:25",\N,"CT2082","994","Santo Domingo Zanatepec","21","0",\N,\N
"1804","2017-05-13 12:21:47","E6F7D6B238734F98A1E2B1D3D7C7E448","2008-01-30 12:47:25",\N,\N,"0","2008-01-30 12:47:25",\N,"CT2083","954","Santos Reyes Nopala","21","0",\N,\N
"1805","2017-05-13 12:21:47","90ECD6DF8ACB4F728BC2CA64573FA9BC","2008-01-30 12:47:25",\N,\N,"0","2008-01-30 12:47:25",\N,"CT2084","953","Silacayoapam","21","0",\N,\N
"1806","2017-05-13 12:21:47","28EC0D65E67441239600E900A15F3DB1","2008-01-30 12:47:25",\N,\N,"0","2008-01-30 12:47:25",\N,"CT2085","951","Soledad Etla","21","0",\N,\N
"1807","2017-05-13 12:21:47","61728FC832404F32949143BA120175F6","2008-01-30 12:47:25",\N,\N,"0","2008-01-30 12:47:25",\N,"CT2086","971","Tehuantepec","21","0",\N,\N
"1808","2017-05-13 12:21:47","0487EA247D3F4DDBA814AEFE606E978E","2008-01-30 12:47:25",\N,\N,"0","2008-01-30 12:47:25",\N,"CT2087","274","Temascal","21","0",\N,\N
"1809","2017-05-13 12:21:47","30676C7CCB7C4B84B6492F5EBD5CF542","2008-01-30 12:47:25",\N,\N,"0","2008-01-30 12:47:25",\N,"CT2088","236","Teotitlán de Flores Magón","21","0",\N,\N
"1810","2017-05-13 12:21:47","09CE0068859148B8BAEEA902914FE925","2008-01-30 12:47:25",\N,\N,"0","2008-01-30 12:47:25",\N,"CT2089","951","Teotitlán del Valle","21","0",\N,\N
"1811","2017-05-13 12:21:47","55A1ABFFE94B47DB81F537561FBFFF55","2008-01-30 12:47:25",\N,\N,"0","2008-01-30 12:47:25",\N,"CT2090","274","Tetela","21","0",\N,\N
"1812","2017-05-13 12:21:47","AF3BA17F40734AF799F3E34B54839C8D","2008-01-30 12:47:25",\N,\N,"0","2008-01-30 12:47:25",\N,"CT2091","953","Tezoatlán de Segura y Luna","21","0",\N,\N
"1813","2017-05-13 12:21:47","F74748EE9A184897934B95B837818144","2008-01-30 12:47:25",\N,\N,"0","2008-01-30 12:47:25",\N,"CT2092","951","Tlacolula de Matamoros","21","0",\N,\N
"1814","2017-05-13 12:21:47","EC604E2D11E6420299D361E39834778D","2008-01-30 12:47:25",\N,\N,"0","2008-01-30 12:47:25",\N,"CT2093","953","Tlaxiaco","21","0",\N,\N
"1815","2017-05-13 12:21:47","29BD76AFA80F478185681EB330F60864","2008-01-30 12:47:25",\N,\N,"0","2008-01-30 12:47:25",\N,"CT2094","951","Trinidad de Viguera","21","0",\N,\N
"1816","2017-05-13 12:21:47","5E3DA9BF86F34C0C97FAD1F8E4DCECF8","2008-01-30 12:47:25",\N,\N,"0","2008-01-30 12:47:25",\N,"CT2095","287","Tuxtepec","21","0",\N,\N
"1817","2017-05-13 12:21:47","CC8407981C894F4C958431AC24A72921","2008-01-30 12:47:25",\N,\N,"0","2008-01-30 12:47:25",\N,"CT2096","971","Unión Hidalgo","21","0",\N,\N
"1818","2017-05-13 12:21:47","511BF1ECC3D74D0781593F3297534D48","2008-01-30 12:47:25",\N,\N,"0","2008-01-30 12:47:25",\N,"CT2097","274","Vicente Camalote","21","0",\N,\N
"1819","2017-05-13 12:21:47","57AC4193CA4B4FA39B8BFF8C00D321E3","2008-01-30 12:47:25",\N,\N,"0","2008-01-30 12:47:25",\N,"CT2098","951","Villa de Etla","21","0",\N,\N
"1820","2017-05-13 12:21:47","3ED4BF62CB664442BA425E19885517B0","2008-01-30 12:47:25",\N,\N,"0","2008-01-30 12:47:25",\N,"CT2099","953","Villa de Tamazulapam del Progreso","21","0",\N,\N
"1821","2017-05-13 12:21:47","7A6BE8D7EA0E4E289BC326A34C63E125","2008-01-30 12:47:25",\N,\N,"0","2008-01-30 12:47:25",\N,"CT2100","953","Villa Tejupam de la Unión","21","0",\N,\N
"1822","2017-05-13 12:21:47","24100008ABB54E69B0CF03FF031E84E2","2008-01-30 12:47:25",\N,\N,"0","2008-01-30 12:47:25",\N,"CT2101","951","Zaachila","21","0",\N,\N
"1823","2017-05-13 12:21:47","47917D384F5E485EB43E68AAD830433F","2008-01-30 12:47:25",\N,\N,"0","2008-01-30 12:47:25",\N,"CT2102","757","Zapotitlán Lagunas","21","0",\N,\N
"1824","2017-05-13 12:21:47","D21340D903324D1A007400CDFC00F4EF","2008-01-30 12:47:25",\N,\N,"0","2008-01-30 12:47:25",\N,"CT2103","951","Zimatlán de Alvarez","21","0",\N,\N
"1825","2017-05-13 12:21:47","38190D2A16EA413291C66E3821B39063","2008-01-30 12:47:25",\N,\N,"0","2008-01-30 12:47:25",\N,"CT2104","953","HUAJUAPAN DE LEON","21","0",\N,\N
"1826","2017-05-13 12:21:47","1911F2F10C53446ABA5C3DB8C1A1CDAF","2008-01-30 12:47:25",\N,\N,"0","2008-01-30 12:47:25",\N,"CT2128","245","Ciudad Serdán","22","0",\N,\N
"1827","2017-05-13 12:21:47","50531795382A42EDAB4EE1CAF1D74033","2008-01-30 12:47:25",\N,\N,"0","2008-01-30 12:47:25",\N,"CT2129","243","Coatzingo","22","0",\N,\N
"1828","2017-05-13 12:21:47","9EB0E4155FB145BA979514A2D989BB65","2008-01-30 12:47:25",\N,\N,"0","2008-01-30 12:47:25",\N,"CT2130","243","Colucán (San Lucas Colucán)","22","0",\N,\N
"1829","2017-05-13 12:21:47","AE24F74724AD404700D182F357D88075","2008-01-30 12:47:25",\N,\N,"0","2008-01-30 12:47:25",\N,"CT2131","222","Cuachila","22","0",\N,\N
"1830","2017-05-13 12:21:47","5E07AACBAA134FE89C0291C871CBD812","2008-01-30 12:47:25",\N,\N,"0","2008-01-30 12:47:25",\N,"CT2132","233","Cuetzalán","22","0",\N,\N
"1831","2017-05-13 12:21:47","7C82C927AB534EA5822098161D646C21","2008-01-30 12:47:25",\N,\N,"0","2008-01-30 12:47:25",\N,"CT2133","276","Cuyoaco","22","0",\N,\N
"1832","2017-05-13 12:21:48","BB9AD54B25EC4363A3A79192F951B7F4","2008-01-30 12:47:25",\N,\N,"0","2008-01-30 12:47:25",\N,"CT2134","222","El Oasis Valsequillo","22","0",\N,\N
"1833","2017-05-13 12:21:48","44B1824620E34E399D9F2533D1012958","2008-01-30 12:47:25",\N,\N,"0","2008-01-30 12:47:25",\N,"CT2135","245","Esperanza","22","0",\N,\N
"1834","2017-05-13 12:21:48","17BA360BDDB14A5FBD8B7177D0006177","2008-01-30 12:47:25",\N,\N,"0","2008-01-30 12:47:25",\N,"CT2136","222","Estación San Diego","22","0",\N,\N
"1835","2017-05-13 12:21:48","62FC42349530432EA701CF64F62C4E15","2008-01-30 12:47:25",\N,\N,"0","2008-01-30 12:47:25",\N,"CT2137","275","Guadalupe Santa Ana","22","0",\N,\N
"1836","2017-05-13 12:21:48","4F844B58354D4CA1AB5D63B27D521000","2008-01-30 12:47:25",\N,\N,"0","2008-01-30 12:47:25",\N,"CT2138","282","Guadalupe Victoria","22","0",\N,\N
"1837","2017-05-13 12:21:48","2775E82A3F284CDFAAAFAC00FD8EB114","2008-01-30 12:47:25",\N,\N,"0","2008-01-30 12:47:25",\N,"CT2139","953","Hermenegildo Galeana","22","0",\N,\N
"1838","2017-05-13 12:21:48","E41B3DA0CBC747E19692119DE4960124","2008-01-30 12:47:25",\N,\N,"0","2008-01-30 12:47:25",\N,"CT2140","776","Honey","22","0",\N,\N
"1839","2017-05-13 12:21:48","A773056482394977A40180A33E1EC83B","2008-01-30 12:47:25",\N,\N,"0","2008-01-30 12:47:25",\N,"CT2141","275","Huachinantla","22","0",\N,\N
"1840","2017-05-13 12:21:48","8B0990C8370F47B3BE57163251752880","2008-01-30 12:47:25",\N,\N,"0","2008-01-30 12:47:25",\N,"CT2142","224","Huatlatlauca","22","0",\N,\N
"1841","2017-05-13 12:21:48","A30B8552605F48E4B23726211BFC174C","2008-01-30 12:47:25",\N,\N,"0","2008-01-30 12:47:25",\N,"CT2143","776","Huauchinango","22","0",\N,\N
"1842","2017-05-13 12:21:48","6EC9C47AFF204E9BB150F5A8F8C5FECA","2008-01-30 12:47:25",\N,\N,"0","2008-01-30 12:47:25",\N,"CT2144","275","Huehuetlán El Chico","22","0",\N,\N
"1843","2017-05-13 12:21:48","DE17F7C0B69A421CB535AA0662A01851","2008-01-30 12:47:25",\N,\N,"0","2008-01-30 12:47:25",\N,"CT2145","227","Huejotzingo","22","0",\N,\N
"1844","2017-05-13 12:21:48","0D58BF586C2749B6AC5B8BB104B9DB83","2008-01-30 12:47:25",\N,\N,"0","2008-01-30 12:47:25",\N,"CT2146","232","Hueytamalco","22","0",\N,\N
"1845","2017-05-13 12:21:48","C8F258B018834623A7D6F2E6599116DE","2008-01-30 12:47:25",\N,\N,"0","2008-01-30 12:47:25",\N,"CT2147","275","Ixcamilpa","22","0",\N,\N
"1846","2017-05-13 12:21:48","AA4926C373A3455F9900001F57E66D98","2008-01-30 12:47:25",\N,\N,"0","2008-01-30 12:47:25",\N,"CT2148","231","Ixtahuiata (La Legua)","22","0",\N,\N
"1847","2017-05-13 12:21:48","C3576144073547CD9DE6B5A3DBCD1CBC","2008-01-30 12:47:25",\N,\N,"0","2008-01-30 12:47:25",\N,"CT2149","243","Izúcar de Matamoros","22","0",\N,\N
"1848","2017-05-13 12:21:48","7B66CE143F9D44028BD9ED6848290017","2008-01-30 12:47:25",\N,\N,"0","2008-01-30 12:47:25",\N,"CT2150","275","Jolalpan","22","0",\N,\N
"1849","2017-05-13 12:21:48","50E91A062DEE46AC95E203D30062CE83","2008-01-30 12:47:25",\N,\N,"0","2008-01-30 12:47:25",\N,"CT2174","227","San Andrés Calpan","22","0",\N,\N
"1850","2017-05-13 12:21:48","1B809AC2851947CDBEF2884CD02158D9","2008-01-30 12:47:25",\N,\N,"0","2008-01-30 12:47:25",\N,"CT2175","222","San Andrés Cholula","22","0",\N,\N
"1851","2017-05-13 12:21:48","37FA036EDBA94A4A9DC028528F0929C2","2008-01-30 12:47:25",\N,\N,"0","2008-01-30 12:47:25",\N,"CT2176","275","San Antonio Chiltepec","22","0",\N,\N
"1852","2017-05-13 12:21:48","32903AFFB14540C8BECB6197E4537FED","2008-01-30 12:47:25",\N,\N,"0","2008-01-30 12:47:25",\N,"CT2177","237","San Antonio Texcala","22","0",\N,\N
"1853","2017-05-13 12:21:48","0EB59E7AC4624026B3A975E387005D75","2008-01-30 12:47:25",\N,\N,"0","2008-01-30 12:47:25",\N,"CT2178","248","San Baltazar Temaxcalac","22","0",\N,\N
"1854","2017-05-13 12:21:48","72682393674D491AA72BD9B0783E7881","2008-01-30 12:47:25",\N,\N,"0","2008-01-30 12:47:25",\N,"CT2179","222","San Baltazar Tetela","22","0",\N,\N
"1855","2017-05-13 12:21:48","C4D82EB775064014933F93EEBC279DBF","2008-01-30 12:47:25",\N,\N,"0","2008-01-30 12:47:25",\N,"CT2180","227","San Buenaventura Nealtican","22","0",\N,\N
"1856","2017-05-13 12:21:48","949088A489FD49FCAB29EADD4FF296A5","2008-01-30 12:47:25",\N,\N,"0","2008-01-30 12:47:25",\N,"CT2181","248","San Buenaventura Tecaltzingo","22","0",\N,\N
"1857","2017-05-13 12:21:48","3746FCE2D337429700A764580471C166","2008-01-30 12:47:25",\N,\N,"0","2008-01-30 12:47:25",\N,"CT2182","248","San Felipe Teotlalcingo","22","0",\N,\N
"1858","2017-05-13 12:21:48","ED179B5D16F345FCB7F0A1E9A4EE5D7D","2008-01-30 12:47:25",\N,\N,"0","2008-01-30 12:47:25",\N,"CT2183","243","San Felix Rijo","22","0",\N,\N
"1859","2017-05-13 12:21:48","E2A2664112F14AED8631577DD5B06CCC","2008-01-30 12:47:25",\N,\N,"0","2008-01-30 12:47:25",\N,"CT2184","222","San Francisco Cuapa","22","0",\N,\N
"1860","2017-05-13 12:21:48","4AAFD04F6EBE45ECAF8B730005FF58F8","2008-01-30 12:47:25",\N,\N,"0","2008-01-30 12:47:25",\N,"CT2185","222","San Francisco Ocotlán (Ocotlán)","22","0",\N,\N
"1861","2017-05-13 12:21:48","B668B78F4D3C47EA85B7104942EC5637","2008-01-30 12:47:25",\N,\N,"0","2008-01-30 12:47:25",\N,"CT2186","248","San Francisco Tepeyecac","22","0",\N,\N
"1862","2017-05-13 12:21:48","2181900579734522B3A9E2B4EE9E052B","2008-01-30 12:47:25",\N,\N,"0","2008-01-30 12:47:25",\N,"CT2187","237","San Gabriel Chilac","22","0",\N,\N
"1863","2017-05-13 12:21:48","D5489B100D564E3E83B349444065371D","2008-01-30 12:47:25",\N,\N,"0","2008-01-30 12:47:25",\N,"CT2188","244","San Jerónimo Coyula","22","0",\N,\N
"1864","2017-05-13 12:21:48","7C4B4BFF662A461E861CA2C02ED80527","2008-01-30 12:47:25",\N,\N,"0","2008-01-30 12:47:25",\N,"CT2189","248","San Jerónimo Tianguismanalco","22","0",\N,\N
"1865","2017-05-13 12:21:48","57F6E354D3BA45CCB7BC4D8CA0383ED9","2008-01-30 12:47:25",\N,\N,"0","2008-01-30 12:47:25",\N,"CT2190","953","San Jerónimo Xayacatlán","22","0",\N,\N
"1866","2017-05-13 12:21:48","4014909A1EEA4D33A451CFD2A7AABDAB","2008-01-30 12:47:25",\N,\N,"0","2008-01-30 12:47:25",\N,"CT2191","232","San José Acateno","22","0",\N,\N
"1867","2017-05-13 12:21:49","6F13D432D32F4EA6B8AFF677CB845315","2008-01-30 12:47:25",\N,\N,"0","2008-01-30 12:47:25",\N,"CT2192","282","San José Alchichica","22","0",\N,\N
"1868","2017-05-13 12:21:49","E33112DD32394460B218BE7E79C1DC8F","2008-01-30 12:47:25",\N,\N,"0","2008-01-30 12:47:25",\N,"CT2193","236","San José Tilapa","22","0",\N,\N
"1869","2017-05-13 12:21:49","6F93AEC4585B4276A74F48C267DBEF11","2008-01-30 12:47:25",\N,\N,"0","2008-01-30 12:47:25",\N,"CT2194","222","San José Tlautla","22","0",\N,\N
"1870","2017-05-13 12:21:49","9B263B82749A4917873D3149CD41C283","2008-01-30 12:47:25",\N,\N,"0","2008-01-30 12:47:25",\N,"CT2195","244","San Juan Amecac","22","0",\N,\N
"1871","2017-05-13 12:21:49","7C67EFE5D4B3486D8913C6EBB4A8CD20","2008-01-30 12:47:25",\N,\N,"0","2008-01-30 12:47:25",\N,"CT2196","245","San Juan Atenco","22","0",\N,\N
"1872","2017-05-13 12:21:49","3E0A570B594D4AE08C2158AF6CC75C71","2008-01-30 12:47:25",\N,\N,"0","2008-01-30 12:47:25",\N,"CT2197","222","San Juan Cuautlancingo","22","0",\N,\N
"1873","2017-05-13 12:21:49","98D11765FA8A43DD9D327703F7DE2485","2008-01-30 12:47:25",\N,\N,"0","2008-01-30 12:47:25",\N,"CT2198","243","San Juan Epatlán","22","0",\N,\N
"1874","2017-05-13 12:21:49","1EDCFFF85C524D35A29C82DF35CEF702","2008-01-30 12:47:25",\N,\N,"0","2008-01-30 12:47:25",\N,"CT2199","224","San Juan Ixcaquixtla","22","0",\N,\N
"1875","2017-05-13 12:21:49","22F3EB36F6564E58AEC6C846149D4B72","2008-01-30 12:47:25",\N,\N,"0","2008-01-30 12:47:25",\N,"CT2200","248","San Lorenzo Chiautzingo","22","0",\N,\N
"1876","2017-05-13 12:21:49","BF22B9E3BF2A4E8797E8707C86B85D12","2008-01-30 12:47:25",\N,\N,"0","2008-01-30 12:47:25",\N,"CT2201","248","San Lucas El Grande","22","0",\N,\N
"1877","2017-05-13 12:21:49","B3905A041B9C4104976C06A07E79D100","2008-01-30 12:47:25",\N,\N,"0","2008-01-30 12:47:25",\N,"CT2202","244","San Lucas Tulcingo (Tulcingo)","22","0",\N,\N
"1878","2017-05-13 12:21:49","1D3A0BDC81544F4496A1DD173E3840BD","2008-01-30 12:47:25",\N,\N,"0","2008-01-30 12:47:25",\N,"CT2203","222","San Luis Tehuiloyocan","22","0",\N,\N
"1879","2017-05-13 12:21:49","8D0A67B3BCAC4F99A53D16C1D2C6B743","2008-01-30 12:47:25",\N,\N,"0","2008-01-30 12:47:25",\N,"CT2204","248","San Martín Texmelucan de Labastida","22","0",\N,\N
"1880","2017-05-13 12:21:49","54C43AF03870464BAF257F094B692D32","2008-01-30 12:47:25",\N,\N,"0","2008-01-30 12:47:25",\N,"CT2205","222","San Martinito","22","0",\N,\N
"1881","2017-05-13 12:21:49","96F2D231D6E441BEB109E4F0DC44805D","2008-01-30 12:47:25",\N,\N,"0","2008-01-30 12:47:25",\N,"CT2206","222","San Miguel Canoa","22","0",\N,\N
"1882","2017-05-13 12:21:49","3342DA38448D455FAD8BE7415B2B1888","2008-01-30 12:47:25",\N,\N,"0","2008-01-30 12:47:25",\N,"CT2207","233","San Miguel Tenextatiloyan","22","0",\N,\N
"1883","2017-05-13 12:21:49","15B1E71B7670441E89E0DFE38F21FD70","2008-01-30 12:47:25",\N,\N,"0","2008-01-30 12:47:25",\N,"CT2208","222","San Miguel Xoxtla","22","0",\N,\N
"1884","2017-05-13 12:21:49","4B80FCC25592472DBE609880C0E22F2E","2008-01-30 12:47:25",\N,\N,"0","2008-01-30 12:47:25",\N,"CT2209","245","San Nicolás de Buenos Aires","22","0",\N,\N
"1885","2017-05-13 12:21:49","FFEA582D7866437000F4C44E6190E2B2","2008-01-30 12:47:25",\N,\N,"0","2008-01-30 12:47:25",\N,"CT2210","776","San Pablito","22","0",\N,\N
"1886","2017-05-13 12:21:49","94ED70E887F04BAD83B14234E8698B5C","2008-01-30 12:47:25",\N,\N,"0","2008-01-30 12:47:25",\N,"CT2211","275","San Pablo Amicano","22","0",\N,\N
"1887","2017-05-13 12:21:49","F21EF0140A8E410B9859E9BED4D700CB","2008-01-30 12:47:25",\N,\N,"0","2008-01-30 12:47:25",\N,"CT2212","249","San Pablo de las Tunas","22","0",\N,\N
"1888","2017-05-13 12:21:49","7A3C66DF6EB04256B2DEAD3DAD026FE2","2008-01-30 12:47:25",\N,\N,"0","2008-01-30 12:47:25",\N,"CT2213","244","San Pedro Benito Juárez","22","0",\N,\N
"1889","2017-05-13 12:21:49","35A7DDA6B56E422CBCA08524BF16AB00","2008-01-30 12:47:25",\N,\N,"0","2008-01-30 12:47:25",\N,"CT2214","275","San Pedro Cuayuca","22","0",\N,\N
"1890","2017-05-13 12:21:49","49C75969AE524E8C98723197B6BA6113","2008-01-30 12:47:25",\N,\N,"0","2008-01-30 12:47:25",\N,"CT2215","222","San Pedro Zacachimalpa","22","0",\N,\N
"1891","2017-05-13 12:21:49","438DC14CDDD7497CBF8E001E78B627AB","2008-01-30 12:47:25",\N,\N,"0","2008-01-30 12:47:25",\N,"CT2216","248","San Rafael Tlanalapan","22","0",\N,\N
"1892","2017-05-13 12:21:49","6A0226875BC14735B9B8B29DE5DA941F","2008-01-30 12:47:25",\N,\N,"0","2008-01-30 12:47:25",\N,"CT2217","249","San Salvador El Seco","22","0",\N,\N
"1893","2017-05-13 12:21:49","BDAD98731A5149BB9044DC00DA7D7423","2008-01-30 12:47:25",\N,\N,"0","2008-01-30 12:47:25",\N,"CT1826","769","Tepalcingo","18","0",\N,\N
"1894","2017-05-13 12:21:49","EAE6C1F6A5F84AAD99009F06AC13E3FF","2008-01-30 12:47:25",\N,\N,"0","2008-01-30 12:47:25",\N,"CT1827","739","Tepoztlán","18","0",\N,\N
"1895","2017-05-13 12:21:49","C96A41D2623D41F1B0D22500CE187742","2008-01-30 12:47:25",\N,\N,"0","2008-01-30 12:47:25",\N,"CT1828","734","Tequesquitengo","18","0",\N,\N
"1896","2017-05-13 12:21:49","C99E7A2EAAAB436800E4AADA929230E7","2008-01-30 12:47:25",\N,\N,"0","2008-01-30 12:47:25",\N,"CT1829","751","Tetecala","18","0",\N,\N
"1897","2017-05-13 12:21:49","EB9DD1FF4A624A3A98CF73C9F885CEF8","2008-01-30 12:47:25",\N,\N,"0","2008-01-30 12:47:25",\N,"CT1830","731","Tetela del Volcán","18","0",\N,\N
"1898","2017-05-13 12:21:49","A600FE7E65EA40ABAF5204D74E0094E0","2008-01-30 12:47:25",\N,\N,"0","2008-01-30 12:47:25",\N,"CT1831","734","Ticumán","18","0",\N,\N
"1899","2017-05-13 12:21:49","B072780130E24FFC9B62BE6144312098","2008-01-30 12:47:25",\N,\N,"0","2008-01-30 12:47:25",\N,"CT1832","751","Tilzapotla","18","0",\N,\N
"1900","2017-05-13 12:21:49","FD6049DD9AA6475BB41BF7056343F4E2","2008-01-30 12:47:25",\N,\N,"0","2008-01-30 12:47:25",\N,"CT1833","731","Tlacotepec","18","0",\N,\N
"1901","2017-05-13 12:21:49","32F12E2D61BF40A1B5B64B418C222B14","2008-01-30 12:47:25",\N,\N,"0","2008-01-30 12:47:25",\N,"CT1834","735","Tlalnepantla","18","0",\N,\N
"1902","2017-05-13 12:21:49","558B0956FE394BEE00F2B5F21923EDEB","2008-01-30 12:47:25",\N,\N,"0","2008-01-30 12:47:25",\N,"CT1835","734","Tlaltizapan","18","0",\N,\N
"1903","2017-05-13 12:21:50","B952AD7FB8B449D1AB6C1069DF3CA000","2008-01-30 12:47:25",\N,\N,"0","2008-01-30 12:47:25",\N,"CT1836","734","Tlaquiltenango","18","0",\N,\N
"1904","2017-05-13 12:21:50","8E7B75B051B44B2AA4BEAAA83EFD19D4","2008-01-30 12:47:25",\N,\N,"0","2008-01-30 12:47:25",\N,"CT1837","735","Tlayacapan","18","0",\N,\N
"1905","2017-05-13 12:21:50","571485C0941649BCAF3793CAE030F8DA","2008-01-30 12:47:25",\N,\N,"0","2008-01-30 12:47:25",\N,"CT1838","735","Tlayecac","18","0",\N,\N
"1906","2017-05-13 12:21:50","D6DAF1C344974402ADC74974C70559D9","2008-01-30 12:47:25",\N,\N,"0","2008-01-30 12:47:25",\N,"CT1839","735","Totolapa","18","0",\N,\N
"1907","2017-05-13 12:21:50","5396FD02AC73408E9379CAA85CCA499E","2008-01-30 12:47:25",\N,\N,"0","2008-01-30 12:47:25",\N,"CT1840","734","U. H. J. Ma. Morelos y Pavón","18","0",\N,\N
"1908","2017-05-13 12:21:50","D6A3B52133514C2685CFB72306E916AD","2008-01-30 12:47:25",\N,\N,"0","2008-01-30 12:47:25",\N,"CT1841","735","Xaloxtoc","18","0",\N,\N
"1909","2017-05-13 12:21:50","435F1925314D4BCFA6C583B788FBD0FD","2008-01-30 12:47:25",\N,\N,"0","2008-01-30 12:47:25",\N,"CT1842","777","Xochitepec","18","0",\N,\N
"1910","2017-05-13 12:21:50","D78399D645894BAAB72BCEB5D1DCE4E3","2008-01-30 12:47:25",\N,\N,"0","2008-01-30 12:47:25",\N,"CT1843","734","Xoxocotla","18","0",\N,\N
"1911","2017-05-13 12:21:50","D1145DE5EA0D4CB8A9D0E0BD8F9DF365","2008-01-30 12:47:25",\N,\N,"0","2008-01-30 12:47:25",\N,"CT1844","735","Yautepec","18","0",\N,\N
"1912","2017-05-13 12:21:50","16D708427EBD40C5BC9BFC931FD6C191","2008-01-30 12:47:25",\N,\N,"0","2008-01-30 12:47:25",\N,"CT1845","731","Yecapixtla","18","0",\N,\N
"1913","2017-05-13 12:21:50","B0774618625F4295B510CB3F6D47B7AF","2008-01-30 12:47:25",\N,\N,"0","2008-01-30 12:47:25",\N,"CT1846","734","Zacatepec de Hidalgo","18","0",\N,\N
"1914","2017-05-13 12:21:50","E0BF4210FAB94022919FD5E5436663C4","2008-01-30 12:47:25",\N,\N,"0","2008-01-30 12:47:25",\N,"CT1847","731","Zacualpan","18","0",\N,\N
"1915","2017-05-13 12:21:50","9F3D50F0A55447368791EF39DFE744C4","2008-01-30 12:47:25",\N,\N,"0","2008-01-30 12:47:25",\N,"CT1848","892","Agualeguas","19","0",\N,\N
"1916","2017-05-13 12:21:50","F9A07C2147A0418187FB17D339E3D108","2008-01-30 12:47:25",\N,\N,"0","2008-01-30 12:47:25",\N,"CT1849","826","Allende","19","0",\N,\N
"1917","2017-05-13 12:21:50","F0AD643A5AF24F4FAF827BFD559E86E9","2008-01-30 12:47:25",\N,\N,"0","2008-01-30 12:47:25",\N,"CT1850","826","Aramberri","19","0",\N,\N
"1918","2017-05-13 12:21:50","BCAC75F50A2F461AB6DEA0D96C5040D9","2008-01-30 12:47:25",\N,\N,"0","2008-01-30 12:47:25",\N,"CT1851","826","Atongo de Abajo","19","0",\N,\N
"1919","2017-05-13 12:21:50","33FB72A01ECC4BB18B76CD003373C4F4","2008-01-30 12:47:25",\N,\N,"0","2008-01-30 12:47:25",\N,"CT1852","829","Bustamante","19","0",\N,\N
"1920","2017-05-13 12:21:50","B0BC8798E3FF4D61A1C466A7FC4348DE","2008-01-30 12:47:25",\N,\N,"0","2008-01-30 12:47:25",\N,"CT1853","828","Cadereyta","19","0",\N,\N
"1921","2017-05-13 12:21:50","A8B8AE3D276C41B4BB103B4ECC909865","2008-01-30 12:47:25",\N,\N,"0","2008-01-30 12:47:25",\N,"CT1854","81","Carmen","19","0",\N,\N
"1922","2017-05-13 12:21:50","C9DE43BD0A67426D9CF297DB1DC980BA","2008-01-30 12:47:25",\N,\N,"0","2008-01-30 12:47:25",\N,"CT1855","892","Cerralvo","19","0",\N,\N
"1923","2017-05-13 12:21:50","521EB4283C61452DB71964AAF7899F60","2008-01-30 12:47:25",\N,\N,"0","2008-01-30 12:47:25",\N,"CT1856","823","China","19","0",\N,\N
"1924","2017-05-13 12:21:50","AED6126DFCDD45E78D604CD670844058","2008-01-30 12:47:25",\N,\N,"0","2008-01-30 12:47:25",\N,"CT1857","825","Ciénaga de Flores","19","0",\N,\N
"1925","2017-05-13 12:21:50","FB5C63827B4A4088A4AFD7A440BF17E8","2008-01-30 12:47:25",\N,\N,"0","2008-01-30 12:47:25",\N,"CT1858","873","Ciudad Anáhuac","19","0",\N,\N
"1926","2017-05-13 12:21:50","9DBE990B24964FA6ADB052EA5FB9D452","2008-01-30 12:47:25",\N,\N,"0","2008-01-30 12:47:25",\N,"CT1859","81","Ciudad Apodaca","19","0",\N,\N
"1927","2017-05-13 12:21:50","AA687961A3E84CBD8736C0F2F5295734","2008-01-30 12:47:25",\N,\N,"0","2008-01-30 12:47:25",\N,"CT1860","81","Ciudad Benito Juárez","19","0",\N,\N
"1928","2017-05-13 12:21:50","7F277016908B43C8A9E24EA99B2195CB","2008-01-30 12:47:25",\N,\N,"0","2008-01-30 12:47:25",\N,"CT1861","81","Ciudad General Escobedo","19","0",\N,\N
"1929","2017-05-13 12:21:50","13FF795D7B6A4CB2A53D271BD602D6D6","2008-01-30 12:47:25",\N,\N,"0","2008-01-30 12:47:25",\N,"CT1862","81","Ciudad Santa Catarina","19","0",\N,\N
"1930","2017-05-13 12:21:50","7035D5975EED4AF5800162592B029263","2008-01-30 12:47:25",\N,\N,"0","2008-01-30 12:47:25",\N,"CT1863","81","Ciudad Satélite del Norte","19","0",\N,\N
"1931","2017-05-13 12:21:50","7497C042E95E4A23904E017BC761C6B8","2008-01-30 12:47:25",\N,\N,"0","2008-01-30 12:47:25",\N,"CT1864","867","Colombia","19","0",\N,\N
"1932","2017-05-13 12:21:50","71834780E9C14272B24B56BABB168BCA","2008-01-30 12:47:25",\N,\N,"0","2008-01-30 12:47:25",\N,"CT1865","826","Congregación Calles","19","0",\N,\N
"1933","2017-05-13 12:21:50","4309C271C3A14133B5D4DBB4914967B5","2008-01-30 12:47:25",\N,\N,"0","2008-01-30 12:47:25",\N,"CT1866","488","Doctor Arroyo","19","0",\N,\N
"1934","2017-05-13 12:21:50","9142C8DD79484AB683D0CF5CAB046FAD","2008-01-30 12:47:25",\N,\N,"0","2008-01-30 12:47:25",\N,"CT1867","823","Doctor Coss","19","0",\N,\N
"1935","2017-05-13 12:21:50","3FCE59A29D98417A8E83B2EBE6066817","2008-01-30 12:47:25",\N,\N,"0","2008-01-30 12:47:25",\N,"CT1868","825","Doctor González","19","0",\N,\N
"1936","2017-05-13 12:21:50","86488E200B7C48BDBF1993FE4F45002B","2008-01-30 12:47:25",\N,\N,"0","2008-01-30 12:47:25",\N,"CT1869","81","El Barrial (Rancho de los Benavides)","19","0",\N,\N
"1937","2017-05-13 12:21:50","07A97F804A044B6081273466DCBCFB1F","2008-01-30 12:47:25",\N,\N,"0","2008-01-30 12:47:25",\N,"CT1870","829","El Potrero","19","0",\N,\N
"1938","2017-05-13 12:21:51","9374F8D8A2E043BC9496ABF9E09691F1","2008-01-30 12:47:25",\N,\N,"0","2008-01-30 12:47:25",\N,"CT1871","826","Galeana","19","0",\N,\N
"1939","2017-05-13 12:21:51","771F2EA12968400F004D1CA04E21D953","2008-01-30 12:47:25",\N,\N,"0","2008-01-30 12:47:25",\N,"CT1872","81","García","19","0",\N,\N
"1940","2017-05-13 12:21:51","7F5EE78A3DA74704B58E005E478FBCF2","2008-01-30 12:47:25",\N,\N,"0","2008-01-30 12:47:25",\N,"CT1873","824","Garza Ayala","19","0",\N,\N
"1941","2017-05-13 12:21:51","9057CBFEE7E5429B83B274A1B96E8C43","2008-01-30 12:47:25",\N,\N,"0","2008-01-30 12:47:25",\N,"CT1874","823","Garza González","19","0",\N,\N
"1942","2017-05-13 12:21:51","E5CDC0378CF3419A847B9100B8DF91FE","2008-01-30 12:47:25",\N,\N,"0","2008-01-30 12:47:25",\N,"CT1875","823","General Bravo","19","0",\N,\N
"1943","2017-05-13 12:21:51","B88A521E6AA34FFEA977782607028E5D","2008-01-30 12:47:25",\N,\N,"0","2008-01-30 12:47:25",\N,"CT1876","826","General Terán","19","0",\N,\N
"1944","2017-05-13 12:21:51","5A25E9382D094D83A19331FDF75FD455","2008-01-30 12:47:25",\N,\N,"0","2008-01-30 12:47:25",\N,"CT1877","892","General Treviño","19","0",\N,\N
"1945","2017-05-13 12:21:51","998B5CBA319F4670AA33ACCC148B11D8","2008-01-30 12:47:25",\N,\N,"0","2008-01-30 12:47:25",\N,"CT1878","826","General Zaragoza","19","0",\N,\N
"1946","2017-05-13 12:21:51","E168CD5E17C243A1A23B1D3FC5994F66","2008-01-30 12:47:25",\N,\N,"0","2008-01-30 12:47:25",\N,"CT1879","825","General Zuazua","19","0",\N,\N
"1947","2017-05-13 12:21:51","6748242757B24625B2BD68A32EF2D547","2008-01-30 12:47:25",\N,\N,"0","2008-01-30 12:47:25",\N,"CT1880","81","Guadalupe","19","0",\N,\N
"1948","2017-05-13 12:21:51","52201306F1FF49D0AFF2E137F4122EA1","2008-01-30 12:47:25",\N,\N,"0","2008-01-30 12:47:25",\N,"CT1881","829","Hidalgo","19","0",\N,\N
"1949","2017-05-13 12:21:51","85660BAB9DE14B83918C4700143D137E","2008-01-30 12:47:25",\N,\N,"0","2008-01-30 12:47:25",\N,"CT1882","825","Higueras","19","0",\N,\N
"1950","2017-05-13 12:21:51","5DF14804A1A4441FA25B20FACFDA9826","2008-01-30 12:47:25",\N,\N,"0","2008-01-30 12:47:25",\N,"CT1883","821","Hualahuises","19","0",\N,\N
"1951","2017-05-13 12:21:51","0807B2AF9ADE4576B370AECA3FB04806","2008-01-30 12:47:25",\N,\N,"0","2008-01-30 12:47:25",\N,"CT1884","821","Iturbide","19","0",\N,\N
"1952","2017-05-13 12:21:51","9E73B7BAE53E4DA99C8075004ED249ED","2008-01-30 12:47:25",\N,\N,"0","2008-01-30 12:47:25",\N,"CT1885","826","La Ascensión","19","0",\N,\N
"1953","2017-05-13 12:21:51","7B8F081FB9324635B5ED7821A0DBDE16","2008-01-30 12:47:25",\N,\N,"0","2008-01-30 12:47:25",\N,"CT1886","873","Lampazos","19","0",\N,\N
"1954","2017-05-13 12:21:51","E03D1D92C0D24D56ADEB4064B79B4400","2008-01-30 12:47:25",\N,\N,"0","2008-01-30 12:47:25",\N,"CT1887","821","Linares","19","0",\N,\N
"1955","2017-05-13 12:21:51","9660DDD5910D41FD8E3115108FA719EE","2008-01-30 12:47:25",\N,\N,"0","2008-01-30 12:47:25",\N,"CT1888","892","Los Aldamas","19","0",\N,\N
"1956","2017-05-13 12:21:51","444175C034C34340951E171CB9989F3B","2008-01-30 12:47:25",\N,\N,"0","2008-01-30 12:47:25",\N,"CT1889","81","Los Ayala","19","0",\N,\N
"1957","2017-05-13 12:21:51","0670FA83785A46489FA880D14F21B921","2008-01-30 12:47:25",\N,\N,"0","2008-01-30 12:47:25",\N,"CT1890","824","Los Colorados de Abajo","19","0",\N,\N
"1958","2017-05-13 12:21:51","87B5D5F989A34E53A12DFDDA09F9E7D0","2008-01-30 12:47:25",\N,\N,"0","2008-01-30 12:47:25",\N,"CT1891","823","Los Herreras","19","0",\N,\N
"1959","2017-05-13 12:21:51","2B3ED45DDE414A50BB15B243EE3583F7","2008-01-30 12:47:25",\N,\N,"0","2008-01-30 12:47:25",\N,"CT1892","823","Los Ramones","19","0",\N,\N
"1960","2017-05-13 12:21:51","19E43DE539B7494CADB42C46B7F5D500","2008-01-30 12:47:25",\N,\N,"0","2008-01-30 12:47:25",\N,"CT1893","825","Marín","19","0",\N,\N
"1961","2017-05-13 12:21:51","6F8DAAB70B604AC5AE1C972F2455CA52","2008-01-30 12:47:25",\N,\N,"0","2008-01-30 12:47:25",\N,"CT1894","892","Melchor Ocampo","19","0",\N,\N
"1962","2017-05-13 12:21:51","F7176D331D1A4C2E936DB0A399B4E2E8","2008-01-30 12:47:25",\N,\N,"0","2008-01-30 12:47:25",\N,"CT1895","829","Mina","19","0",\N,\N
"1963","2017-05-13 12:21:51","7F767206A30149258F98F5D42F04FA6D","2008-01-30 12:47:25",\N,\N,"0","2008-01-30 12:47:25",\N,"CT1896","826","Montemorelos","19","0",\N,\N
"1964","2017-05-13 12:21:51","DF7D35FEF06F48E792C3ECAE237F9800","2008-01-30 12:47:25",\N,\N,"0","2008-01-30 12:47:25",\N,"CT1897","81","Monterrey","19","0",\N,\N
"1965","2017-05-13 12:21:51","0E0F32276ABA4E79B9EAABAF7324DB00","2008-01-30 12:47:25",\N,\N,"0","2008-01-30 12:47:25",\N,"CT1898","81","Parque Ind. Cienega de Flores","19","0",\N,\N
"1966","2017-05-13 12:21:51","DB4BAC4B35694F6089F8797E94131F4B","2008-01-30 12:47:25",\N,\N,"0","2008-01-30 12:47:25",\N,"CT1899","81","Parque Industrial Ciudad Mitras","19","0",\N,\N
"1967","2017-05-13 12:21:51","C83C136386F74AD88F59A96B88FC6BAA","2008-01-30 12:47:25",\N,\N,"0","2008-01-30 12:47:25",\N,"CT1900","825","Pesqueria","19","0",\N,\N
"1968","2017-05-13 12:21:51","CF6EE51ADCBF40F88CC825712818C2DF","2008-01-30 12:47:25",\N,\N,"0","2008-01-30 12:47:25",\N,"CT1901","824","Sabinas Hidalgo","19","0",\N,\N
"1969","2017-05-13 12:21:51","201EC0788EC34CA9005B6696E5D379C2","2008-01-30 12:47:25",\N,\N,"0","2008-01-30 12:47:25",\N,"CT1902","81","Salinas Victoria","19","0",\N,\N
"1970","2017-05-13 12:21:51","88E56F51FEC54038ABF083F8B0AE67CF","2008-01-30 12:47:25",\N,\N,"0","2008-01-30 12:47:25",\N,"CT1903","828","San Juan","19","0",\N,\N
"1971","2017-05-13 12:21:51","E133F8F525D249EDAFDFB47C70822DBE","2008-01-30 12:47:25",\N,\N,"0","2008-01-30 12:47:25",\N,"CT1904","81","San Nicolás de los Garza","19","0",\N,\N
"1972","2017-05-13 12:21:51","6465998BAA63468F9EB916040032A6DD","2008-01-30 12:47:25",\N,\N,"0","2008-01-30 12:47:25",\N,"CT1905","81","San Pedro Garza García","19","0",\N,\N
"1973","2017-05-13 12:21:51","64E4BEEF0AE14EFD859D2D28550687C5","2008-01-30 12:47:25",\N,\N,"0","2008-01-30 12:47:25",\N,"CT1906","826","San Rafael","19","0",\N,\N
"1974","2017-05-13 12:21:51","8D8C0819AAD84AB48BEDB3734E6B9843","2008-01-30 12:47:25",\N,\N,"0","2008-01-30 12:47:25",\N,"CT1907","823","San Vicente","19","0",\N,\N
"1975","2017-05-13 12:21:51","18426E6E088949CC861DE4002F056573","2008-01-30 12:47:25",\N,\N,"0","2008-01-30 12:47:25",\N,"CT1908","827","Santiago( El Cercado )","19","0",\N,\N
"1976","2017-05-13 12:21:51","A3F2DD828A264A71ACE2C25404A69C64","2008-01-30 12:47:25",\N,\N,"0","2008-01-30 12:47:25",\N,"CT1909","829","Villa Aldama","19","0",\N,\N
"1977","2017-05-13 12:21:51","470F6E5A4663457AB94D128200456188","2008-01-30 12:47:25",\N,\N,"0","2008-01-30 12:47:25",\N,"CT1910","892","Villa de Paras","19","0",\N,\N
"1978","2017-05-13 12:21:51","2DEAF2E7609E4427B5BEB80376BC05F2","2008-01-30 12:47:25",\N,\N,"0","2008-01-30 12:47:25",\N,"CT1911","81","Villas Campestres","19","0",\N,\N
"1979","2017-05-13 12:21:52","570FA6B0F7244ACD9EE1D3F3A30064F3","2008-01-30 12:47:25",\N,\N,"0","2008-01-30 12:47:25",\N,"CT1912","325","Acaponeta","20","0",\N,\N
"1980","2017-05-13 12:21:52","4B42D4862FB84B2C93814035A6004687","2008-01-30 12:47:25",\N,\N,"0","2008-01-30 12:47:25",\N,"CT1913","324","Ahuacatlán","20","0",\N,\N
"1981","2017-05-13 12:21:52","F1DE9A7A18A04718844F88002FF0D552","2008-01-30 12:47:25",\N,\N,"0","2008-01-30 12:47:25",\N,"CT1914","323","Amapa","20","0",\N,\N
"1982","2017-05-13 12:21:52","5C688AA632EC431F84F4A7ADD4586884","2008-01-30 12:47:25",\N,\N,"0","2008-01-30 12:47:25",\N,"CT1915","324","Amatlán de Cañas","20","0",\N,\N
"1983","2017-05-13 12:21:52","D0A479D64F9E4AD9957E76203D484F19","2008-01-30 12:47:25",\N,\N,"0","2008-01-30 12:47:25",\N,"CT1916","323","Aticama","20","0",\N,\N
"1984","2017-05-13 12:21:52","0BDCD29532AE46CC87DF3E8923B4C141","2008-01-30 12:47:25",\N,\N,"0","2008-01-30 12:47:25",\N,"CT1917","311","Bellavista","20","0",\N,\N
"1985","2017-05-13 12:21:52","3D820AE720A7412CA9BDA3B66D7D72A2","2008-01-30 12:47:25",\N,\N,"0","2008-01-30 12:47:25",\N,"CT1918","323","Boca de Camichin","20","0",\N,\N
"1986","2017-05-13 12:21:52","1F2A7252DD8E433B0020924DDA2B23E9","2008-01-30 12:47:25",\N,\N,"0","2008-01-30 12:47:25",\N,"CT1919","329","Bucerías","20","0",\N,\N
"1987","2017-05-13 12:21:52","A81D7B85D242472195B021B100AB5CC5","2008-01-30 12:47:25",\N,\N,"0","2008-01-30 12:47:25",\N,"CT1920","323","Cañada del Tabaco","20","0",\N,\N
"1988","2017-05-13 12:21:52","B80B716E153647E39E865EAAA800ED44","2008-01-30 12:47:25",\N,\N,"0","2008-01-30 12:47:25",\N,"CT1921","327","Chapalilla","20","0",\N,\N
"1989","2017-05-13 12:21:52","1B4D666B55044234916CE4DC53B97D7D","2008-01-30 12:47:25",\N,\N,"0","2008-01-30 12:47:25",\N,"CT1922","319","Chilapa","20","0",\N,\N
"1990","2017-05-13 12:21:52","EF8F873FA80347D8BDA47F2314C35E40","2008-01-30 12:47:25",\N,\N,"0","2008-01-30 12:47:25",\N,"CT1923","319","Coamiles","20","0",\N,\N
"1991","2017-05-13 12:21:52","E03EFB4FFD5B486AB121029704E0F9FC","2008-01-30 12:47:25",\N,\N,"0","2008-01-30 12:47:25",\N,"CT1924","327","Compostela","20","0",\N,\N
"1992","2017-05-13 12:21:52","0E0DC974077642FDA57875BE11B9DEC8","2008-01-30 12:47:25",\N,\N,"0","2008-01-30 12:47:25",\N,"CT1925","329","Cruz de Juanacaxtle","20","0",\N,\N
"1993","2017-05-13 12:21:52","1BAFAA1E010F442BA4884D98CE051527","2008-01-30 12:47:25",\N,\N,"0","2008-01-30 12:47:25",\N,"CT1926","327","El Capomo","20","0",\N,\N
"1994","2017-05-13 12:21:52","A05A534F8DB8411BBFF8B28CA600463F","2008-01-30 12:47:25",\N,\N,"0","2008-01-30 12:47:25",\N,"CT1927","329","El Colomo","20","0",\N,\N
"1995","2017-05-13 12:21:52","BD033BDA9D8E464982C86C9C9D25D4F9","2008-01-30 12:47:25",\N,\N,"0","2008-01-30 12:47:25",\N,"CT1928","311","El Jicote","20","0",\N,\N
"1996","2017-05-13 12:21:52","EED0A238050B4F48B18B283581DC43BC","2008-01-30 12:47:25",\N,\N,"0","2008-01-30 12:47:25",\N,"CT1929","323","El Tizate","20","0",\N,\N
"1997","2017-05-13 12:21:52","1C1989B11F8F4D41B10044F2DE72C45D","2008-01-30 12:47:25",\N,\N,"0","2008-01-30 12:47:25",\N,"CT1930","323","Estación Yago","20","0",\N,\N
"1998","2017-05-13 12:21:52","41B628AB3F864F43BE5F67D6CA2283DB","2008-01-30 12:47:25",\N,\N,"0","2008-01-30 12:47:25",\N,"CT1931","327","Felipe Carrillo Puerto (Carrillo Puerto)","20","0",\N,\N
"1999","2017-05-13 12:21:52","FC403A7BC2904EA9805D0501142C69BB","2008-01-30 12:47:25",\N,\N,"0","2008-01-30 12:47:25",\N,"CT1932","329","Fracc. Emiliano Zapata","20","0",\N,\N
"2000","2017-05-13 12:21:52","4B4E4144B6B04D2BB1B890BAE42411C0","2008-01-30 12:47:25",\N,\N,"0","2008-01-30 12:47:25",\N,"CT1933","311","Francisco I. Madero (Puga)","20","0",\N,\N
"2001","2017-05-13 12:21:52","922EB0F11CBB4272B12FE88F4D50F446","2008-01-30 12:47:25",\N,\N,"0","2008-01-30 12:47:25",\N,"CT1934","323","Guadalupe Victoria (La Virocha)","20","0",\N,\N
"2002","2017-05-13 12:21:52","BAE238474AB54C4182929200784DF170","2008-01-30 12:47:25",\N,\N,"0","2008-01-30 12:47:25",\N,"CT1935","325","Huajicori","20","0",\N,\N
"2003","2017-05-13 12:21:52","AD6B717D81BE45B7A44F4D69403C87E6","2008-01-30 12:47:25",\N,\N,"0","2008-01-30 12:47:25",\N,"CT1936","327","Ixtapa de la Concepción","20","0",\N,\N
"2004","2017-05-13 12:21:52","C10DEDEADBD349E9AE00AD13FD3142C8","2008-01-30 12:47:25",\N,\N,"0","2008-01-30 12:47:25",\N,"CT1937","324","Ixtlán del Río","20","0",\N,\N
"2005","2017-05-13 12:21:52","C324557E08AA4FB2B738BA2109ECC61D","2008-01-30 12:47:25",\N,\N,"0","2008-01-30 12:47:25",\N,"CT1938","324","Jala","20","0",\N,\N
"2006","2017-05-13 12:21:52","D11FA561F1834E678C39BF90F0C65DD0","2008-01-30 12:47:25",\N,\N,"0","2008-01-30 12:47:25",\N,"CT1939","327","Jalcocotán","20","0",\N,\N
"2007","2017-05-13 12:21:52","9B8C31051120444C9EE836557087DCD5","2008-01-30 12:47:25",\N,\N,"0","2008-01-30 12:47:25",\N,"CT1940","323","La Presa","20","0",\N,\N
"2008","2017-05-13 12:21:52","54D5863ED995450F87BE538B3679B6AB","2008-01-30 12:47:25",\N,\N,"0","2008-01-30 12:47:25",\N,"CT1941","327","Las Varas","20","0",\N,\N
"2009","2017-05-13 12:21:53","CAF435D9A4B1418EB1F02EFD28007670","2008-01-30 12:47:25",\N,\N,"0","2008-01-30 12:47:25",\N,"CT1942","327","Lo de Marcos","20","0",\N,\N
"2010","2017-05-13 12:21:53","21E9878B965C427188FF1C6205484FC4","2008-01-30 12:47:25",\N,\N,"0","2008-01-30 12:47:25",\N,"CT1943","327","Mecatán","20","0",\N,\N
"2011","2017-05-13 12:21:53","08A7728504B746058CF10816BA00B095","2008-01-30 12:47:25",\N,\N,"0","2008-01-30 12:47:25",\N,"CT1944","329","Mezcales","20","0",\N,\N
"2012","2017-05-13 12:21:53","AE6077F67CD0491FBA005F00ACC993E5","2008-01-30 12:47:25",\N,\N,"0","2008-01-30 12:47:25",\N,"CT1945","389","Milpas Viejas","20","0",\N,\N
"2013","2017-05-13 12:21:53","8F6C17483784481E97C475185E03B99F","2008-01-30 12:47:25",\N,\N,"0","2008-01-30 12:47:25",\N,"CT1946","327","Monteón","20","0",\N,\N
"2014","2017-05-13 12:21:53","26042C6820264F12AD768F98AA042B72","2008-01-30 12:47:25",\N,\N,"0","2008-01-30 12:47:25",\N,"CT1947","327","Navarrete","20","0",\N,\N
"2015","2017-05-13 12:21:53","D05E62A79B7B49A2A599C71F919980E3","2008-01-30 12:47:25",\N,\N,"0","2008-01-30 12:47:25",\N,"CT1948","322","Nuevo Vallarta","20","0",\N,\N
"2016","2017-05-13 12:21:53","4B09A4528C074449979085F4DB3DC826","2008-01-30 12:47:25",\N,\N,"0","2008-01-30 12:47:25",\N,"CT1949","319","Palma Grande","20","0",\N,\N
"2017","2017-05-13 12:21:53","A25A3864DEB24C0791FCF829009191FB","2008-01-30 12:47:25",\N,\N,"0","2008-01-30 12:47:25",\N,"CT1950","311","Pantanal","20","0",\N,\N
"2018","2017-05-13 12:21:53","86C130BF45D34992804C94E51C7F54CF","2008-01-30 12:47:25",\N,\N,"0","2008-01-30 12:47:25",\N,"CT1951","323","Pozo de Ibarra","20","0",\N,\N
"2019","2017-05-13 12:21:53","12DE3BBA0E3940A9BAB3ECEFF3A76074","2008-01-30 12:47:25",\N,\N,"0","2008-01-30 12:47:25",\N,"CT1952","389","Quimichis","20","0",\N,\N
"2020","2017-05-13 12:21:53","9E47F5B877734FFAA1EC113F80514894","2008-01-30 12:47:25",\N,\N,"0","2008-01-30 12:47:25",\N,"CT1953","327","Rincón de Guayabitos","20","0",\N,\N
"2021","2017-05-13 12:21:53","B5E2497B651B47A5AFEE93C69804A5C1","2008-01-30 12:47:25",\N,\N,"0","2008-01-30 12:47:25",\N,"CT1954","319","Rosamorada","20","0",\N,\N
"2022","2017-05-13 12:21:53","B7DC971D7B17441CB0EDEE115DAD29BF","2008-01-30 12:47:25",\N,\N,"0","2008-01-30 12:47:25",\N,"CT1955","319","Ruiz","20","0",\N,\N
"2023","2017-05-13 12:21:53","8CDC00DA46114D79816CB46E4D0569B9","2008-01-30 12:47:25",\N,\N,"0","2008-01-30 12:47:25",\N,"CT1956","323","San Blas","20","0",\N,\N
"2024","2017-05-13 12:21:53","F3E96329CD8B4C3A96D5E79E423328FF","2008-01-30 12:47:25",\N,\N,"0","2008-01-30 12:47:25",\N,"CT1957","311","San Cayetano","20","0",\N,\N
"2025","2017-05-13 12:21:53","A3F232C68D084A2898A7B5B48829902F","2008-01-30 12:47:25",\N,\N,"0","2008-01-30 12:47:25",\N,"CT1958","389","San Felipe Aztatán","20","0",\N,\N
"2026","2017-05-13 12:21:53","669F7AE21A09485CB5EE2F2FCD823E32","2008-01-30 12:47:25",\N,\N,"0","2008-01-30 12:47:25",\N,"CT1959","311","San Francisco","20","0",\N,\N
"2027","2017-05-13 12:21:53","2152A881E6414EA700307601C6BEED00","2008-01-30 12:47:25",\N,\N,"0","2008-01-30 12:47:25",\N,"CT1960","329","San José del Valle","20","0",\N,\N
"2028","2017-05-13 12:21:53","E10CDBE7963F4FC8A67D73C1E9E5E8A8","2008-01-30 12:47:25",\N,\N,"0","2008-01-30 12:47:25",\N,"CT1961","329","San Juan de Abajo","20","0",\N,\N
"2029","2017-05-13 12:21:53","69405D89FFFA4A8DADDB7400789733C7","2008-01-30 12:47:25",\N,\N,"0","2008-01-30 12:47:25",\N,"CT1962","327","San Pedro Lagunillas","20","0",\N,\N
"2030","2017-05-13 12:21:53","09E07DC8D0BF4C09A747B2F90327C1C3","2008-01-30 12:47:25",\N,\N,"0","2008-01-30 12:47:25",\N,"CT1963","329","San Vicente","20","0",\N,\N
"2031","2017-05-13 12:21:53","80FFED355DC949C4B778EC00337770AA","2008-01-30 12:47:25",\N,\N,"0","2008-01-30 12:47:25",\N,"CT1964","323","Santa Cruz de Miramar","20","0",\N,\N
"2032","2017-05-13 12:21:53","A14DE65E516343AEBAA4EB6EB94462B7","2008-01-30 12:47:25",\N,\N,"0","2008-01-30 12:47:25",\N,"CT1965","327","Santa María del Oro","20","0",\N,\N
"2033","2017-05-13 12:21:53","5DEC862DD84C49BDA7EA654C874361C6","2008-01-30 12:47:25",\N,\N,"0","2008-01-30 12:47:25",\N,"CT1966","323","Santiago Ixcuintla","20","0",\N,\N
"2034","2017-05-13 12:21:53","FD8767C5050F449CA47CD6566E7ED74F","2008-01-30 12:47:25",\N,\N,"0","2008-01-30 12:47:25",\N,"CT1967","323","Sauta","20","0",\N,\N
"2035","2017-05-13 12:21:53","49DA8E080DD045E083B494EC8CBD5C1E","2008-01-30 12:47:25",\N,\N,"0","2008-01-30 12:47:25",\N,"CT1968","323","Sentispac","20","0",\N,\N
"2036","2017-05-13 12:21:53","7BA7FE98420940DEB9CF732FDCBD5840","2008-01-30 12:47:25",\N,\N,"0","2008-01-30 12:47:25",\N,"CT1969","389","Tecuala","20","0",\N,\N
"2037","2017-05-13 12:21:53","A8F27DF0BA2C424DA60584001D92A0D4","2008-01-30 12:47:25",\N,\N,"0","2008-01-30 12:47:25",\N,"CT1970","311","Tepic","20","0",\N,\N
"2038","2017-05-13 12:21:53","5A681B8344CE4F6B9136B302470071BA","2008-01-30 12:47:25",\N,\N,"0","2008-01-30 12:47:25",\N,"CT1971","324","Tepuzhuacán","20","0",\N,\N
"2039","2017-05-13 12:21:53","1D7B9662F2F14000A608BEDFB0196D00","2008-01-30 12:47:25",\N,\N,"0","2008-01-30 12:47:25",\N,"CT1972","324","Tetitlán","20","0",\N,\N
"2040","2017-05-13 12:21:54","FFA455BF88C345F3AC72FDEB1E376F50","2008-01-30 12:47:25",\N,\N,"0","2008-01-30 12:47:25",\N,"CT1973","319","Tuxpan","20","0",\N,\N
"2041","2017-05-13 12:21:54","BD9BD22171C249E3B1F428CBBA205C74","2008-01-30 12:47:25",\N,\N,"0","2008-01-30 12:47:25",\N,"CT1974","329","Valle de Banderas","20","0",\N,\N
"2042","2017-05-13 12:21:54","2C10B367FB904E8A8206E844E4CA38C4","2008-01-30 12:47:25",\N,\N,"0","2008-01-30 12:47:25",\N,"CT1975","323","Villa Hidalgo (El Nuevo)","20","0",\N,\N
"2043","2017-05-13 12:21:54","4702C4519F814E28B27E001892313500","2008-01-30 12:47:25",\N,\N,"0","2008-01-30 12:47:25",\N,"CT1976","323","Villa Juárez (La Trozada)","20","0",\N,\N
"2044","2017-05-13 12:21:54","03F4E94B66974828814483E126730433","2008-01-30 12:47:25",\N,\N,"0","2008-01-30 12:47:25",\N,"CT1977","311","Xalisco","20","0",\N,\N
"2045","2017-05-13 12:21:54","2CA4DC8C0AAF4CF2AE25E49217B502CE","2008-01-30 12:47:25",\N,\N,"0","2008-01-30 12:47:25",\N,"CT1978","327","Zacualpan","20","0",\N,\N
"2046","2017-05-13 12:21:54","FA00DD1FC79F47D8AC56A761629EAD17","2008-01-30 12:47:25",\N,\N,"0","2008-01-30 12:47:25",\N,"CT1979","274","Acatlán de Pérez Figueroa","21","0",\N,\N
"2047","2017-05-13 12:21:54","051D0C3CC00B464B9FF28E80AAADDE00","2008-01-30 12:47:25",\N,\N,"0","2008-01-30 12:47:25",\N,"CT1980","971","Asunción Ixtaltepec","21","0",\N,\N
"2048","2017-05-13 12:21:54","1C940EC36D5349199D95C4C400B11D62","2008-01-30 12:47:25",\N,\N,"0","2008-01-30 12:47:25",\N,"CT1981","951","Asunción Nochixtlán","21","0",\N,\N
"2049","2017-05-13 12:21:54","EB6C7D1F41884422962429BE009CFD6E","2008-01-30 12:47:25",\N,\N,"0","2008-01-30 12:47:25",\N,"CT1982","951","Ayoquezco de Aldama","21","0",\N,\N
"2050","2017-05-13 12:21:54","2722FDED69AE45BCA834EF500042D0F5","2008-01-30 12:47:25",\N,\N,"0","2008-01-30 12:47:25",\N,"CT1983","958","Bahía de Huatulco(crucesita)","21","0",\N,\N
"2051","2017-05-13 12:21:54","1201C546DDCE41D688CA8C5C18240059","2008-01-30 12:47:25",\N,\N,"0","2008-01-30 12:47:25",\N,"CT1984","954","Bajos de Chila","21","0",\N,\N
"2052","2017-05-13 12:21:54","A93E81DDB9FF4146B3F4A6911CABC0DA","2008-01-30 12:47:25",\N,\N,"0","2008-01-30 12:47:25",\N,"CT1985","951","Barrio El Rosario","21","0",\N,\N
"2053","2017-05-13 12:21:54","685D90EF22044A029D010319F3A76203","2008-01-30 12:47:25",\N,\N,"0","2008-01-30 12:47:25",\N,"CT1986","287","Benemérito Juárez (Palo Gacho)","21","0",\N,\N
"2054","2017-05-13 12:21:54","40C1D2F8A3DA45BD873C9871F89F4EFC","2008-01-30 12:47:25",\N,\N,"0","2008-01-30 12:47:25",\N,"CT1987","994","Chahuites","21","0",\N,\N
"2055","2017-05-13 12:21:54","39E10D2726714CEEB2A9C5F7BDF779E7","2008-01-30 12:47:25",\N,\N,"0","2008-01-30 12:47:25",\N,"CT1988","953","Ciudad de Huajuapam de León","21","0",\N,\N
"2056","2017-05-13 12:21:54","7DCEE9F8568246EAB6A06D410090D769","2008-01-30 12:47:25",\N,\N,"0","2008-01-30 12:47:25",\N,"CT1989","236","Cuicatlán","21","0",\N,\N
"2057","2017-05-13 12:21:54","513358447A1E428A86BD8C92B4E38500","2008-01-30 12:47:25",\N,\N,"0","2008-01-30 12:47:25",\N,"CT1990","951","Ejutla de Crespo","21","0",\N,\N
"2058","2017-05-13 12:21:54","A70C0C8976964682A97BE6BB3475B92D","2008-01-30 12:47:25",\N,\N,"0","2008-01-30 12:47:25",\N,"CT1991","972","El Barrio de la Soledad","21","0",\N,\N
"2059","2017-05-13 12:21:54","27BF76EE8C044E75A283F12D771CF0B8","2008-01-30 12:47:25",\N,\N,"0","2008-01-30 12:47:25",\N,"CT1992","995","El Camarón","21","0",\N,\N
"2060","2017-05-13 12:21:54","811BE4CE7BA44275B224F9CF26DC9190","2008-01-30 12:47:25",\N,\N,"0","2008-01-30 12:47:25",\N,"CT1993","924","El Porvenir","21","0",\N,\N
"2061","2017-05-13 12:21:54","0EF7A479EC524788A595BB9D049579A0","2008-01-30 12:47:25",\N,\N,"0","2008-01-30 12:47:25",\N,"CT1994","971","Espinal","21","0",\N,\N
"2062","2017-05-13 12:21:54","5FDAA659D5CD4B739551A966C6492684","2008-01-30 12:47:25",\N,\N,"0","2008-01-30 12:47:25",\N,"CT1995","951","Guegovela","21","0",\N,\N
"2063","2017-05-13 12:21:54","A115BC2520AC4C8082EF225FEE56969F","2008-01-30 12:47:25",\N,\N,"0","2008-01-30 12:47:25",\N,"CT1996","236","Huautla de Jiménez","21","0",\N,\N
"2064","2017-05-13 12:21:54","CFE6CEEFA45E4AA9861B80CC1B3F6114","2008-01-30 12:47:25",\N,\N,"0","2008-01-30 12:47:25",\N,"CT1997","971","Ixtepec","21","0",\N,\N
"2065","2017-05-13 12:21:54","A9EA07FCC67B4C2E8E6F641C677BEE19","2008-01-30 12:47:25",\N,\N,"0","2008-01-30 12:47:25",\N,"CT1998","951","Ixtlán de Juárez","21","0",\N,\N
"2066","2017-05-13 12:21:54","F71C88F17EC646C89164B40186F121EC","2008-01-30 12:47:25",\N,\N,"0","2008-01-30 12:47:25",\N,"CT1999","995","Jalapa del Marque","21","0",\N,\N
"2067","2017-05-13 12:21:54","1A0C10645FD446C8903E5426D8EDDEF6","2008-01-30 12:47:25",\N,\N,"0","2008-01-30 12:47:25",\N,"CT2000","971","Juchitán","21","0",\N,\N
"2068","2017-05-13 12:21:54","F387B56DF7EC4D9BA7B65EDD54296DDF","2008-01-30 12:47:25",\N,\N,"0","2008-01-30 12:47:25",\N,"CT2001","971","La Ventosa","21","0",\N,\N
"2069","2017-05-13 12:21:54","601D6C9FA94041AABD17D9805F44CE8F","2008-01-30 12:47:25",\N,\N,"0","2008-01-30 12:47:25",\N,"CT2002","972","Lagunas","21","0",\N,\N
"2070","2017-05-13 12:21:54","FDC5907507CC4BFBA6BFCDD4AACA42CF","2008-01-30 12:47:25",\N,\N,"0","2008-01-30 12:47:25",\N,"CT2003","281","Loma Bonita","21","0",\N,\N
"2071","2017-05-13 12:21:54","A6FAD042E9CF41E1A053800048A6C392","2008-01-30 12:47:25",\N,\N,"0","2008-01-30 12:47:25",\N,"CT2004","283","Lombardo de Caso","21","0",\N,\N
"2072","2017-05-13 12:21:54","D21CED262795430A98B7C3409119835C","2008-01-30 12:47:25",\N,\N,"0","2008-01-30 12:47:25",\N,"CT2005","951","Magdalena Teitipac","21","0",\N,\N
"2073","2017-05-13 12:21:54","E387A7BD2BAB408B91A333864FFE7766","2008-01-30 12:47:25",\N,\N,"0","2008-01-30 12:47:25",\N,"CT2006","995","Magdalena Tequisistlán","21","0",\N,\N
"2074","2017-05-13 12:21:54","8B7C400987B542B9AB35AD5BB96EA240","2008-01-30 12:47:25",\N,\N,"0","2008-01-30 12:47:25",\N,"CT2007","953","Mariscala de Juárez","21","0",\N,\N
"2075","2017-05-13 12:21:54","29781B463547488B802840894103F774","2008-01-30 12:47:25",\N,\N,"0","2008-01-30 12:47:25",\N,"CT2008","972","Matías Romero","21","0",\N,\N
"2076","2017-05-13 12:21:54","F28E72C10EAC4BAF96B6EC57B58F07DA","2008-01-30 12:47:25",\N,\N,"0","2008-01-30 12:47:25",\N,"CT2009","951","Miahuatlán","21","0",\N,\N
"2077","2017-05-13 12:21:55","0CFDE9C985A0473A81E6F2EB6E023E61","2008-01-30 12:47:25",\N,\N,"0","2008-01-30 12:47:25",\N,"CT2010","951","Mitla","21","0",\N,\N
"2078","2017-05-13 12:21:55","9B2F656683DA4E00BBFFA626D0BCE0EE","2008-01-30 12:47:25",\N,\N,"0","2008-01-30 12:47:25",\N,"CT2011","951","Oaxaca de Juárez","21","0",\N,\N
"2079","2017-05-13 12:21:55","EB97623BF8714E9E93863000E842A315","2008-01-30 12:47:25",\N,\N,"0","2008-01-30 12:47:25",\N,"CT2012","951","Ocotlán de Morelos","21","0",\N,\N
"2080","2017-05-13 12:21:55","48950E9BD7834330B1C8BFC8A7ADEDD7","2008-01-30 12:47:25",\N,\N,"0","2008-01-30 12:47:25",\N,"CT2013","972","Palomares","21","0",\N,\N
"2081","2017-05-13 12:21:55","00E626C04A1C44EA00001350A7A08F98","2008-01-30 12:47:25",\N,\N,"0","2008-01-30 12:47:25",\N,"CT2014","287","Papaloapam","21","0",\N,\N
"2082","2017-05-13 12:21:55","DA16DD813BEE4214B9002F7422CB1B2C","2008-01-30 12:47:25",\N,\N,"0","2008-01-30 12:47:25",\N,"CT2015","958","Paso Ancho","21","0",\N,\N
"2083","2017-05-13 12:21:55","1C2FA3E809AB45E6B6F7DF90F7D67778","2008-01-30 12:47:25",\N,\N,"0","2008-01-30 12:47:25",\N,"CT2016","954","Pinotepa de Don Luis","21","0",\N,\N
"2084","2017-05-13 12:21:55","6EC300D0200E4D22B2F0E5006CC1BD56","2008-01-30 12:47:25",\N,\N,"0","2008-01-30 12:47:25",\N,"CT2017","954","Pinotepa Nacional","21","0",\N,\N
"2085","2017-05-13 12:21:55","699E02071306451BA95460810100AC31","2008-01-30 12:47:25",\N,\N,"0","2008-01-30 12:47:25",\N,"CT2018","958","Puerto Angel","21","0",\N,\N
"2086","2017-05-13 12:21:55","47751DAB8D154415A3F3B57F0900214E","2008-01-30 12:47:25",\N,\N,"0","2008-01-30 12:47:25",\N,"CT2019","954","Puerto Escondido","21","0",\N,\N
"2087","2017-05-13 12:21:55","ABB80B35C97F4EF1A1A50051ADF089B8","2008-01-30 12:47:25",\N,\N,"0","2008-01-30 12:47:25",\N,"CT2020","953","Putla Villa de Guerrero","21","0",\N,\N
"2088","2017-05-13 12:21:55","2C4FBFB48B704FA28C6355CA45254075","2008-01-30 12:47:25",\N,\N,"0","2008-01-30 12:47:25",\N,"CT2021","994","Rincón Juárez","21","0",\N,\N
"2089","2017-05-13 12:21:55","825C34BFEEF043C3B564531D2E42CAC6","2008-01-30 12:47:25",\N,\N,"0","2008-01-30 12:47:25",\N,"CT2022","954","Río Grande","21","0",\N,\N
"2090","2017-05-13 12:21:55","1455A121FC67425987D50446A20045B5","2008-01-30 12:47:25",\N,\N,"0","2008-01-30 12:47:25",\N,"CT2023","971","Salina Cruz","21","0",\N,\N
"2091","2017-05-13 12:21:55","D91867D9C5C14D2093937C44A6D7F62E","2008-01-30 12:47:25",\N,\N,"0","2008-01-30 12:47:25",\N,"CT2024","951","San Agustín Amatengo","21","0",\N,\N
"2092","2017-05-13 12:21:55","2E59B02E90F5430C974935500000386E","2008-01-30 12:47:25",\N,\N,"0","2008-01-30 12:47:25",\N,"CT2025","951","San Agustin Etla","21","0",\N,\N
"2093","2017-05-13 12:21:55","ECEB8FB64DD34B9E817DDE358C21EE00","2008-01-30 12:47:25",\N,\N,"0","2008-01-30 12:47:25",\N,"CT2026","954","San Andrés Huaxpaltepec","21","0",\N,\N
"2094","2017-05-13 12:21:55","880A330B4FC84AF0957FF37B7CC06208","2008-01-30 12:47:25",\N,\N,"0","2008-01-30 12:47:25",\N,"CT2027","951","San Baltazar Guelavila","21","0",\N,\N
"2095","2017-05-13 12:21:55","2694273EA1C24C24B9A7D84236394FFF","2008-01-30 12:47:25",\N,\N,"0","2008-01-30 12:47:25",\N,"CT2028","951","San Bartolo Coyotepec","21","0",\N,\N
"2096","2017-05-13 12:21:55","10717A961C40473600D100C160DAF515","2008-01-30 12:47:25",\N,\N,"0","2008-01-30 12:47:25",\N,"CT2029","951","San Dionisio Ocotepec","21","0",\N,\N
"2097","2017-05-13 12:21:55","2490469441874320A6D71171DBC86E8D","2008-01-30 12:47:25",\N,\N,"0","2008-01-30 12:47:25",\N,"CT2030","287","San Felipe Jalapa de Díaz","21","0",\N,\N
"2098","2017-05-13 12:21:55","6A7C58A4663A408ABF52CEDD5095CF23","2008-01-30 12:47:25",\N,\N,"0","2008-01-30 12:47:25",\N,"CT2031","994","San Francisco Ixhuatán","21","0",\N,\N
"2099","2017-05-13 12:21:55","CC973B341638448F9F24F1AC052D1FE8","2008-01-30 12:47:25",\N,\N,"0","2008-01-30 12:47:25",\N,"CT2032","951","San Jerónimo Tlacochahuaya","21","0",\N,\N
"2100","2017-05-13 12:21:55","8E74B1BB53F4448A9DE650BDA346E1F7","2008-01-30 12:47:25",\N,\N,"0","2008-01-30 12:47:25",\N,"CT2033","953","San Jorge Nuchita","21","0",\N,\N
"2101","2017-05-13 12:21:55","CBE4B83AE0634ED38FBC3D5081929EDC","2008-01-30 12:47:25",\N,\N,"0","2008-01-30 12:47:25",\N,"CT2034","287","San José Chiltepec","21","0",\N,\N
"2102","2017-05-13 12:21:55","4FF4BC1D14DF494EB0439800DF8BCF3C","2008-01-30 12:47:25",\N,\N,"0","2008-01-30 12:47:25",\N,"CT2035","951","San José del Progreso","21","0",\N,\N
"2103","2017-05-13 12:21:55","D206CEC8FEB44FD983624E21509F4003","2008-01-30 12:47:25",\N,\N,"0","2008-01-30 12:47:25",\N,"CT2036","954","San Juan Bautista lo de Soto","21","0",\N,\N
"2104","2017-05-13 12:21:55","F8103115918B418E9BFDD69DE5FABCC1","2008-01-30 12:47:25",\N,\N,"0","2008-01-30 12:47:25",\N,"CT2037","283","San Juan Bautista Valle Nacional","21","0",\N,\N
"2105","2017-05-13 12:21:55","B0EAB86534EA44E580B0EC775B57E0D7","2008-01-30 12:47:25",\N,\N,"0","2008-01-30 12:47:25",\N,"CT2038","954","San Juan Cacahuatepec","21","0",\N,\N
"2106","2017-05-13 12:21:55","570AD974030F46448D98E78571C2EEDD","2008-01-30 12:47:25",\N,\N,"0","2008-01-30 12:47:25",\N,"CT2039","951","San Juan del Estado","21","0",\N,\N
"2107","2017-05-13 12:21:55","D60F5A9295CF4C70A299451E3E393B00","2008-01-30 12:47:25",\N,\N,"0","2008-01-30 12:47:25",\N,"CT2040","972","San Juan Guichicovi","21","0",\N,\N
"2108","2017-05-13 12:21:55","FAC83B2538EE40FF82F4DD7BB83993CA","2008-01-30 12:47:25",\N,\N,"0","2008-01-30 12:47:25",\N,"CT2041","953","San Juan Mixtepec -distr. 08-","21","0",\N,\N
"2109","2017-05-13 12:21:55","5F43C56621D74C309CBD5D95CAEF7845","2008-01-30 12:47:25",\N,\N,"0","2008-01-30 12:47:25",\N,"CT2042","951","San Lorenzo Cacaotepec","21","0",\N,\N
"2110","2017-05-13 12:21:55","C118373C85F94246BD82A5E955511985","2008-01-30 12:47:25",\N,\N,"0","2008-01-30 12:47:25",\N,"CT2043","287","San Lucas Ojitlán","21","0",\N,\N
"2111","2017-05-13 12:21:55","6A1E81AD36994AB0B33DE459813F7EB9","2008-01-30 12:47:25",\N,\N,"0","2008-01-30 12:47:25",\N,"CT2044","953","San Martín Peras","21","0",\N,\N
"2112","2017-05-13 12:21:55","C88286E168ED494DB4C9F5A83E25E565","2008-01-30 12:47:25",\N,\N,"0","2008-01-30 12:47:25",\N,"CT2045","951","San Miguel Sola de Vega","21","0",\N,\N
"2113","2017-05-13 12:21:56","C2C532E738054EFAB057ECD66832ADEA","2008-01-30 12:47:25",\N,\N,"0","2008-01-30 12:47:25",\N,"CT2046","953","San Miguel Tlacotepec","21","0",\N,\N
"2114","2017-05-13 12:21:56","A3808C322EAD41CE8519B57EEC2700D4","2008-01-30 12:47:25",\N,\N,"0","2008-01-30 12:47:25",\N,"CT2047","951","San Pablo Huitzo","21","0",\N,\N
"2115","2017-05-13 12:21:56","FA1DC5E7A589430FBD305FA030FB544F","2008-01-30 12:47:25",\N,\N,"0","2008-01-30 12:47:25",\N,"CT2048","954","San Pedro Amuzgos","21","0",\N,\N
"2116","2017-05-13 12:21:56","010317149D0B492087BE38A7C949BA65","2008-01-30 12:47:25",\N,\N,"0","2008-01-30 12:47:25",\N,"CT2049","951","San Pedro Apóstol","21","0",\N,\N
"2117","2017-05-13 12:21:56","FBDF0DE88EA14070B40294C39EF4EF73","2008-01-30 12:47:25",\N,\N,"0","2008-01-30 12:47:25",\N,"CT2050","971","San Pedro Comitancillo","21","0",\N,\N
"2118","2017-05-13 12:21:56","0F10672B55064132B2503B55B9F862A9","2008-01-30 12:47:25",\N,\N,"0","2008-01-30 12:47:25",\N,"CT2051","954","San Pedro de Tututepec","21","0",\N,\N
"2119","2017-05-13 12:21:56","A953DB7E654F43219870A92434C98835","2008-01-30 12:47:25",\N,\N,"0","2008-01-30 12:47:25",\N,"CT2052","951","San Pedro Ixtlahuaca","21","0",\N,\N
"2120","2017-05-13 12:21:56","B3D8217CB3EA4CA19FD352F9903C49A8","2008-01-30 12:47:25",\N,\N,"0","2008-01-30 12:47:25",\N,"CT2053","958","San Pedro Pochutla","21","0",\N,\N
"2121","2017-05-13 12:21:56","ED4E20F88E5B42AE004DFDD224F4AAE2","2008-01-30 12:47:25",\N,\N,"0","2008-01-30 12:47:25",\N,"CT2054","994","San Pedro Tapanatepec","21","0",\N,\N
"2122","2017-05-13 12:21:56","8693133C8B0B4F9CBDD385CFAAB5C069","2008-01-30 12:47:25",\N,\N,"0","2008-01-30 12:47:25",\N,"CT2055","951","San Pedro Totolapa","21","0",\N,\N
"2123","2017-05-13 12:21:56","FDB93235AAEB42F0B68B7872B8E1A55F","2008-01-30 12:47:25",\N,\N,"0","2008-01-30 12:47:25",\N,"CT2056","953","San Pedro y San Pablo Teposcolula","21","0",\N,\N
"2124","2017-05-13 12:21:56","D7F491BE4F274AD5A517E06900FFF0D3","2008-01-30 12:47:25",\N,\N,"0","2008-01-30 12:47:25",\N,"CT2057","954","Santa Catarina Juquila","21","0",\N,\N
"2125","2017-05-13 12:21:56","1562C939DEF9427CB2F3E8B6F406E1F2","2008-01-30 12:47:25",\N,\N,"0","2008-01-30 12:47:25",\N,"CT2058","951","Santa Cruz Amilpas","21","0",\N,\N
"2126","2017-05-13 12:21:56","19DEC38DDE5E45F0867EF9BE9DA21F64","2008-01-30 12:47:25",\N,\N,"0","2008-01-30 12:47:25",\N,"CT2059","951","Santa Cruz Papalutla","21","0",\N,\N
"2127","2017-05-13 12:21:56","4572EEA0BCFC423AA3C23605158E9DBF","2008-01-30 12:47:25",\N,\N,"0","2008-01-30 12:47:25",\N,"CT2060","951","Santa Cruz Xitla","21","0",\N,\N
"2128","2017-05-13 12:21:56","1601998528C74987B03D15840971EE60","2008-01-30 12:47:25",\N,\N,"0","2008-01-30 12:47:25",\N,"CT2061","951","Santa Cruz Xoxocotlán","21","0",\N,\N
"2129","2017-05-13 12:21:56","AE21FB90AAB54F3CACF4804C544D214F","2008-01-30 12:47:25",\N,\N,"0","2008-01-30 12:47:25",\N,"CT2062","951","Santa Gertrudis","21","0",\N,\N
"2130","2017-05-13 12:21:56","17E6B34609A34FC981C3B518ADD2B567","2008-01-30 12:47:25",\N,\N,"0","2008-01-30 12:47:25",\N,"CT2063","953","Santa María Chilapa de Díaz","21","0",\N,\N
"2131","2017-05-13 12:21:56","92BA2642F63D4D6400F7D7887019CD69","2008-01-30 12:47:25",\N,\N,"0","2008-01-30 12:47:25",\N,"CT2064","951","Santa María del Tule","21","0",\N,\N
"2132","2017-05-13 12:21:56","920F488A458A46B1BB93008600007606","2008-01-30 12:47:25",\N,\N,"0","2008-01-30 12:47:25",\N,"CT2065","958","Santa María Huatulco","21","0",\N,\N
"2133","2017-05-13 12:21:56","F2CE3A20AD1F49AF8339EA45B1A9E63C","2008-01-30 12:47:25",\N,\N,"0","2008-01-30 12:47:25",\N,"CT2066","971","Santa María Mixtequilla","21","0",\N,\N
"2134","2017-05-13 12:21:56","1F6AA0222D584F0585D276CB065F9F1B","2008-01-30 12:47:25",\N,\N,"0","2008-01-30 12:47:25",\N,"CT2067","236","Santa María Tecomavaca","21","0",\N,\N
"2135","2017-05-13 12:21:56","7ACD07AC9E554916896BBB4091CE8F73","2008-01-30 12:47:25",\N,\N,"0","2008-01-30 12:47:25",\N,"CT2068","971","Santa María Xadani","21","0",\N,\N
"2136","2017-05-13 12:21:56","622696134BDC4AA6AF54DEF4F616EBC3","2008-01-30 12:47:25",\N,\N,"0","2008-01-30 12:47:25",\N,"CT2069","954","Santa María Zacatepec","21","0",\N,\N
"2137","2017-05-13 12:21:56","EE5797156F8A4E31919B74ADCBFCB930","2008-01-30 12:47:25",\N,\N,"0","2008-01-30 12:47:25",\N,"CT2070","953","Santiago Chazumba","21","0",\N,\N
"2138","2017-05-13 12:21:56","8EB0935DF6D64CBF85AE0000A575E92D","2008-01-30 12:47:25",\N,\N,"0","2008-01-30 12:47:25",\N,"CT2071","954","Santiago Jamiltepec","21","0",\N,\N
"2139","2017-05-13 12:21:56","E26B1189648346518ECE6B005D40803E","2008-01-30 12:47:25",\N,\N,"0","2008-01-30 12:47:25",\N,"CT2072","953","Santiago Juxtlahuaca","21","0",\N,\N
"2140","2017-05-13 12:21:56","43A46FA98ED840168C17009D37C10058","2008-01-30 12:47:25",\N,\N,"0","2008-01-30 12:47:25",\N,"CT2073","951","Santiago Matatlán","21","0",\N,\N
"2141","2017-05-13 12:21:56","38E991E9390A4F6A8ED41F2FFA27B008","2008-01-30 12:47:25",\N,\N,"0","2008-01-30 12:47:25",\N,"CT2074","994","Santiago Niltepec","21","0",\N,\N
"2142","2017-05-13 12:21:56","308A1B4D74C6491198DAF4C6FC6B7590","2008-01-30 12:47:25",\N,\N,"0","2008-01-30 12:47:25",\N,"CT2075","953","Santiago Tamazola","21","0",\N,\N
"2143","2017-05-13 12:21:56","13BF6695B1364231846B506E7077893E","2008-01-30 12:47:25",\N,\N,"0","2008-01-30 12:47:25",\N,"CT2076","953","Santiago Yolomecatl","21","0",\N,\N
"2144","2017-05-13 12:21:56","35B1B4B2D3AB48F3A188DD768CE18FA5","2008-01-30 12:47:25",\N,\N,"0","2008-01-30 12:47:25",\N,"CT2077","971","Santo Domingo Chihuitán","21","0",\N,\N
"2145","2017-05-13 12:21:56","9B9698D8A7CC45DD86D04EC789B42C60","2008-01-30 12:47:25",\N,\N,"0","2008-01-30 12:47:25",\N,"CT2078","994","Santo Domingo Ingenio","21","0",\N,\N
"2146","2017-05-13 12:21:56","0698DAA6EF3643A184CE5C204B66EF85","2008-01-30 12:47:25",\N,\N,"0","2008-01-30 12:47:25",\N,"CT2079","972","Santo Domingo Petapa","21","0",\N,\N
"2147","2017-05-13 12:21:56","B7DD3FEEA09141DFBD194805EB61D61B","2008-01-30 12:47:25",\N,\N,"0","2008-01-30 12:47:25",\N,"CT2080","953","Santo Domingo Tonalá","21","0",\N,\N
"2148","2017-05-13 12:21:57","B351550E098B41429518F1A9F539EFC4","2008-01-30 12:47:25",\N,\N,"0","2008-01-30 12:47:25",\N,"CT2081","951","Santo Domingo Yanhuitlán","21","0",\N,\N
"2149","2017-05-13 12:21:57","DEB27C1C8BF2446082D8EF250432D999","2008-01-30 12:47:25",\N,\N,"0","2008-01-30 12:47:25",\N,"CT2431","697","Angostura","26","0",\N,\N
"2150","2017-05-13 12:21:57","209614D21BC44CE486363588334CACD3","2008-01-30 12:47:25",\N,\N,"0","2008-01-30 12:47:25",\N,"CT2432","687","Bachoco","26","0",\N,\N
"2151","2017-05-13 12:21:57","4C2CF3553D634A358E24876FDCF42849","2008-01-30 12:47:25",\N,\N,"0","2008-01-30 12:47:25",\N,"CT2433","668","Bachomobampo Número Dos","26","0",\N,\N
"2152","2017-05-13 12:21:57","13B46F9C8CA048ECB929D8BB3221CEA8","2008-01-30 12:47:25",\N,\N,"0","2008-01-30 12:47:25",\N,"CT2434","697","Badiraguato","26","0",\N,\N
"2153","2017-05-13 12:21:57","C679A229FE2F40498D10036CE755E225","2008-01-30 12:47:25",\N,\N,"0","2008-01-30 12:47:25",\N,"CT2435","668","Bagojo Colectivo Emiliano Zapata","26","0",\N,\N
"2154","2017-05-13 12:21:57","EB8614F9C1E44809A7EFC846AD559D3B","2008-01-30 12:47:25",\N,\N,"0","2008-01-30 12:47:25",\N,"CT2436","673","Benito Juárez","26","0",\N,\N
"2155","2017-05-13 12:21:57","CD969BE9E459496CBE6E70184ED0E37D","2008-01-30 12:47:25",\N,\N,"0","2008-01-30 12:47:25",\N,"CT2437","697","Caimanero","26","0",\N,\N
"2156","2017-05-13 12:21:57","3F3ED5F3B4294A4E90B9956C2944B089","2008-01-30 12:47:25",\N,\N,"0","2008-01-30 12:47:25",\N,"CT2438","672","Campo Balbuena","26","0",\N,\N
"2157","2017-05-13 12:21:57","ED132AD982364FDFB7D1950037F39579","2008-01-30 12:47:25",\N,\N,"0","2008-01-30 12:47:25",\N,"CT2439","668","Cerrillos (Campo 35)","26","0",\N,\N
"2158","2017-05-13 12:21:57","6C70051F14D14BE8B7C1B2D804FA58F0","2008-01-30 12:47:25",\N,\N,"0","2008-01-30 12:47:25",\N,"CT2440","698","Charay","26","0",\N,\N
"2159","2017-05-13 12:21:57","15EF3F2791F647E3899403CB6E7E59EB","2008-01-30 12:47:25",\N,\N,"0","2008-01-30 12:47:25",\N,"CT2441","668","Chihuahuita","26","0",\N,\N
"2160","2017-05-13 12:21:57","1B4538B5B5164D38877B90266C00A029","2008-01-30 12:47:25",\N,\N,"0","2008-01-30 12:47:25",\N,"CT2442","698","Choix","26","0",\N,\N
"2161","2017-05-13 12:21:57","6CFB7E85F2AA47BA99C73F4CC363052F","2008-01-30 12:47:25",\N,\N,"0","2008-01-30 12:47:25",\N,"CT2443","668","Cohuibampo","26","0",\N,\N
"2162","2017-05-13 12:21:57","278C01764F4F43ADBAD5C59404C38542","2008-01-30 12:47:25",\N,\N,"0","2008-01-30 12:47:25",\N,"CT2444","697","Colonia Agricola Independencia","26","0",\N,\N
"2163","2017-05-13 12:21:57","A36483B145724E83B8F51BB77804EE63","2008-01-30 12:47:25",\N,\N,"0","2008-01-30 12:47:25",\N,"CT2445","697","Colonia Agrícola México (Plamitas)","26","0",\N,\N
"2164","2017-05-13 12:21:57","EC78F68D32B24079BD39001957F93CA0","2008-01-30 12:47:25",\N,\N,"0","2008-01-30 12:47:25",\N,"CT2446","694","Concordia","26","0",\N,\N
"2165","2017-05-13 12:21:57","40EBBF8BF1B04AADA825F4793698F008","2008-01-30 12:47:25",\N,\N,"0","2008-01-30 12:47:25",\N,"CT2447","687","Corerepe (El Gallo)","26","0",\N,\N
"2166","2017-05-13 12:21:57","695017EF7E9A41A5AC171CF148A52E06","2008-01-30 12:47:25",\N,\N,"0","2008-01-30 12:47:25",\N,"CT2448","696","Cosala","26","0",\N,\N
"2167","2017-05-13 12:21:57","B0347AF97BB44C4C9E1FB4FB802BFD83","2008-01-30 12:47:25",\N,\N,"0","2008-01-30 12:47:25",\N,"CT2449","667","Costa Rica","26","0",\N,\N
"2168","2017-05-13 12:21:57","49939AFA8C084A98BF00879E1323925D","2008-01-30 12:47:25",\N,\N,"0","2008-01-30 12:47:25",\N,"CT2450","696","Coyotitán","26","0",\N,\N
"2169","2017-05-13 12:21:57","715320C000FE4D7D9CC3FD586D2454B4","2008-01-30 12:47:25",\N,\N,"0","2008-01-30 12:47:25",\N,"CT2451","687","Cubilete","26","0",\N,\N
"2170","2017-05-13 12:21:57","DE320964C69C4BE59C2F9CB705B709D9","2008-01-30 12:47:25",\N,\N,"0","2008-01-30 12:47:25",\N,"CT2452","687","Cubiri de Portelas","26","0",\N,\N
"2171","2017-05-13 12:21:57","ECA4382AF63E46C093996B7400F1E002","2008-01-30 12:47:25",\N,\N,"0","2008-01-30 12:47:25",\N,"CT2453","667","Culiacán","26","0",\N,\N
"2172","2017-05-13 12:21:57","77AEE415E7FA4853A463FFAD9600BC80","2008-01-30 12:47:25",\N,\N,"0","2008-01-30 12:47:25",\N,"CT2454","667","Culiacancito","26","0",\N,\N
"2173","2017-05-13 12:21:57","4BAD3896B94E4DCDB32F90A405B66E51","2008-01-30 12:47:25",\N,\N,"0","2008-01-30 12:47:25",\N,"CT2455","696","Dimas (Estación Dimas)","26","0",\N,\N
"2174","2017-05-13 12:21:57","E3882B061EC3424091A6025DBAB29CB9","2008-01-30 12:47:25",\N,\N,"0","2008-01-30 12:47:25",\N,"CT2456","667","Ejido El Quemadito","26","0",\N,\N
"2175","2017-05-13 12:21:57","09DE9C428F3F4CA3A229F069BF5D00CE","2008-01-30 12:47:25",\N,\N,"0","2008-01-30 12:47:25",\N,"CT2457","696","El Bolillo","26","0",\N,\N
"2176","2017-05-13 12:21:57","8C42422E9820484DA94C67CA90898472","2008-01-30 12:47:25",\N,\N,"0","2008-01-30 12:47:25",\N,"CT2458","687","El Burrión","26","0",\N,\N
"2177","2017-05-13 12:21:57","0149A1CDC9EA41BE80CC338700C4B16C","2008-01-30 12:47:25",\N,\N,"0","2008-01-30 12:47:25",\N,"CT2459","669","El Castillo (Mpio. Mazatlán)","26","0",\N,\N
"2178","2017-05-13 12:21:57","344FB556D23D41CF9BB17E33BCBFF4CB","2008-01-30 12:47:25",\N,\N,"0","2008-01-30 12:47:25",\N,"CT2460","672","El Castillo (Mpio. Navolato)","26","0",\N,\N
"2179","2017-05-13 12:21:58","F6BD8B7F6D7142C19DD0590759FF1690","2008-01-30 12:47:25",\N,\N,"0","2008-01-30 12:47:25",\N,"CT2461","687","El Cerro Cabezón","26","0",\N,\N
"2180","2017-05-13 12:21:58","395A9F14B3C84694B8F322235FB15E1F","2008-01-30 12:47:25",\N,\N,"0","2008-01-30 12:47:25",\N,"CT2462","667","El Dorado","26","0",\N,\N
"2181","2017-05-13 12:21:58","960F5BF7505F47B0BCAFBE408D322B7E","2008-01-30 12:47:25",\N,\N,"0","2008-01-30 12:47:25",\N,"CT2463","696","El Espinal","26","0",\N,\N
"2182","2017-05-13 12:21:58","DD51B367E5B240538802444C636714A2","2008-01-30 12:47:25",\N,\N,"0","2008-01-30 12:47:25",\N,"CT2464","698","El Fuerte","26","0",\N,\N
"2183","2017-05-13 12:21:58","E8F7872E11814A9F8339AA45C2E6C311","2008-01-30 12:47:25",\N,\N,"0","2008-01-30 12:47:25",\N,"CT2465","687","El Huitussi","26","0",\N,\N
"2184","2017-05-13 12:21:58","6521FF0CCF04477B983F6EF0F1293863","2008-01-30 12:47:25",\N,\N,"0","2008-01-30 12:47:25",\N,"CT2466","687","El Pitahayal","26","0",\N,\N
"2185","2017-05-13 12:21:58","D26F20B42DD1497BA2F82E6867FB896E","2008-01-30 12:47:25",\N,\N,"0","2008-01-30 12:47:25",\N,"CT2467","672","El Potrero de Sataya","26","0",\N,\N
"2186","2017-05-13 12:21:58","33CD8029EBC540898D1F00A69360F8FF","2008-01-30 12:47:25",\N,\N,"0","2008-01-30 12:47:25",\N,"CT2468","694","El Pozole","26","0",\N,\N
"2187","2017-05-13 12:21:58","8F12BEF3ECC5405D80B2111FEDAB4721","2008-01-30 12:47:25",\N,\N,"0","2008-01-30 12:47:25",\N,"CT2469","669","El Quelite","26","0",\N,\N
"2188","2017-05-13 12:21:58","571990835FFF4CB39D4D23BFEF039995","2008-01-30 12:47:25",\N,\N,"0","2008-01-30 12:47:25",\N,"CT2470","669","El Roble","26","0",\N,\N
"2189","2017-05-13 12:21:58","C5D3C631FFFC494EA8FCEB2454DD65BD","2008-01-30 12:47:25",\N,\N,"0","2008-01-30 12:47:25",\N,"CT2471","667","El Salado","26","0",\N,\N
"2190","2017-05-13 12:21:58","9513E9C5D45F4B4AAC68204614464944","2008-01-30 12:47:25",\N,\N,"0","2008-01-30 12:47:25",\N,"CT2472","669","El Venadillo","26","0",\N,\N
"2191","2017-05-13 12:21:58","BB61D42A91054041B8F376B468CC157E","2008-01-30 12:47:25",\N,\N,"0","2008-01-30 12:47:25",\N,"CT2473","694","El Verde","26","0",\N,\N
"2192","2017-05-13 12:21:58","3429B973EC224D9F98C503E3956E92F6","2008-01-30 12:47:25",\N,\N,"0","2008-01-30 12:47:25",\N,"CT2474","695","Escuinapa","26","0",\N,\N
"2193","2017-05-13 12:21:58","A7E5516FF09B46E49C93F39DE3484452","2008-01-30 12:47:25",\N,\N,"0","2008-01-30 12:47:25",\N,"CT2475","687","Estación Bamoa (Campo Wilson)","26","0",\N,\N
"2194","2017-05-13 12:21:58","D6CB1092AE2E4A66BA741173A181C1F4","2008-01-30 12:47:25",\N,\N,"0","2008-01-30 12:47:25",\N,"CT2476","687","Estación Naranjo","26","0",\N,\N
"2195","2017-05-13 12:21:58","FBD5CFC08FE84EF082C6574931F33050","2008-01-30 12:47:25",\N,\N,"0","2008-01-30 12:47:25",\N,"CT2477","687","Gabriel Leyva Solano (Benito Juárez)","26","0",\N,\N
"2196","2017-05-13 12:21:58","D8F673F979B149E6BBB3CFB3AA6003B1","2008-01-30 12:47:25",\N,\N,"0","2008-01-30 12:47:25",\N,"CT2478","687","Genaro Estrada","26","0",\N,\N
"2197","2017-05-13 12:21:58","0E3C34AA66174A1687AF3FD511075609","2008-01-30 12:47:25",\N,\N,"0","2008-01-30 12:47:25",\N,"CT2479","668","General Chávez Talamantes","26","0",\N,\N
"2198","2017-05-13 12:21:58","064AD45925804596819100E97B000095","2008-01-30 12:47:25",\N,\N,"0","2008-01-30 12:47:25",\N,"CT2480","667","Guadalupe Victoria","26","0",\N,\N
"2199","2017-05-13 12:21:58","0ABAC6A5A33A4D388BA324CEF6FA6C00","2008-01-30 12:47:25",\N,\N,"0","2008-01-30 12:47:25",\N,"CT2481","673","Guamuchil","26","0",\N,\N
"2200","2017-05-13 12:21:58","30B68C800D8048939955C000DC733CA4","2008-01-30 12:47:25",\N,\N,"0","2008-01-30 12:47:25",\N,"CT2482","687","Guasave","26","0",\N,\N
"2201","2017-05-13 12:21:58","EAAE60410B6B4879954C01D8E6C34C14","2008-01-30 12:47:25",\N,\N,"0","2008-01-30 12:47:25",\N,"CT2483","668","Gustavo Díaz Ordaz (El Carrizo)","26","0",\N,\N
"2202","2017-05-13 12:21:58","8DF94B58C3604E33A0715DEE3DDF8E68","2008-01-30 12:47:25",\N,\N,"0","2008-01-30 12:47:25",\N,"CT2484","668","Higuera de Zaragoza","26","0",\N,\N
"2203","2017-05-13 12:21:58","4710BE83A5514C16A4DA8DCA2BCB2BA4","2008-01-30 12:47:25",\N,\N,"0","2008-01-30 12:47:25",\N,"CT2485","695","Isla del Bosque","26","0",\N,\N
"2204","2017-05-13 12:21:58","5C0FC63302AD41EE96F8C28E9E21883C","2008-01-30 12:47:25",\N,\N,"0","2008-01-30 12:47:25",\N,"CT2486","697","Juan Aldama (El Tigre)","26","0",\N,\N
"2205","2017-05-13 12:21:58","B0ECC6CA5C3D4B5FAF6DA3C875BD4B39","2008-01-30 12:47:25",\N,\N,"0","2008-01-30 12:47:25",\N,"CT2487","687","Juan José Ríos","26","0",\N,\N
"2206","2017-05-13 12:21:58","80F89C5FF32A4EF39430650700183742","2008-01-30 12:47:25",\N,\N,"0","2008-01-30 12:47:25",\N,"CT2488","687","La Brecha","26","0",\N,\N
"2207","2017-05-13 12:21:58","E0C8BA31669349FF8CC9D483F6F87F48","2008-01-30 12:47:25",\N,\N,"0","2008-01-30 12:47:25",\N,"CT2489","695","La Concha","26","0",\N,\N
"2208","2017-05-13 12:21:58","05CA4C7F897F4951AA6958531D2DA07C","2008-01-30 12:47:25",\N,\N,"0","2008-01-30 12:47:25",\N,"CT2490","696","La Cruz","26","0",\N,\N
"2209","2017-05-13 12:21:58","DB815F4E2492415B958046100073BBE8","2008-01-30 12:47:25",\N,\N,"0","2008-01-30 12:47:25",\N,"CT2491","697","La Reforma","26","0",\N,\N
"2210","2017-05-13 12:21:58","4BA83D908E024211B0E5C6045C2F26D1","2008-01-30 12:47:25",\N,\N,"0","2008-01-30 12:47:25",\N,"CT2492","687","La Trinidad","26","0",\N,\N
"2211","2017-05-13 12:21:59","F305427A14624331BD501B93326183A1","2008-01-30 12:47:25",\N,\N,"0","2008-01-30 12:47:25",\N,"CT2493","668","Las Grullas Margen Izquierdo","26","0",\N,\N
"2212","2017-05-13 12:21:59","C246A92C8FDA49C9BFE3EC02E7C6559E","2008-01-30 12:47:25",\N,\N,"0","2008-01-30 12:47:25",\N,"CT2494","687","León Fonseca Estación Verdura)","26","0",\N,\N
"2213","2017-05-13 12:21:59","8FE28F51E16045C0B11C40D6023289B9","2008-01-30 12:47:25",\N,\N,"0","2008-01-30 12:47:25",\N,"CT2495","667","Limón de los Ramos","26","0",\N,\N
"2214","2017-05-13 12:21:59","B6E636802CB0408FA987DB9E76EA7137","2008-01-30 12:47:25",\N,\N,"0","2008-01-30 12:47:25",\N,"CT2496","668","Los Mochis","26","0",\N,\N
"2215","2017-05-13 12:21:59","D85CF9FA86454A42B63DD3DDA1D48D67","2008-01-30 12:47:25",\N,\N,"0","2008-01-30 12:47:25",\N,"CT2497","669","Mazatlán","26","0",\N,\N
"2216","2017-05-13 12:21:59","0B05BBBAADD846D3A563B3001C458989","2008-01-30 12:47:25",\N,\N,"0","2008-01-30 12:47:25",\N,"CT2498","687","Mezquite Alto","26","0",\N,\N
"2217","2017-05-13 12:21:59","2FED528838CD4D8DB553678E9CFA6205","2008-01-30 12:47:25",\N,\N,"0","2008-01-30 12:47:25",\N,"CT2499","698","Mochicahui Pueblo","26","0",\N,\N
"2218","2017-05-13 12:21:59","574E1C06F5F942209257E04F52098FCE","2008-01-30 12:47:25",\N,\N,"0","2008-01-30 12:47:25",\N,"CT2500","673","Mocorito","26","0",\N,\N
"2219","2017-05-13 12:21:59","F12BA204B67F4BAFA73F168C8FD49EA3","2008-01-30 12:47:25",\N,\N,"0","2008-01-30 12:47:25",\N,"CT2501","672","Navolato","26","0",\N,\N
"2220","2017-05-13 12:21:59","0DD51D1D67924079AAE8BC3433599DFB","2008-01-30 12:47:25",\N,\N,"0","2008-01-30 12:47:25",\N,"CT2502","687","Nio","26","0",\N,\N
"2221","2017-05-13 12:21:59","05BBBCDB57F44143BBE32462678EF175","2008-01-30 12:47:25",\N,\N,"0","2008-01-30 12:47:25",\N,"CT2503","668","Nueve de Diciembre","26","0",\N,\N
"2222","2017-05-13 12:21:59","5798BCDBE89D43C2A30370870037BBFA","2008-01-30 12:47:25",\N,\N,"0","2008-01-30 12:47:25",\N,"CT2504","695","Ojo de Agua de Palmillas","26","0",\N,\N
"2223","2017-05-13 12:21:59","6BE21638A94E4A57AE6C9C1973A50029","2008-01-30 12:47:25",\N,\N,"0","2008-01-30 12:47:25",\N,"CT2505","687","Palos Blancos","26","0",\N,\N
"2224","2017-05-13 12:21:59","C213551A77504CBAB8415F5063096F40","2008-01-30 12:47:25",\N,\N,"0","2008-01-30 12:47:25",\N,"CT2506","697","Pericos","26","0",\N,\N
"2225","2017-05-13 12:21:59","9482AC5E872E4B659893FEAAB5FBAC89","2008-01-30 12:47:25",\N,\N,"0","2008-01-30 12:47:25",\N,"CT2507","668","Poblado Número Cinco","26","0",\N,\N
"2226","2017-05-13 12:21:59","637029C4652E4C00A16B5142810091F3","2008-01-30 12:47:25",\N,\N,"0","2008-01-30 12:47:25",\N,"CT2508","668","Poblado Número Seis (Los Natoches)","26","0",\N,\N
"2227","2017-05-13 12:21:59","5B52CC7F9D92486BB500B8A1A5B1F97C","2008-01-30 12:47:25",\N,\N,"0","2008-01-30 12:47:25",\N,"CT2509","696","Potrerillo del Norote","26","0",\N,\N
"2228","2017-05-13 12:21:59","A20E758637DE4F44B96F5E3677505E7F","2008-01-30 12:47:25",\N,\N,"0","2008-01-30 12:47:25",\N,"CT2510","694","Potrerillos","26","0",\N,\N
"2229","2017-05-13 12:21:59","D853830138F14BD3B8DA4139E5411C31","2008-01-30 12:47:25",\N,\N,"0","2008-01-30 12:47:25",\N,"CT2511","667","Pueblos Unidos","26","0",\N,\N
"2230","2017-05-13 12:21:59","0A26BC0841784A85BB0079611309E3A1","2008-01-30 12:47:25",\N,\N,"0","2008-01-30 12:47:25",\N,"CT2512","667","Quila","26","0",\N,\N
"2231","2017-05-13 12:21:59","05F74919CDBB4FDA89CFCD712940EE38","2008-01-30 12:47:25",\N,\N,"0","2008-01-30 12:47:25",\N,"CT2513","668","Revolución Mexicana","26","0",\N,\N
"2232","2017-05-13 12:21:59","A716418EC9434E38922FA5009622F21C","2008-01-30 12:47:25",\N,\N,"0","2008-01-30 12:47:25",\N,"CT2514","694","Rosario","26","0",\N,\N
"2233","2017-05-13 12:21:59","57131845E91A4D32B847AA9CE13040E0","2008-01-30 12:47:25",\N,\N,"0","2008-01-30 12:47:25",\N,"CT2515","698","San Blas","26","0",\N,\N
"2234","2017-05-13 12:21:59","5125AD9F6717470EA33F4411C9CCA8C3","2008-01-30 12:47:25",\N,\N,"0","2008-01-30 12:47:25",\N,"CT2516","696","San Ignacio","26","0",\N,\N
"2235","2017-05-13 12:21:59","AD721D1E70A040C29B0098C6BCA3352E","2008-01-30 12:47:25",\N,\N,"0","2008-01-30 12:47:25",\N,"CT2517","668","San José de Ahome","26","0",\N,\N
"2236","2017-05-13 12:21:59","BB84C60622334F46A347D9D862B7D2CE","2008-01-30 12:47:25",\N,\N,"0","2008-01-30 12:47:25",\N,"CT2518","668","San Miguel Zapotitlán","26","0",\N,\N
"2237","2017-05-13 12:21:59","1E13155A66494419AF99C68F4B5892DB","2008-01-30 12:47:25",\N,\N,"0","2008-01-30 12:47:25",\N,"CT2519","697","Sánchez Celis (El Gato de Lara)","26","0",\N,\N
"2238","2017-05-13 12:21:59","084B5CF28E0745428434294D21F31C02","2008-01-30 12:47:25",\N,\N,"0","2008-01-30 12:47:25",\N,"CT2520","667","Sánchez Celis","26","0",\N,\N
"2239","2017-05-13 12:21:59","4E1FB4D1C3F440839E745B5FCB520036","2008-01-30 12:47:25",\N,\N,"0","2008-01-30 12:47:25",\N,"CT2521","687","Sinaloa de Leyva","26","0",\N,\N
"2240","2017-05-13 12:21:59","5694E884BB7B4371A17F6BAD4761F05F","2008-01-30 12:47:25",\N,\N,"0","2008-01-30 12:47:25",\N,"CT2522","687","Tamazula","26","0",\N,\N
"2241","2017-05-13 12:21:59","D663C57323434C5A8D159478003F4756","2008-01-30 12:47:25",\N,\N,"0","2008-01-30 12:47:25",\N,"CT2523","695","Teacapan","26","0",\N,\N
"2242","2017-05-13 12:21:59","E6E75F0451F4447399729E7FC83549F8","2008-01-30 12:47:25",\N,\N,"0","2008-01-30 12:47:25",\N,"CT2524","668","Topolobampo","26","0",\N,\N
"2243","2017-05-13 12:21:59","3DD357F1581C452EA1EA703EB275FCC3","2008-01-30 12:47:25",\N,\N,"0","2008-01-30 12:47:25",\N,"CT2525","672","Villa Angel Flores","26","0",\N,\N
"2244","2017-05-13 12:21:59","50C845474765494280F547ADE2C9DE74","2008-01-30 12:47:25",\N,\N,"0","2008-01-30 12:47:25",\N,"CT2526","697","Villa Gustavo Díaz Ordaz (Campo Plata)","26","0",\N,\N
"2245","2017-05-13 12:21:59","625B29FF9D82451F94093BB0FA2C63EB","2008-01-30 12:47:25",\N,\N,"0","2008-01-30 12:47:25",\N,"CT2527","672","Villa Juárez(Campo Gob.)","26","0",\N,\N
"2246","2017-05-13 12:22:00","9E33E4D787E14EA7A54146BEB9504C52","2008-01-30 12:47:25",\N,\N,"0","2008-01-30 12:47:25",\N,"CT2528","669","Villa Unión","26","0",\N,\N
"2247","2017-05-13 12:22:00","CAE87DF78080419589A661127EF83978","2008-01-30 12:47:25",\N,\N,"0","2008-01-30 12:47:25",\N,"CT2529","623","Aconchi","27","0",\N,\N
"2248","2017-05-13 12:22:00","6681460D302B4CCAABB96EDF176B7351","2008-01-30 12:47:25",\N,\N,"0","2008-01-30 12:47:25",\N,"CT2530","643","Agua Blanca","27","0",\N,\N
"2249","2017-05-13 12:22:00","B13340959DE74AC8B7EC521F95DE6DEE","2008-01-30 12:47:25",\N,\N,"0","2008-01-30 12:47:25",\N,"CT2531","633","Agua Prieta","27","0",\N,\N
"2250","2017-05-13 12:22:00","718BAFE2E128453A008D6BF344002E1E","2008-01-30 12:47:25",\N,\N,"0","2008-01-30 12:47:25",\N,"CT2532","647","Alamos","27","0",\N,\N
"2251","2017-05-13 12:22:00","F0C3C22E55764401922C8F560075EF03","2008-01-30 12:47:25",\N,\N,"0","2008-01-30 12:47:25",\N,"CT2533","637","Altar","27","0",\N,\N
"2252","2017-05-13 12:22:00","5D8E2B4EA9AB416D854F3568DA44051C","2008-01-30 12:47:25",\N,\N,"0","2008-01-30 12:47:25",\N,"CT2534","634","Arivechi","27","0",\N,\N
"2253","2017-05-13 12:22:00","64FA9FD994E54272B2DCE375C4316E4E","2008-01-30 12:47:25",\N,\N,"0","2008-01-30 12:47:25",\N,"CT2535","634","Arizpe","27","0",\N,\N
"2254","2017-05-13 12:22:00","62C8E7689E8345BC9329C61091B986D4","2008-01-30 12:47:25",\N,\N,"0","2008-01-30 12:47:25",\N,"CT2536","637","Atil","27","0",\N,\N
"2255","2017-05-13 12:22:00","7FA1824C1D12404BAFBAED2CA800D78F","2008-01-30 12:47:25",\N,\N,"0","2008-01-30 12:47:25",\N,"CT2537","634","Bacadehuachi","27","0",\N,\N
"2256","2017-05-13 12:22:00","1ADAEE539C3D4626999787E38BF0D646","2008-01-30 12:47:25",\N,\N,"0","2008-01-30 12:47:25",\N,"CT2538","623","Rayón","27","0",\N,\N
"2257","2017-05-13 12:22:00","7C0F3A6C695543ECAEA96759FF007457","2008-01-30 12:47:25",\N,\N,"0","2008-01-30 12:47:25",\N,"CT2539","647","Rosario Tesopaco","27","0",\N,\N
"2258","2017-05-13 12:22:00","72231ED01D2A4364B77383537E9B6FAD","2008-01-30 12:47:25",\N,\N,"0","2008-01-30 12:47:25",\N,"CT2540","634","Sahuaripa","27","0",\N,\N
"2259","2017-05-13 12:22:00","CCCBF7FBC7E2409BA4EBA20072485404","2008-01-30 12:47:25",\N,\N,"0","2008-01-30 12:47:25",\N,"CT2541","622","San Carlos Nuevo Guaymas","27","0",\N,\N
"2260","2017-05-13 12:22:00","0959EB3FD8AB4D19B540711E06147826","2008-01-30 12:47:25",\N,\N,"0","2008-01-30 12:47:25",\N,"CT2542","643","San Ignacio Río Muerto (Colonia Militar)","27","0",\N,\N
"2261","2017-05-13 12:22:00","0829305EA3114C9DA50067E0958412F5","2008-01-30 12:47:25",\N,\N,"0","2008-01-30 12:47:25",\N,"CT2543","632","San Ignacio","27","0",\N,\N
"2262","2017-05-13 12:22:00","CDD9DA3E4B0D4702BEAEC214FDE513DB","2008-01-30 12:47:25",\N,\N,"0","2008-01-30 12:47:25",\N,"CT2544","643","San José de Bacum","27","0",\N,\N
"2263","2017-05-13 12:22:00","6775DE67D6374A1EB59B164E8997E6FF","2008-01-30 12:47:25",\N,\N,"0","2008-01-30 12:47:25",\N,"CT2545","653","San Luis Río Colorado","27","0",\N,\N
"2264","2017-05-13 12:22:00","EDE42B7494A04EB896DA0081B72C13D8","2008-01-30 12:47:25",\N,\N,"0","2008-01-30 12:47:25",\N,"CT2546","623","San Pedro de la Cueva","27","0",\N,\N
"2265","2017-05-13 12:22:00","157F0B20EAA047579B073EEA55BDD440","2008-01-30 12:47:25",\N,\N,"0","2008-01-30 12:47:25",\N,"CT2547","662","San Pedro O Saucito (San Pedro El Saucito)","27","0",\N,\N
"2266","2017-05-13 12:22:00","08CBC263823C4A2AB9A2794CAFC80044","2008-01-30 12:47:25",\N,\N,"0","2008-01-30 12:47:25",\N,"CT2548","641","Santa Ana","27","0",\N,\N
"2267","2017-05-13 12:22:00","A5A2EA43671949BD8207441400B5AF6B","2008-01-30 12:47:25",\N,\N,"0","2008-01-30 12:47:25",\N,"CT2549","645","Santa Cruz","27","0",\N,\N
"2268","2017-05-13 12:22:00","FC192B159705452B8018375E1B1432EA","2008-01-30 12:47:25",\N,\N,"0","2008-01-30 12:47:25",\N,"CT2550","637","Saric","27","0",\N,\N
"2269","2017-05-13 12:22:00","0D3F2FC8D0444159B74541721976B100","2008-01-30 12:47:25",\N,\N,"0","2008-01-30 12:47:25",\N,"CT2551","637","Sasabe","27","0",\N,\N
"2270","2017-05-13 12:22:00","E38ECC5BD26D485897EDA6F0F19F489B","2008-01-30 12:47:25",\N,\N,"0","2008-01-30 12:47:25",\N,"CT2552","651","Sonoita","27","0",\N,\N
"2271","2017-05-13 12:22:00","C35389F30A424582BE44E212AA8725BB","2008-01-30 12:47:25",\N,\N,"0","2008-01-30 12:47:25",\N,"CT2553","634","Tepache","27","0",\N,\N
"2272","2017-05-13 12:22:00","0FCABC80BFE74E79004D6500F683EE3F","2008-01-30 12:47:25",\N,\N,"0","2008-01-30 12:47:25",\N,"CT2554","641","Trincheras","27","0",\N,\N
"2273","2017-05-13 12:22:00","7F7CE3164EF0486D800823676805FBF7","2008-01-30 12:47:25",\N,\N,"0","2008-01-30 12:47:25",\N,"CT2555","623","Ures","27","0",\N,\N
"2274","2017-05-13 12:22:00","DA495004D876445FA8642E3D4D81CAFA","2008-01-30 12:47:25",\N,\N,"0","2008-01-30 12:47:25",\N,"CT2556","643","Vicam (Switch)","27","0",\N,\N
"2275","2017-05-13 12:22:00","45DBA3785B5147CCAB0933962D486813","2008-01-30 12:47:25",\N,\N,"0","2008-01-30 12:47:25",\N,"CT2557","634","Villa Hidalgo","27","0",\N,\N
"2276","2017-05-13 12:22:00","1A7F3F883F3D4B018F28E85423F9FB25","2008-01-30 12:47:25",\N,\N,"0","2008-01-30 12:47:25",\N,"CT2558","647","Yávaros (Isla Las Viejas)","27","0",\N,\N
"2277","2017-05-13 12:22:00","800BABC1BDEF466F818B880027D8D4BD","2008-01-30 12:47:25",\N,\N,"0","2008-01-30 12:47:25",\N,"CT2559","623","Yecora","27","0",\N,\N
"2278","2017-05-13 12:22:00","52B66F15435C4E6D8C241E072BF563B2","2008-01-30 12:47:25",\N,\N,"0","2008-01-30 12:47:25",\N,"CT2560","993","Anacleto Canabal 1a. Sección","28","0",\N,\N
"2279","2017-05-13 12:22:00","83C2E0F120674F0F8536815646BE70DD","2008-01-30 12:47:25",\N,\N,"0","2008-01-30 12:47:25",\N,"CT2561","936","Aquiles Serdán (San Fernando)","28","0",\N,\N
"2280","2017-05-13 12:22:00","BC46C0DB5D234A59A0EA7935A180E92D","2008-01-30 12:47:25",\N,\N,"0","2008-01-30 12:47:25",\N,"CT2562","934","Balancán","28","0",\N,\N
"2281","2017-05-13 12:22:00","C52DBDFA84EA4B6CA91078183547E1D2","2008-01-30 12:47:25",\N,\N,"0","2008-01-30 12:47:25",\N,"CT2563","936","Benito Juárez (San Carlos)","28","0",\N,\N
"2282","2017-05-13 12:22:01","9D8DA5AAAA5943589E6B7339C4A711B3","2008-01-30 12:47:25",\N,\N,"0","2008-01-30 12:47:25",\N,"CT2564","993","Boquerón 3a. Sección (Guanal)","28","0",\N,\N
"2283","2017-05-13 12:22:01","9BA052C80EBC42D0BAB0F8A44120F7FC","2008-01-30 12:47:25",\N,\N,"0","2008-01-30 12:47:25",\N,"CT2565","934","Cap. Felipe Castellanos (San Pedro)","28","0",\N,\N
"2284","2017-05-13 12:22:01","DD191BA7CA4A4951A25248C7B17051CB","2008-01-30 12:47:25",\N,\N,"0","2008-01-30 12:47:25",\N,"CT2566","937","Cárdenas","28","0",\N,\N
"2285","2017-05-13 12:22:01","0A5D687DCDC340D7B095AEB2194DC4B2","2008-01-30 12:47:25",\N,\N,"0","2008-01-30 12:47:25",\N,"CT2567","934","Chable","28","0",\N,\N
"2286","2017-05-13 12:22:01","D4D8530389EA478A8069C2E458F8004D","2008-01-30 12:47:25",\N,\N,"0","2008-01-30 12:47:25",\N,"CT2568","933","Comalcalco","28","0",\N,\N
"2287","2017-05-13 12:22:01","ADC38D1361134D3DB7CCCF97D400F511","2008-01-30 12:47:25",\N,\N,"0","2008-01-30 12:47:25",\N,"CT2569","914","Conduacán","28","0",\N,\N
"2288","2017-05-13 12:22:01","9E5B8C4986BE4F4AA73661F30040B040","2008-01-30 12:47:25",\N,\N,"0","2008-01-30 12:47:25",\N,"CT1407","729","Magdalena Chichicaspa","16","0",\N,\N
"2289","2017-05-13 12:22:01","8803B9F5B539440EADEAEF3203CC561C","2008-01-30 12:47:25",\N,\N,"0","2008-01-30 12:47:25",\N,"CT1408","714","Malinalco","16","0",\N,\N
"2290","2017-05-13 12:22:01","4A1FD7BF56614723A9D7442CAAAC66F9","2008-01-30 12:47:25",\N,\N,"0","2008-01-30 12:47:25",\N,"CT1409","55","Melchor Ocampo","16","0",\N,\N
"2291","2017-05-13 12:22:01","906DED69865A47ABA27843987817B0B4","2008-01-30 12:47:25",\N,\N,"0","2008-01-30 12:47:25",\N,"CT1410","722","Metepec","16","0",\N,\N
"2292","2017-05-13 12:22:01","B5616F9574D7422096DCA439E4BE9C00","2008-01-30 12:47:25",\N,\N,"0","2008-01-30 12:47:25",\N,"CT1411","722","Mexicaltzingo","16","0",\N,\N
"2293","2017-05-13 12:22:01","73A11778D22A4E9C956EE86CA6449734","2008-01-30 12:47:25",\N,\N,"0","2008-01-30 12:47:25",\N,"CT1412","588","Monte de Peña","16","0",\N,\N
"2294","2017-05-13 12:22:01","77B685C7CEA74E6D871D6F321F5869DE","2008-01-30 12:47:25",\N,\N,"0","2008-01-30 12:47:25",\N,"CT1413","55","Naucalpan de Juárez (Mp.Huixqui","16","0",\N,\N
"2295","2017-05-13 12:22:01","77EAA5AB52E84D739D6633C2829F811D","2008-01-30 12:47:25",\N,\N,"0","2008-01-30 12:47:25",\N,"CT1414","55","Naucalpan de Juárez (Mp.Naucalp","16","0",\N,\N
"2296","2017-05-13 12:22:01","4CC7657D1252444DAE3BD4E881648EAC","2008-01-30 12:47:25",\N,\N,"0","2008-01-30 12:47:25",\N,"CT1415","597","Nepantla de Sor Juana Inés de la Cruz","16","0",\N,\N
"2297","2017-05-13 12:22:01","CCE6A84EB78A454D82AC2C801D1C78FE","2008-01-30 12:47:25",\N,\N,"0","2008-01-30 12:47:25",\N,"CT1416","591","Nextlalpan","16","0",\N,\N
"2298","2017-05-13 12:22:01","9F06F0246014402D82E00807F841DE07","2008-01-30 12:47:25",\N,\N,"0","2008-01-30 12:47:25",\N,"CT1417","592","Nopaltepec","16","0",\N,\N
"2299","2017-05-13 12:22:01","B5CE0DB24C184083BEF608BF7C4F6927","2008-01-30 12:47:25",\N,\N,"0","2008-01-30 12:47:25",\N,"CT1418","728","Ocoyoacac","16","0",\N,\N
"2300","2017-05-13 12:22:01","BF19B10F113A42AEB133F136E3078D58","2008-01-30 12:47:25",\N,\N,"0","2008-01-30 12:47:25",\N,"CT1419","714","Ocuilán de Arteaga","16","0",\N,\N
"2301","2017-05-13 12:22:01","D16904480985413F9BD731F800000361","2008-01-30 12:47:25",\N,\N,"0","2008-01-30 12:47:25",\N,"CT1420","55","Ojo de Agua","16","0",\N,\N
"2302","2017-05-13 12:22:01","0C5CAFD663584EDBACC7CB006E7D9EDB","2008-01-30 12:47:25",\N,\N,"0","2008-01-30 12:47:25",\N,"CT1421","592","Otumba","16","0",\N,\N
"2303","2017-05-13 12:22:01","3FC6D35E160F48BCBFDE707240000003","2008-01-30 12:47:25",\N,\N,"0","2008-01-30 12:47:25",\N,"CT1422","726","Otzoloapan","16","0",\N,\N
"2304","2017-05-13 12:22:01","4CDCA2038B054E829FB1FA753DA45FF2","2008-01-30 12:47:25",\N,\N,"0","2008-01-30 12:47:25",\N,"CT1423","592","Oxtotipac","16","0",\N,\N
"2305","2017-05-13 12:22:01","7C27A9CA31A14170B0DA001C7B005E1F","2008-01-30 12:47:25",\N,\N,"0","2008-01-30 12:47:25",\N,"CT1424","597","Ozumba","16","0",\N,\N
"2306","2017-05-13 12:22:01","26B4058B4F534C5DA1A8C8B3CF70F0C2","2008-01-30 12:47:25",\N,\N,"0","2008-01-30 12:47:25",\N,"CT1425","55","Ozumbilla(Ejido El Zapote)","16","0",\N,\N
"2307","2017-05-13 12:22:01","F9BB48BF181C4E9F81925ED449569050","2008-01-30 12:47:25",\N,\N,"0","2008-01-30 12:47:25",\N,"CT1426","716","Palmar Chico","16","0",\N,\N
"2308","2017-05-13 12:22:01","C1D67D7E697D4DC083D28C13B700DE1D","2008-01-30 12:47:25",\N,\N,"0","2008-01-30 12:47:25",\N,"CT1427","726","Pipioltepec (Santa María Pipioltepec)","16","0",\N,\N
"2309","2017-05-13 12:22:01","FCBCE03D20F1445A8496F0566BC29634","2008-01-30 12:47:25",\N,\N,"0","2008-01-30 12:47:25",\N,"CT1428","427","Polotitlán","16","0",\N,\N
"2310","2017-05-13 12:22:01","78270FF5EF4F40E09000F9937FE92FE9","2008-01-30 12:47:25",\N,\N,"0","2008-01-30 12:47:25",\N,"CT1429","55","Progreso Industrial","16","0",\N,\N
"2311","2017-05-13 12:22:01","A1721D95E9DB49C59C38789901135BE6","2008-01-30 12:47:25",\N,\N,"0","2008-01-30 12:47:25",\N,"CT2105","953","Acatlán de Osorio","22","0",\N,\N
"2312","2017-05-13 12:22:01","CBE377C4310942E4917600D4D6F3F400","2008-01-30 12:47:25",\N,\N,"0","2008-01-30 12:47:25",\N,"CT2106","249","Acatzingo","22","0",\N,\N
"2313","2017-05-13 12:22:01","7B60D789FCE24BC484F95006AC319E00","2008-01-30 12:47:25",\N,\N,"0","2008-01-30 12:47:25",\N,"CT2107","275","Acaxtlahuacán de Albino Zertuche","22","0",\N,\N
"2314","2017-05-13 12:22:01","53F9534E4F334CFEBEDDA639821E5400","2008-01-30 12:47:25",\N,\N,"0","2008-01-30 12:47:25",\N,"CT2108","776","Ahuazotepec","22","0",\N,\N
"2315","2017-05-13 12:22:02","2759FD037B2E470694DC75F7BBEA1C86","2008-01-30 12:47:25",\N,\N,"0","2008-01-30 12:47:25",\N,"CT2109","236","Ajalpan","22","0",\N,\N
"2316","2017-05-13 12:22:02","E7821E34F8984AE88E91315FD0418C07","2008-01-30 12:47:25",\N,\N,"0","2008-01-30 12:47:25",\N,"CT2110","222","Amozoc","22","0",\N,\N
"2317","2017-05-13 12:22:02","688F489B3BD346DC9C38BFA8E5BF4200","2008-01-30 12:47:25",\N,\N,"0","2008-01-30 12:47:25",\N,"CT2111","243","Atencingo","22","0",\N,\N
"2318","2017-05-13 12:22:02","74558B8D700B4AF0897927E588622B00","2008-01-30 12:47:25",\N,\N,"0","2008-01-30 12:47:25",\N,"CT2112","244","Atlixco","22","0",\N,\N
"2319","2017-05-13 12:22:02","95A1E5FC00324366AAAA69C4F2236100","2008-01-30 12:47:25",\N,\N,"0","2008-01-30 12:47:25",\N,"CT2113","224","Atoyatempan","22","0",\N,\N
"2320","2017-05-13 12:22:02","A556D42770D24BE89FF0B05EBCF0104F","2008-01-30 12:47:25",\N,\N,"0","2008-01-30 12:47:25",\N,"CT2114","245","Atzitzintla","22","0",\N,\N
"2321","2017-05-13 12:22:02","383A1E042948451CBA5724E997F2FCBC","2008-01-30 12:47:25",\N,\N,"0","2008-01-30 12:47:25",\N,"CT2115","233","Ayotoxco de Guerrero","22","0",\N,\N
"2322","2017-05-13 12:22:02","AF62E36F4BCA422CA43B056ED3C02773","2008-01-30 12:47:25",\N,\N,"0","2008-01-30 12:47:25",\N,"CT2116","243","Ayutla (San Felipe Ayutla)","22","0",\N,\N
"2323","2017-05-13 12:22:02","E189CBD246174775A094007F5C0026B4","2008-01-30 12:47:25",\N,\N,"0","2008-01-30 12:47:25",\N,"CT2117","249","Barrio La Soledad","22","0",\N,\N
"2324","2017-05-13 12:22:02","79FFC4A085474F93A800784E07823871","2008-01-30 12:47:25",\N,\N,"0","2008-01-30 12:47:25",\N,"CT2118","236","Calipan","22","0",\N,\N
"2325","2017-05-13 12:22:02","C3C99985C14A464D8F24C2A200AF2CB2","2008-01-30 12:47:25",\N,\N,"0","2008-01-30 12:47:25",\N,"CT2119","243","Calmeca (San Juan Calmeca)","22","0",\N,\N
"2326","2017-05-13 12:22:02","3EEE210F913D4AAEB202DCB5FBC342B2","2008-01-30 12:47:25",\N,\N,"0","2008-01-30 12:47:25",\N,"CT2120","275","Chiautla de Tapia","22","0",\N,\N
"2327","2017-05-13 12:22:02","8D112713C3294D05994F36BBC12796A5","2008-01-30 12:47:25",\N,\N,"0","2008-01-30 12:47:25",\N,"CT2121","797","Chignahuapan","22","0",\N,\N
"2328","2017-05-13 12:22:02","C3E0CA7178D44C509FF882A684C21000","2008-01-30 12:47:25",\N,\N,"0","2008-01-30 12:47:25",\N,"CT2122","231","Chignautla","22","0",\N,\N
"2329","2017-05-13 12:22:02","CEA061150564413E832597007FC1302E","2008-01-30 12:47:25",\N,\N,"0","2008-01-30 12:47:25",\N,"CT2123","275","Chila de la Sal","22","0",\N,\N
"2330","2017-05-13 12:22:02","B393A3C932B64EB3A499DA65CE006428","2008-01-30 12:47:25",\N,\N,"0","2008-01-30 12:47:25",\N,"CT2124","953","Chila de las Flores","22","0",\N,\N
"2331","2017-05-13 12:22:02","03F0E1FD4E2649D7009987E40572B7D7","2008-01-30 12:47:25",\N,\N,"0","2008-01-30 12:47:25",\N,"CT2125","275","Chinantla","22","0",\N,\N
"2332","2017-05-13 12:22:02","30866A07B1224D33A40076AFBD90569B","2008-01-30 12:47:25",\N,\N,"0","2008-01-30 12:47:25",\N,"CT2126","222","Chipilo de Francisco Javier Mina (Chipilo)","22","0",\N,\N
"2333","2017-05-13 12:22:02","70B9FAED05A04977A4F371837BDF57D8","2008-01-30 12:47:25",\N,\N,"0","2008-01-30 12:47:25",\N,"CT2127","222","Cholula de Rivadabia","22","0",\N,\N
"2334","2017-05-13 12:22:02","64CD9452A12D433BAFC563AE7B680056","2008-01-30 12:47:25",\N,\N,"0","2008-01-30 12:47:25",\N,"CT2151","238","José María Pino Suárez","22","0",\N,\N
"2335","2017-05-13 12:22:02","E0E9CA0461C7406AA1622109AF2E7804","2008-01-30 12:47:25",\N,\N,"0","2008-01-30 12:47:25",\N,"CT2152","223","La Magdalena Tetela Morelos (La Magdalena)","22","0",\N,\N
"2336","2017-05-13 12:22:02","7517541C80984CC3BE5021BF78E283BA","2008-01-30 12:47:25",\N,\N,"0","2008-01-30 12:47:25",\N,"CT2153","275","La Noria Hidalgo","22","0",\N,\N
"2337","2017-05-13 12:22:02","07B2A0FD1F0046858EDDE6C614162300","2008-01-30 12:47:25",\N,\N,"0","2008-01-30 12:47:25",\N,"CT2154","244","La Trinidad","22","0",\N,\N
"2338","2017-05-13 12:22:02","FBE289A13BAD4E9595F48386BAE1C4CA","2008-01-30 12:47:25",\N,\N,"0","2008-01-30 12:47:25",\N,"CT2155","244","La Venta (Cacaloxuchitl)","22","0",\N,\N
"2339","2017-05-13 12:22:02","128D1A498286486F8D7519EB56AB6EAC","2008-01-30 12:47:25",\N,\N,"0","2008-01-30 12:47:25",\N,"CT2156","244","La Venta (Rancho La Venta)","22","0",\N,\N
"2340","2017-05-13 12:22:02","6968A92C60C242A7B5D3259F00003E6D","2008-01-30 12:47:25",\N,\N,"0","2008-01-30 12:47:25",\N,"CT2157","243","Lagunillas de Rayón (Alchichica)","22","0",\N,\N
"2341","2017-05-13 12:22:02","5209E549864F41FF867FD063710721BD","2008-01-30 12:47:25",\N,\N,"0","2008-01-30 12:47:25",\N,"CT2158","276","Libres","22","0",\N,\N
"2342","2017-05-13 12:22:02","4C353C8E06064CC18C247B058D7C0000","2008-01-30 12:47:25",\N,\N,"0","2008-01-30 12:47:25",\N,"CT2159","249","Los Reyes de Juárez","22","0",\N,\N
"2343","2017-05-13 12:22:02","501B4D4CDB9F44ABBF1748208E097300","2008-01-30 12:47:25",\N,\N,"0","2008-01-30 12:47:25",\N,"CT2160","222","Martiniano Hernández (San Jose Xilotzingo)","22","0",\N,\N
"2344","2017-05-13 12:22:02","DB1A436F7CC0415EB49100B1B16555DA","2008-01-30 12:47:25",\N,\N,"0","2008-01-30 12:47:25",\N,"CT2161","746","Mecapalapa","22","0",\N,\N
"2345","2017-05-13 12:22:02","BA2C143053CC4C38A495A596008C1C60","2008-01-30 12:47:25",\N,\N,"0","2008-01-30 12:47:25",\N,"CT2162","746","Metlaltoyuca","22","0",\N,\N
"2346","2017-05-13 12:22:02","4559D1DC98DC495A884C7E1BE3C76212","2008-01-30 12:47:25",\N,\N,"0","2008-01-30 12:47:25",\N,"CT2163","224","Molcaxac","22","0",\N,\N
"2347","2017-05-13 12:22:02","A618DEDF9DBD47EE009E8B9C615C7552","2008-01-30 12:47:25",\N,\N,"0","2008-01-30 12:47:25",\N,"CT2164","249","Morelos Cañada","22","0",\N,\N
"2348","2017-05-13 12:22:02","73AFDB6662384C9DA3691EE47207A753","2008-01-30 12:47:25",\N,\N,"0","2008-01-30 12:47:25",\N,"CT2165","764","Necaxa","22","0",\N,\N
"2349","2017-05-13 12:22:02","19232426F99C413493BD2BE4349065CE","2008-01-30 12:47:25",\N,\N,"0","2008-01-30 12:47:25",\N,"CT2166","276","Ocotepec","22","0",\N,\N
"2350","2017-05-13 12:22:03","C8700135CC2545EBA89E8C004EC5FFE0","2008-01-30 12:47:25",\N,\N,"0","2008-01-30 12:47:25",\N,"CT2167","276","Oriental","22","0",\N,\N
"2351","2017-05-13 12:22:03","D2CCFDC277194A02B422CC46CAA78D4B","2008-01-30 12:47:25",\N,\N,"0","2008-01-30 12:47:25",\N,"CT2168","776","Pahuatlán de Valle","22","0",\N,\N
"2352","2017-05-13 12:22:03","06245F447D2B4B6C95FA31E67B5E3EE9","2008-01-30 12:47:25",\N,\N,"0","2008-01-30 12:47:25",\N,"CT2169","249","Palmar de Bravo","22","0",\N,\N
"2353","2017-05-13 12:22:03","089683D6CBAB40658763E68848923C1B","2008-01-30 12:47:25",\N,\N,"0","2008-01-30 12:47:25",\N,"CT2170","249","Palmarito Tochapan","22","0",\N,\N
"2354","2017-05-13 12:22:03","1E5D6965703B47528667E538ACF7DB46","2008-01-30 12:47:25",\N,\N,"0","2008-01-30 12:47:25",\N,"CT2171","953","Petlalcingo","22","0",\N,\N
"2355","2017-05-13 12:22:03","B91CF9DC37EE487FAACACC004C2CD92E","2008-01-30 12:47:25",\N,\N,"0","2008-01-30 12:47:25",\N,"CT2172","275","Progreso","22","0",\N,\N
"2356","2017-05-13 12:22:03","6B79294E5D2841A98D1D2FBA9B326BE0","2008-01-30 12:47:25",\N,\N,"0","2008-01-30 12:47:25",\N,"CT2173","222","Puebla","22","0",\N,\N
"2357","2017-05-13 12:22:03","BA7C6264E86544AF961D4D533C26E29F","2008-01-30 12:47:25",\N,\N,"0","2008-01-30 12:47:25",\N,"CT2218","248","San Salvador El Verde","22","0",\N,\N
"2358","2017-05-13 12:22:03","EAE9ADA5FB8A496CBBBF698FA2EECB57","2008-01-30 12:47:25",\N,\N,"0","2008-01-30 12:47:25",\N,"CT2219","249","San Salvador Huixcolotla","22","0",\N,\N
"2359","2017-05-13 12:22:03","96C1AEE5B2754694AE94F9E274C92221","2008-01-30 12:47:25",\N,\N,"0","2008-01-30 12:47:25",\N,"CT2220","222","San Sebastián Aparicio","22","0",\N,\N
"2360","2017-05-13 12:22:03","70DE178CEA0B4D3E977C12CE65CCF1DD","2008-01-30 12:47:25",\N,\N,"0","2008-01-30 12:47:25",\N,"CT2221","249","San Sebastián Villanueva","22","0",\N,\N
"2361","2017-05-13 12:22:03","85CF6653FA5B47CB910035423C6BE033","2008-01-30 12:47:25",\N,\N,"0","2008-01-30 12:47:25",\N,"CT2222","237","San Simon Yehualtepec","22","0",\N,\N
"2362","2017-05-13 12:22:03","05036D91117847A883307CD7D17D4938","2008-01-30 12:47:25",\N,\N,"0","2008-01-30 12:47:25",\N,"CT2223","953","San Vicente Boquerón","22","0",\N,\N
"2363","2017-05-13 12:22:03","DB4F64FCBDA0426BA6BB4C15EEF6B875","2008-01-30 12:47:25",\N,\N,"0","2008-01-30 12:47:25",\N,"CT2224","222","Santa Clara Ocoyucan","22","0",\N,\N
"2364","2017-05-13 12:22:03","DAA4494E638D43898342DA4161F7B22C","2008-01-30 12:47:25",\N,\N,"0","2008-01-30 12:47:25",\N,"CT2225","224","Santa Inés Ahuatempan","22","0",\N,\N
"2365","2017-05-13 12:22:03","7D94A95096AF4BF2B17635909E7B1E36","2008-01-30 12:47:25",\N,\N,"0","2008-01-30 12:47:25",\N,"CT2226","224","Santa Isabel Tlanepantla","22","0",\N,\N
"2366","2017-05-13 12:22:03","E8DC596B3B16457ABC767E917D8760C0","2008-01-30 12:47:25",\N,\N,"0","2008-01-30 12:47:25",\N,"CT2227","244","Santa Lucía Cosamaloapan","22","0",\N,\N
"2367","2017-05-13 12:22:03","C1AAF47191714790AB5B5D22F8D5BB4F","2008-01-30 12:47:25",\N,\N,"0","2008-01-30 12:47:25",\N,"CT2228","222","Santa María Coronango","22","0",\N,\N
"2368","2017-05-13 12:22:03","48C2E88C34984CC6BC345B6FD7E29CA3","2008-01-30 12:47:25",\N,\N,"0","2008-01-30 12:47:25",\N,"CT2229","248","Santa María Moyotzingo","22","0",\N,\N
"2369","2017-05-13 12:22:03","6728375AFBF8429E8778D22EB2FAD561","2008-01-30 12:47:25",\N,\N,"0","2008-01-30 12:47:25",\N,"CT2230","222","Santa María Xonacatepec","22","0",\N,\N
"2370","2017-05-13 12:22:03","98F186920038486C98CFEE0429793250","2008-01-30 12:47:25",\N,\N,"0","2008-01-30 12:47:25",\N,"CT2231","248","Santa Rita Tlahuapan","22","0",\N,\N
"2371","2017-05-13 12:22:03","7D863C20500E4B4D8200D993A00068AB","2008-01-30 12:47:25",\N,\N,"0","2008-01-30 12:47:25",\N,"CT2232","249","Santiago Alseseca","22","0",\N,\N
"2372","2017-05-13 12:22:03","CB59F84731FC428390CC5CF69C03425B","2008-01-30 12:47:25",\N,\N,"0","2008-01-30 12:47:25",\N,"CT2233","238","Santiago Miahuatlán","22","0",\N,\N
"2373","2017-05-13 12:22:03","71584EB6AFDF4EF590EE00E6C245C6E9","2008-01-30 12:47:25",\N,\N,"0","2008-01-30 12:47:25",\N,"CT2234","249","Santiago Tenango","22","0",\N,\N
"2374","2017-05-13 12:22:03","6980DC5A75774EEBBEEAEF9F859DD577","2008-01-30 12:47:25",\N,\N,"0","2008-01-30 12:47:25",\N,"CT2235","244","Santo Domingo Atoyatempan","22","0",\N,\N
"2375","2017-05-13 12:22:03","C5D61D87A0B54DC8006E43B4232DEDEF","2008-01-30 12:47:25",\N,\N,"0","2008-01-30 12:47:25",\N,"CT2236","243","Santo Domingo Huehuetlán","22","0",\N,\N
"2376","2017-05-13 12:22:03","A36BCD6AB3814C7AB0004333B000C8A9","2008-01-30 12:47:25",\N,\N,"0","2008-01-30 12:47:25",\N,"CT2237","222","Santo Tomás Chautla","22","0",\N,\N
"2377","2017-05-13 12:22:03","FA58F87BD25F4615B0D18799271702C2","2008-01-30 12:47:25",\N,\N,"0","2008-01-30 12:47:25",\N,"CT2238","224","Santo Tomás Hueyotlipan","22","0",\N,\N
"2378","2017-05-13 12:22:03","83C10A6FE1AB42C399BB0013FCEEAF48","2008-01-30 12:47:25",\N,\N,"0","2008-01-30 12:47:25",\N,"CT2239","249","Soltepec","22","0",\N,\N
"2379","2017-05-13 12:22:03","9ADC03DA3CF04D6C00E96750B720123B","2008-01-30 12:47:25",\N,\N,"0","2008-01-30 12:47:25",\N,"CT2264","275","Tulcingo de Valle","22","0",\N,\N
"2380","2017-05-13 12:22:03","85B84E8D4B314AD9A78E037F87839B3E","2008-01-30 12:47:25",\N,\N,"0","2008-01-30 12:47:25",\N,"CT2265","275","Tzicatlán","22","0",\N,\N
"2381","2017-05-13 12:22:03","1CEF941DA6D5467D8108039726593B04","2008-01-30 12:47:25",\N,\N,"0","2008-01-30 12:47:25",\N,"CT2266","746","Venustiano Carranza","22","0",\N,\N
"2382","2017-05-13 12:22:03","1F9E41FFD8CB43A1A963C6F5E02FF43D","2008-01-30 12:47:25",\N,\N,"0","2008-01-30 12:47:25",\N,"CT2267","764","Villa Avila Camacho (La Ceiba)","22","0",\N,\N
"2383","2017-05-13 12:22:04","18A99FDC4A24437EA9E58D00DBF10091","2008-01-30 12:47:25",\N,\N,"0","2008-01-30 12:47:25",\N,"CT2268","746","Villa Lázaro Cárdenas (La Uno)","22","0",\N,\N
"2384","2017-05-13 12:22:04","C9D3E03D0FD34219BCC5485F47FFB1C2","2008-01-30 12:47:25",\N,\N,"0","2008-01-30 12:47:25",\N,"CT2269","276","Villa Rafael Lara Grajales","22","0",\N,\N
"2385","2017-05-13 12:22:04","70F381971F8B46E4968118542497F6B7","2008-01-30 12:47:25",\N,\N,"0","2008-01-30 12:47:25",\N,"CT2270","764","Xicotepec de Juárez","22","0",\N,\N
"2386","2017-05-13 12:22:04","6839688C024C4993B65366E1D96744A8","2008-01-30 12:47:25",\N,\N,"0","2008-01-30 12:47:25",\N,"CT2271","224","Zacapala","22","0",\N,\N
"2387","2017-05-13 12:22:04","57A4FE013B96404ABD5C1EC2FAF40012","2008-01-30 12:47:25",\N,\N,"0","2008-01-30 12:47:25",\N,"CT2272","233","Zacapoaxtla","22","0",\N,\N
"2388","2017-05-13 12:22:04","2058CCA4CCEE4B20BB8CF8C5C9C7C374","2008-01-30 12:47:25",\N,\N,"0","2008-01-30 12:47:25",\N,"CT2273","797","Zacatlán","22","0",\N,\N
"2389","2017-05-13 12:22:04","11171E9CCB1A4C4983007900303E10E2","2008-01-30 12:47:25",\N,\N,"0","2008-01-30 12:47:25",\N,"CT2274","237","Zapotitlán Salinas","22","0",\N,\N
"2390","2017-05-13 12:22:04","B3A4BF5BC723489C9FA40008705265B7","2008-01-30 12:47:25",\N,\N,"0","2008-01-30 12:47:25",\N,"CT2275","233","Zaragoza","22","0",\N,\N
"2391","2017-05-13 12:22:04","63FD50E23158450F8FC5C0D6DE6DE163","2008-01-30 12:47:25",\N,\N,"0","2008-01-30 12:47:25",\N,"CT2276","276","Nopalucan","22","0",\N,\N
"2392","2017-05-13 12:22:04","6F6856B6A0C441CB978E410446C2A2BD","2008-01-30 12:47:25",\N,\N,"0","2008-01-30 12:47:25",\N,"CT2277","984","Akumal","23","0",\N,\N
"2393","2017-05-13 12:22:04","6585316137534E808F1F009B001822A2","2008-01-30 12:47:25",\N,\N,"0","2008-01-30 12:47:25",\N,"CT2278","998","Alfredo V. Bonfil","23","0",\N,\N
"2394","2017-05-13 12:22:04","15BFEFD0D7DC4528B5641E8962B9879B","2008-01-30 12:47:25",\N,\N,"0","2008-01-30 12:47:25",\N,"CT2279","983","Bacalar","23","0",\N,\N
"2395","2017-05-13 12:22:04","ED160596A15F4E9E8845187C988284CD","2008-01-30 12:47:25",\N,\N,"0","2008-01-30 12:47:25",\N,"CT2280","983","Calderitas","23","0",\N,\N
"2396","2017-05-13 12:22:04","0B5C8C3BF9CA4E06956533BC8903E327","2008-01-30 12:47:25",\N,\N,"0","2008-01-30 12:47:25",\N,"CT2281","998","Cancún","23","0",\N,\N
"2397","2017-05-13 12:22:04","5626BAFFB5894B92BC8E002F4700C7E0","2008-01-30 12:47:25",\N,\N,"0","2008-01-30 12:47:25",\N,"CT2282","984","Chemuyil","23","0",\N,\N
"2398","2017-05-13 12:22:04","472736B6B6064171B4FDFF4C1834F486","2008-01-30 12:47:25",\N,\N,"0","2008-01-30 12:47:25",\N,"CT2283","983","Chetumal","23","0",\N,\N
"2399","2017-05-13 12:22:04","069E2D403FC34F41A4ECA13BDB5F3F1C","2008-01-30 12:47:25",\N,\N,"0","2008-01-30 12:47:25",\N,"CT2284","983","Chunhuhub","23","0",\N,\N
"2400","2017-05-13 12:22:04","1779B15931204F8ABE022F085DBFF0A2","2008-01-30 12:47:25",\N,\N,"0","2008-01-30 12:47:25",\N,"CT2285","987","Cozumel","23","0",\N,\N
"2401","2017-05-13 12:22:04","C2E71099CEBB4B2FA8003212452E9EB9","2008-01-30 12:47:25",\N,\N,"0","2008-01-30 12:47:25",\N,"CT2286","997","Dziuche","23","0",\N,\N
"2402","2017-05-13 12:22:04","92C7F1FA4385410B8816785FF45B00B7","2008-01-30 12:47:25",\N,\N,"0","2008-01-30 12:47:25",\N,"CT2287","983","Felipe Carrillo Puerto","23","0",\N,\N
"2403","2017-05-13 12:22:04","12D8B3AB65A5411D9D867EDDA2308154","2008-01-30 12:47:25",\N,\N,"0","2008-01-30 12:47:25",\N,"CT2312","442","Buenavista","24","0",\N,\N
"2404","2017-05-13 12:22:04","093911798B584593AA7120306DAB8B03","2008-01-30 12:47:25",\N,\N,"0","2008-01-30 12:47:25",\N,"CT2313","441","Cadereyta","24","0",\N,\N
"2405","2017-05-13 12:22:04","9367D6F4106B4666009F8751C575DCEC","2008-01-30 12:47:25",\N,\N,"0","2008-01-30 12:47:25",\N,"CT2314","442","Casa Blanca","24","0",\N,\N
"2406","2017-05-13 12:22:04","DF0F3448AC57474AB5C5F1489E87D5E7","2008-01-30 12:47:25",\N,\N,"0","2008-01-30 12:47:25",\N,"CT2315","442","Chichimequillas","24","0",\N,\N
"2407","2017-05-13 12:22:04","01EDFDE6E9D94D0D8906BEE84E59D339","2008-01-30 12:47:25",\N,\N,"0","2008-01-30 12:47:25",\N,"CT2316","419","Colon","24","0",\N,\N
"2408","2017-05-13 12:22:04","47AD8AE9F2A349408930A5CA00D4377C","2008-01-30 12:47:25",\N,\N,"0","2008-01-30 12:47:25",\N,"CT2317","487","Conca","24","0",\N,\N
"2409","2017-05-13 12:22:04","45DBA7FC0BEE4FDCBB7EBE2523943B45","2008-01-30 12:47:25",\N,\N,"0","2008-01-30 12:47:25",\N,"CT2318","427","El Cazadero","24","0",\N,\N
"2410","2017-05-13 12:22:04","7CBBC48B9A654B25918E267D47FCB616","2008-01-30 12:47:25",\N,\N,"0","2008-01-30 12:47:25",\N,"CT2319","441","El Palmar (Santa María del Palmar)","24","0",\N,\N
"2411","2017-05-13 12:22:04","A39A2A02B083486A98FD6E6534FB1261","2008-01-30 12:47:25",\N,\N,"0","2008-01-30 12:47:25",\N,"CT2320","442","El Pueblito","24","0",\N,\N
"2412","2017-05-13 12:22:04","23120A6198D84969844BFD009E868185","2008-01-30 12:47:25",\N,\N,"0","2008-01-30 12:47:25",\N,"CT2321","442","El Salitre","24","0",\N,\N
"2413","2017-05-13 12:22:04","13094CF07ED040468D858D8B8678AF98","2008-01-30 12:47:25",\N,\N,"0","2008-01-30 12:47:25",\N,"CT2322","441","Ezequiel Montes","24","0",\N,\N
"2414","2017-05-13 12:22:04","D51536B1259F42D4977467DB9D7864EA","2008-01-30 12:47:25",\N,\N,"0","2008-01-30 12:47:25",\N,"CT2323","442","Fracc. Industrial Bernardo Quintana","24","0",\N,\N
"2415","2017-05-13 12:22:04","B3C60634C7C34C96B9DF77E5CCB03F2D","2008-01-30 12:47:25",\N,\N,"0","2008-01-30 12:47:25",\N,"CT2324","414","Granjas Residenciales","24","0",\N,\N
"2416","2017-05-13 12:22:04","B92759FBA513452191833769B010F202","2008-01-30 12:47:25",\N,\N,"0","2008-01-30 12:47:25",\N,"CT2325","448","Huimilpan","24","0",\N,\N
"2417","2017-05-13 12:22:04","64B9129739C243D9A029D4619958EA04","2008-01-30 12:47:25",\N,\N,"0","2008-01-30 12:47:25",\N,"CT2326","441","Jalpan de Serra","24","0",\N,\N
"2418","2017-05-13 12:22:05","81FA076FCFDA47F58E95DAC046C500A3","2008-01-30 12:47:25",\N,\N,"0","2008-01-30 12:47:25",\N,"CT2327","442","Jurica (Ex-Hacienda)","24","0",\N,\N
"2419","2017-05-13 12:22:05","F1243DC149D04547B94FEA075515C9C1","2008-01-30 12:47:25",\N,\N,"0","2008-01-30 12:47:25",\N,"CT2328","442","Juriquilla","24","0",\N,\N
"2420","2017-05-13 12:22:05","A0BFDA663A244088BCEB27441843BE41","2008-01-30 12:47:25",\N,\N,"0","2008-01-30 12:47:25",\N,"CT2329","448","La ""d""","24","0",\N,\N
"2421","2017-05-13 12:22:05","EF7466CD80C144F982A3D735D6F1A3F7","2008-01-30 12:47:25",\N,\N,"0","2008-01-30 12:47:25",\N,"CT2330","442","La Cañada","24","0",\N,\N
"2422","2017-05-13 12:22:05","E59E7DCB8FED4685909F3F3D5725BA43","2008-01-30 12:47:25",\N,\N,"0","2008-01-30 12:47:25",\N,"CT2331","427","La Estancia","24","0",\N,\N
"2423","2017-05-13 12:22:05","E8EC4873D13A43C98506A6B319B26826","2008-01-30 12:47:25",\N,\N,"0","2008-01-30 12:47:25",\N,"CT2332","414","La Fuente","24","0",\N,\N
"2424","2017-05-13 12:22:05","331C804EAE0543F4A223CD58FBD9F714","2008-01-30 12:47:25",\N,\N,"0","2008-01-30 12:47:25",\N,"CT2333","427","La Valla","24","0",\N,\N
"2425","2017-05-13 12:22:05","E4F37E76136149D49760AA2C76DD7CCF","2008-01-30 12:47:25",\N,\N,"0","2008-01-30 12:47:25",\N,"CT2334","427","Loma Linda","24","0",\N,\N
"2426","2017-05-13 12:22:05","6E88AACC970949379DD764FC45D8AF6D","2008-01-30 12:47:25",\N,\N,"0","2008-01-30 12:47:25",\N,"CT2335","448","Pedro Escobedo","24","0",\N,\N
"2427","2017-05-13 12:22:05","8130318EB2A34268B4A95BB0457E2FDA","2008-01-30 12:47:25",\N,\N,"0","2008-01-30 12:47:25",\N,"CT2360","482","Colonia El Meco","25","0",\N,\N
"2428","2017-05-13 12:22:05","638C40617A43442BB5410952976800E4","2008-01-30 12:47:25",\N,\N,"0","2008-01-30 12:47:25",\N,"CT2361","444","Corte Primero","25","0",\N,\N
"2429","2017-05-13 12:22:05","9AA94A258F6149B69CE6920077059B6E","2008-01-30 12:47:25",\N,\N,"0","2008-01-30 12:47:25",\N,"CT2362","489","Coxcatlán","25","0",\N,\N
"2430","2017-05-13 12:22:05","298F12016B8D4825BCEC287405831FEE","2008-01-30 12:47:25",\N,\N,"0","2008-01-30 12:47:25",\N,"CT2363","482","Damián Carmona","25","0",\N,\N
"2431","2017-05-13 12:22:05","EEE55CD84FFA4F34B7701987BC2EF74E","2008-01-30 12:47:25",\N,\N,"0","2008-01-30 12:47:25",\N,"CT2364","845","Ebano","25","0",\N,\N
"2432","2017-05-13 12:22:05","AD53C755B13A4D7DAE18978926005D33","2008-01-30 12:47:25",\N,\N,"0","2008-01-30 12:47:25",\N,"CT2365","487","El Capulín","25","0",\N,\N
"2433","2017-05-13 12:22:05","6F789C57844C496E93E7A3C92CB04737","2008-01-30 12:47:25",\N,\N,"0","2008-01-30 12:47:25",\N,"CT2366","487","El Jabalí","25","0",\N,\N
"2434","2017-05-13 12:22:05","CB47F50A85E141FF8581A57F64E5DF56","2008-01-30 12:47:25",\N,\N,"0","2008-01-30 12:47:25",\N,"CT2367","482","El Naranjo","25","0",\N,\N
"2435","2017-05-13 12:22:05","542E570F06CA4B58901829BD03EDEEE2","2008-01-30 12:47:25",\N,\N,"0","2008-01-30 12:47:25",\N,"CT2368","458","El Zacatón","25","0",\N,\N
"2436","2017-05-13 12:22:05","28B44A5E16694A269B2665216617F173","2008-01-30 12:47:25",\N,\N,"0","2008-01-30 12:47:25",\N,"CT2369","488","Estación Catorce","25","0",\N,\N
"2437","2017-05-13 12:22:05","9185EC5D581844C182CEB8DEA3B700AC","2008-01-30 12:47:25",\N,\N,"0","2008-01-30 12:47:25",\N,"CT2370","485","Exhacienda de Jesús María","25","0",\N,\N
"2438","2017-05-13 12:22:05","0D1CD65695074B339F650461DAA7F4CA","2008-01-30 12:47:25",\N,\N,"0","2008-01-30 12:47:25",\N,"CT2371","486","Guadalcázar","25","0",\N,\N
"2439","2017-05-13 12:22:05","401E9C471836407E8FFF5FEA54BCE6B9","2008-01-30 12:47:25",\N,\N,"0","2008-01-30 12:47:25",\N,"CT2372","458","Hernández","25","0",\N,\N
"2440","2017-05-13 12:22:05","2EAED575547740F28FD5C00098053B91","2008-01-30 12:47:25",\N,\N,"0","2008-01-30 12:47:25",\N,"CT2373","482","Huichihuayan","25","0",\N,\N
"2441","2017-05-13 12:22:05","20BF47878D7049589303F92323D782EE","2008-01-30 12:47:25",\N,\N,"0","2008-01-30 12:47:25",\N,"CT2374","488","La Paz","25","0",\N,\N
"2442","2017-05-13 12:22:05","7700EFC20C544856BC76CEA88B006601","2008-01-30 12:47:25",\N,\N,"0","2008-01-30 12:47:25",\N,"CT2375","488","Matehuala","25","0",\N,\N
"2443","2017-05-13 12:22:05","B109C7B0675B435E83672765AE7436C3","2008-01-30 12:47:25",\N,\N,"0","2008-01-30 12:47:25",\N,"CT2376","483","Matlapa","25","0",\N,\N
"2444","2017-05-13 12:22:05","724E49163032489CA59D607EA363C932","2008-01-30 12:47:25",\N,\N,"0","2008-01-30 12:47:25",\N,"CT2377","444","Mexquitic de Carmona","25","0",\N,\N
"2445","2017-05-13 12:22:05","1DACAFE8CE23495E8D60FF16FB25A96B","2008-01-30 12:47:25",\N,\N,"0","2008-01-30 12:47:25",\N,"CT2378","486","Moctezuma","25","0",\N,\N
"2446","2017-05-13 12:22:05","CBEFBFD48BF540EF93BC00FAEA168970","2008-01-30 12:47:25",\N,\N,"0","2008-01-30 12:47:25",\N,"CT2379","485","Ojo Caliente","25","0",\N,\N
"2447","2017-05-13 12:22:05","1E163CF4EF234E739CA40820E3D3B4AA","2008-01-30 12:47:25",\N,\N,"0","2008-01-30 12:47:25",\N,"CT2380","444","Palma de la Cruz","25","0",\N,\N
"2448","2017-05-13 12:22:05","ADEFC5EFAC5C4E7DB1BB00DC8ECB72D9","2008-01-30 12:47:25",\N,\N,"0","2008-01-30 12:47:25",\N,"CT2381","496","Palma Pegada","25","0",\N,\N
"2449","2017-05-13 12:22:05","2A578D8539C0486F818444BD6115F060","2008-01-30 12:47:25",\N,\N,"0","2008-01-30 12:47:25",\N,"CT2382","845","Plan de Iguala","25","0",\N,\N
"2450","2017-05-13 12:22:05","05C9CF60DF364845831CE391DEEC06E2","2008-01-30 12:47:25",\N,\N,"0","2008-01-30 12:47:25",\N,"CT2383","845","Ponciano Arriaga","25","0",\N,\N
"2451","2017-05-13 12:22:05","326E646D55624F9396FABCAD554EB149","2008-01-30 12:47:25",\N,\N,"0","2008-01-30 12:47:25",\N,"CT2408","482","Tancanhuitz","25","0",\N,\N
"2452","2017-05-13 12:22:05","2C5C5F8500264F86B7C94731D90213FF","2008-01-30 12:47:25",\N,\N,"0","2008-01-30 12:47:25",\N,"CT2409","489","Tanlajas","25","0",\N,\N
"2453","2017-05-13 12:22:05","F0AAE99A99BE4EC3B82F7321603EE742","2008-01-30 12:47:25",\N,\N,"0","2008-01-30 12:47:25",\N,"CT2410","489","Tanquián de Escobedo","25","0",\N,\N
"2454","2017-05-13 12:22:06","1B21E7C9FDA64FA2863780504874BE61","2008-01-30 12:47:25",\N,\N,"0","2008-01-30 12:47:25",\N,"CT2411","485","Tierranueva","25","0",\N,\N
"2455","2017-05-13 12:22:06","A5C263D13A49465CA90000013227F39C","2008-01-30 12:47:25",\N,\N,"0","2008-01-30 12:47:25",\N,"CT2412","488","Vanegas","25","0",\N,\N
"2456","2017-05-13 12:22:06","A6750B4896AE4DFF8D77BA713BDE098B","2008-01-30 12:47:25",\N,\N,"0","2008-01-30 12:47:25",\N,"CT2413","486","Venado","25","0",\N,\N
"2457","2017-05-13 12:22:06","6D6FE66180C74F49B04506B564D60666","2008-01-30 12:47:25",\N,\N,"0","2008-01-30 12:47:25",\N,"CT2414","486","Villa de Arista","25","0",\N,\N
"2458","2017-05-13 12:22:06","A7A24292C223487D895155AD25BFDE9F","2008-01-30 12:47:25",\N,\N,"0","2008-01-30 12:47:25",\N,"CT2415","485","Villa de Arriaga","25","0",\N,\N
"2459","2017-05-13 12:22:06","EF4B5C4816254446BABA25441C9F255B","2008-01-30 12:47:25",\N,\N,"0","2008-01-30 12:47:25",\N,"CT2416","458","Villa de Ramos","25","0",\N,\N
"2460","2017-05-13 12:22:06","0F414836A3A54346ABAA0190E728FF77","2008-01-30 12:47:25",\N,\N,"0","2008-01-30 12:47:25",\N,"CT2417","485","Villa de Reyes","25","0",\N,\N
"2461","2017-05-13 12:22:06","3271E73C00DE44EF8FE0789FFB07CB44","2008-01-30 12:47:25",\N,\N,"0","2008-01-30 12:47:25",\N,"CT2418","486","Villa Hidalgo","25","0",\N,\N
"2462","2017-05-13 12:22:06","4A0E6B9CC5DB415E00ECB3F7991FF79B","2008-01-30 12:47:25",\N,\N,"0","2008-01-30 12:47:25",\N,"CT2419","486","Villa Juárez","25","0",\N,\N
"2463","2017-05-13 12:22:06","63D634008DBB4466991E10B915C9991D","2008-01-30 12:47:25",\N,\N,"0","2008-01-30 12:47:25",\N,"CT2420","489","Xilitla","25","0",\N,\N
"2464","2017-05-13 12:22:06","3AA94130FE56497D803518C9C4D9C8BC","2008-01-30 12:47:25",\N,\N,"0","2008-01-30 12:47:25",\N,"CT2421","667","Villa Adolfo López Mateos (El Tamarindo)","26","0",\N,\N
"2465","2017-05-13 12:22:06","56C2FA1303C2465486F168F23BAA5F03","2008-01-30 12:47:25",\N,\N,"0","2008-01-30 12:47:25",\N,"CT2422","698","Adolfo López Mateos (El Jahuara )","26","0",\N,\N
"2466","2017-05-13 12:22:06","8BBA7880D81E4503B005CD19F8D56CEA","2008-01-30 12:47:25",\N,\N,"0","2008-01-30 12:47:25",\N,"CT2423","687","Adolfo Ruiz Cortines","26","0",\N,\N
"2467","2017-05-13 12:22:06","49AEEDF513DF4076995B7EA3D5609811","2008-01-30 12:47:25",\N,\N,"0","2008-01-30 12:47:25",\N,"CT2424","694","Agua Caliente de Garate","26","0",\N,\N
"2468","2017-05-13 12:22:06","248E6D795F1249D49FDD70CDB3DCDE00","2008-01-30 12:47:25",\N,\N,"0","2008-01-30 12:47:25",\N,"CT2425","694","Agua Verde","26","0",\N,\N
"2469","2017-05-13 12:22:06","B0E89CF09AE04A01903D9125C40035D2","2008-01-30 12:47:25",\N,\N,"0","2008-01-30 12:47:25",\N,"CT2426","667","Aguaruto","26","0",\N,\N
"2470","2017-05-13 12:22:06","5DF29FD4F9CC4A3B9460B25D3B00629C","2008-01-30 12:47:25",\N,\N,"0","2008-01-30 12:47:25",\N,"CT2427","668","Ahome","26","0",\N,\N
"2471","2017-05-13 12:22:06","23BA91D8DDB6497CB5C8AC8E48E3AF00","2008-01-30 12:47:25",\N,\N,"0","2008-01-30 12:47:25",\N,"CT2428","668","Alfonso G. Calderón (Poblado 7)","26","0",\N,\N
"2472","2017-05-13 12:22:06","6A4CD04C8FB949A3B6F2E20000311E79","2008-01-30 12:47:25",\N,\N,"0","2008-01-30 12:47:25",\N,"CT2429","687","Alfonso G. Calderón Velarde","26","0",\N,\N
"2473","2017-05-13 12:22:06","94FEE1D094F44E3F917E20FDD8D8687E","2008-01-30 12:47:25",\N,\N,"0","2008-01-30 12:47:25",\N,"CT2430","672","Altata","26","0",\N,\N
"2474","2017-05-13 12:22:06","B1DF579DCCF147C8AAE9507E00200020","2008-01-30 12:47:25",\N,\N,"0","2008-01-30 12:47:25",\N,"CT3024","493","Fresnillo","33","0",\N,\N
"2475","2017-05-13 12:22:06","8606D9FE36A34F02AA1543EBAE9B3189","2008-01-30 12:47:25",\N,\N,"0","2008-01-30 12:47:25",\N,"CT3025","467","García de la Cadena","33","0",\N,\N
"2476","2017-05-13 12:22:06","122594F929DC40BF9D464DF3D850009F","2008-01-30 12:47:25",\N,\N,"0","2008-01-30 12:47:25",\N,"CT3026","478","General Enrique Estrada","33","0",\N,\N
"2477","2017-05-13 12:22:06","02267828ADF3418BAE88911202A82443","2008-01-30 12:47:25",\N,\N,"0","2008-01-30 12:47:25",\N,"CT3027","458","General Genaro Codina","33","0",\N,\N
"2478","2017-05-13 12:22:06","E10FFBCA8CDE4DF8B961C8B5899DD1AD","2008-01-30 12:47:25",\N,\N,"0","2008-01-30 12:47:25",\N,"CT3028","496","González Ortega","33","0",\N,\N
"2479","2017-05-13 12:22:06","1F9CF619BBA148FB999C6E424CE089E9","2008-01-30 12:47:25",\N,\N,"0","2008-01-30 12:47:25",\N,"CT3029","492","Guadalupe","33","0",\N,\N
"2480","2017-05-13 12:22:06","3380B43E5C564D21AAF76698CB005766","2008-01-30 12:47:25",\N,\N,"0","2008-01-30 12:47:25",\N,"CT3030","492","Hacienda Nueva","33","0",\N,\N
"2481","2017-05-13 12:22:06","F49ACB6B5DFD4223912BB724EAFB9608","2008-01-30 12:47:25",\N,\N,"0","2008-01-30 12:47:25",\N,"CT3031","433","Hidalgo (Colonia Hidalgo)","33","0",\N,\N
"2482","2017-05-13 12:22:06","E9F108B6AA7F449489ABA444584DF148","2008-01-30 12:47:25",\N,\N,"0","2008-01-30 12:47:25",\N,"CT3032","463","Huanusco","33","0",\N,\N
"2483","2017-05-13 12:22:06","B2A7A62EE9AB4C8AA06EF36EDC2402AA","2008-01-30 12:47:25",\N,\N,"0","2008-01-30 12:47:25",\N,"CT3033","467","Ignacio Allende (Santa María de la)","33","0",\N,\N
"2484","2017-05-13 12:22:06","614F32698A094679AFDECD5CC2EE645D","2008-01-30 12:47:25",\N,\N,"0","2008-01-30 12:47:25",\N,"CT3034","463","Jalpa","33","0",\N,\N
"2485","2017-05-13 12:22:06","EB6EABE95EB84400837E041B41491253","2008-01-30 12:47:25",\N,\N,"0","2008-01-30 12:47:25",\N,"CT3035","457","Jiménez del Teul","33","0",\N,\N
"2486","2017-05-13 12:22:06","1317C62242374E45AD6589AC68FE54F8","2008-01-30 12:47:25",\N,\N,"0","2008-01-30 12:47:25",\N,"CT3036","457","José María Morelos (San Jose de Gracia)","33","0",\N,\N
"2487","2017-05-13 12:22:06","8AD56EB54A974AA7A89964F69023432D","2008-01-30 12:47:25",\N,\N,"0","2008-01-30 12:47:25",\N,"CT3037","498","Juan Aldama","33","0",\N,\N
"2488","2017-05-13 12:22:07","B3A29B8C38C24644BC9D8FE9E4986F42","2008-01-30 12:47:25",\N,\N,"0","2008-01-30 12:47:25",\N,"CT3038","467","Juchipila","33","0",\N,\N
"2489","2017-05-13 12:22:07","0AEA0300A53140C39E685FE7B81DE42F","2008-01-30 12:47:25",\N,\N,"0","2008-01-30 12:47:25",\N,"CT3039","492","La Luz","33","0",\N,\N
"2490","2017-05-13 12:22:07","1A04D554A3C2421DA939008274E0BC90","2008-01-30 12:47:25",\N,\N,"0","2008-01-30 12:47:25",\N,"CT3040","496","La Victoria","33","0",\N,\N
"2491","2017-05-13 12:22:07","1CDE3C935AB2481E867D464D81C08D47","2008-01-30 12:47:25",\N,\N,"0","2008-01-30 12:47:25",\N,"CT3041","457","Laguna Grande","33","0",\N,\N
"2492","2017-05-13 12:22:07","A3EA154035474F1A911E65DD37E803C3","2008-01-30 12:47:25",\N,\N,"0","2008-01-30 12:47:25",\N,"CT3042","498","Las Esperanzas (El Ranchito)","33","0",\N,\N
"2493","2017-05-13 12:22:07","76886210BAFD4D0EB563EECFCDBFDACF","2008-01-30 12:47:25",\N,\N,"0","2008-01-30 12:47:25",\N,"CT3043","496","Loreto","33","0",\N,\N
"2494","2017-05-13 12:22:07","33868F1E8BAB460881B5C92960995D07","2008-01-30 12:47:25",\N,\N,"0","2008-01-30 12:47:25",\N,"CT3044","458","Luis Moya","33","0",\N,\N
"2495","2017-05-13 12:22:07","12841443992640249810191C3721A4D0","2008-01-30 12:47:25",\N,\N,"0","2008-01-30 12:47:25",\N,"CT3045","499","Malpaso","33","0",\N,\N
"2496","2017-05-13 12:22:07","8E2085E380D8404F8B28130077968BA8","2008-01-30 12:47:25",\N,\N,"0","2008-01-30 12:47:25",\N,"CT3046","842","Mazapil","33","0",\N,\N
"2497","2017-05-13 12:22:07","66706C8BA6D247FB81FE397CF0F04208","2008-01-30 12:47:25",\N,\N,"0","2008-01-30 12:47:25",\N,"CT3047","467","Mezquital del Oro","33","0",\N,\N
"2498","2017-05-13 12:22:07","3E848DDFBBD747FEBDB36B0642B9BB58","2008-01-30 12:47:25",\N,\N,"0","2008-01-30 12:47:25",\N,"CT3048","433","Miguel Auza","33","0",\N,\N
"2499","2017-05-13 12:22:07","1D5079F8C3BA4FC1BE5E50F734206FA9","2008-01-30 12:47:25",\N,\N,"0","2008-01-30 12:47:25",\N,"CT3049","437","Momax","33","0",\N,\N
"2500","2017-05-13 12:22:07","82A7D0BCB93D4E820033D81D088B9FFC","2008-01-30 12:47:25",\N,\N,"0","2008-01-30 12:47:25",\N,"CT3050","457","Monte Escobedo","33","0",\N,\N
"2501","2017-05-13 12:22:07","334A54113B22400E9FC81B23CB00E922","2008-01-30 12:47:25",\N,\N,"0","2008-01-30 12:47:25",\N,"CT3051","493","Monte Mariana","33","0",\N,\N
"2502","2017-05-13 12:22:07","A0F457EA3E5A49FFB29CA7D728709C74","2008-01-30 12:47:25",\N,\N,"0","2008-01-30 12:47:25",\N,"CT3052","492","Morelos","33","0",\N,\N
"2503","2017-05-13 12:22:07","0CEAAA3A32504DC7ACF801083095DCBC","2008-01-30 12:47:25",\N,\N,"0","2008-01-30 12:47:25",\N,"CT3053","467","Moyahua","33","0",\N,\N
"2504","2017-05-13 12:22:07","6FC0DD65B4BD41B1ABAEE7BFA5299E63","2008-01-30 12:47:25",\N,\N,"0","2008-01-30 12:47:25",\N,"CT3054","498","Nieves","33","0",\N,\N
"2505","2017-05-13 12:22:07","067E8BCACD7749678CB8981002B8B625","2008-01-30 12:47:25",\N,\N,"0","2008-01-30 12:47:25",\N,"CT3055","346","Nochistlán","33","0",\N,\N
"2506","2017-05-13 12:22:07","99CE1C48F021416493C1DD95F8AD7744","2008-01-30 12:47:25",\N,\N,"0","2008-01-30 12:47:25",\N,"CT3056","496","Noria de Angeles","33","0",\N,\N
"2507","2017-05-13 12:22:07","163F87BE91154010A9560064542E4B04","2008-01-30 12:47:25",\N,\N,"0","2008-01-30 12:47:25",\N,"CT3057","458","Ojocaliente","33","0",\N,\N
"2508","2017-05-13 12:22:07","BCB7F6593042453382334E5967F4445C","2008-01-30 12:47:25",\N,\N,"0","2008-01-30 12:47:25",\N,"CT3058","458","Pánfilo Natera","33","0",\N,\N
"2509","2017-05-13 12:22:07","C4BA6036800F429FB12829A835001E17","2008-01-30 12:47:25",\N,\N,"0","2008-01-30 12:47:25",\N,"CT3059","458","Pastoria","33","0",\N,\N
"2510","2017-05-13 12:22:07","77A41108FB0F4C2DAB9EF00429F91FF6","2008-01-30 12:47:25",\N,\N,"0","2008-01-30 12:47:25",\N,"CT3060","458","Piedra Gorda","33","0",\N,\N
"2511","2017-05-13 12:22:07","693992D13AC449D0B051AA5FE702128E","2008-01-30 12:47:25",\N,\N,"0","2008-01-30 12:47:25",\N,"CT3061","492","Pimienta","33","0",\N,\N
"2512","2017-05-13 12:22:07","7784EBA2482A49938C27FD07F59460FA","2008-01-30 12:47:25",\N,\N,"0","2008-01-30 12:47:25",\N,"CT3062","496","Pinos","33","0",\N,\N
"2513","2017-05-13 12:22:07","4786CE30C7684645B574D800079006C6","2008-01-30 12:47:25",\N,\N,"0","2008-01-30 12:47:25",\N,"CT3063","493","Plateros","33","0",\N,\N
"2514","2017-05-13 12:22:07","D2FD9C985772423B84B36C64488EFC32","2008-01-30 12:47:25",\N,\N,"0","2008-01-30 12:47:25",\N,"CT2240","224","Tecali de Herrera","22","0",\N,\N
"2515","2017-05-13 12:22:07","DA7B1710ABC94D4E9949B093054CF220","2008-01-30 12:47:25",\N,\N,"0","2008-01-30 12:47:25",\N,"CT2241","249","Tecamachalco","22","0",\N,\N
"2516","2017-05-13 12:22:07","08005C09BEBF4A0B00856868B5FF7128","2008-01-30 12:47:25",\N,\N,"0","2008-01-30 12:47:25",\N,"CT2242","275","Tecomatlán","22","0",\N,\N
"2517","2017-05-13 12:22:07","BBD2EE9D84244C82ABE874DF1831101D","2008-01-30 12:47:25",\N,\N,"0","2008-01-30 12:47:25",\N,"CT2243","238","Tehuacán","22","0",\N,\N
"2518","2017-05-13 12:22:07","9223AF72E41444FBBF2D002CDDF8CE7E","2008-01-30 12:47:25",\N,\N,"0","2008-01-30 12:47:25",\N,"CT2244","275","Tehuitzingo","22","0",\N,\N
"2519","2017-05-13 12:22:08","CFED8205370246BD81F2D1F117D6D961","2008-01-30 12:47:25",\N,\N,"0","2008-01-30 12:47:25",\N,"CT2245","233","Tenampulco","22","0",\N,\N
"2520","2017-05-13 12:22:08","3A1992AD7DB649D1A9FFC3EF2D621C00","2008-01-30 12:47:25",\N,\N,"0","2008-01-30 12:47:25",\N,"CT2246","243","Teopantlán","22","0",\N,\N
"2521","2017-05-13 12:22:08","F46426BA38EE450CAA455134F4995764","2008-01-30 12:47:25",\N,\N,"0","2008-01-30 12:47:25",\N,"CT2247","238","Tepanco de López","22","0",\N,\N
"2522","2017-05-13 12:22:08","51735C729DEB4DD5B92D9823B23CA11E","2008-01-30 12:47:25",\N,\N,"0","2008-01-30 12:47:25",\N,"CT2248","223","Tepatlaxco de Hidalgo","22","0",\N,\N
"2523","2017-05-13 12:22:08","A23B2192CFEB4DCB9F05263EAD23015F","2008-01-30 12:47:25",\N,\N,"0","2008-01-30 12:47:25",\N,"CT2249","223","Tepeaca","22","0",\N,\N
"2524","2017-05-13 12:22:08","2F3021C6F3D24B7D9056253E77B019FA","2008-01-30 12:47:25",\N,\N,"0","2008-01-30 12:47:25",\N,"CT2250","243","Tepexco","22","0",\N,\N
"2525","2017-05-13 12:22:08","49744F921913473EB0F0767995365615","2008-01-30 12:47:25",\N,\N,"0","2008-01-30 12:47:25",\N,"CT2251","224","Tepexi de Rodríguez","22","0",\N,\N
"2526","2017-05-13 12:22:08","433808B4784246CCB7885836477E28B0","2008-01-30 12:47:25",\N,\N,"0","2008-01-30 12:47:25",\N,"CT2252","797","Tetela de Ocampo","22","0",\N,\N
"2527","2017-05-13 12:22:08","A355124F07974C54BE2CE3183808372D","2008-01-30 12:47:25",\N,\N,"0","2008-01-30 12:47:25",\N,"CT2253","231","Teteles","22","0",\N,\N
"2528","2017-05-13 12:22:08","C3ED34E1692F477B9461B3D5C043A324","2008-01-30 12:47:25",\N,\N,"0","2008-01-30 12:47:25",\N,"CT2254","231","Teziutlán","22","0",\N,\N
"2529","2017-05-13 12:22:08","29BFD20F8922401AB186E11FAC25EF98","2008-01-30 12:47:25",\N,\N,"0","2008-01-30 12:47:25",\N,"CT2255","249","Tezuapan","22","0",\N,\N
"2530","2017-05-13 12:22:08","713D44C9E9A241E184103208D7781F41","2008-01-30 12:47:25",\N,\N,"0","2008-01-30 12:47:25",\N,"CT2256","953","Tianguistengo","22","0",\N,\N
"2531","2017-05-13 12:22:08","65C44559DD4F4EE5ABF27FCC92013B58","2008-01-30 12:47:25",\N,\N,"0","2008-01-30 12:47:25",\N,"CT2257","245","Tlachichuca","22","0",\N,\N
"2532","2017-05-13 12:22:08","F19FF8EBE0EA403492EA819850E806E4","2008-01-30 12:47:25",\N,\N,"0","2008-01-30 12:47:25",\N,"CT2258","237","Tlacotepec","22","0",\N,\N
"2533","2017-05-13 12:22:08","39974CBF0E94458D96ECB6AE33887349","2008-01-30 12:47:25",\N,\N,"0","2008-01-30 12:47:25",\N,"CT2259","233","Tlatlauquitepec","22","0",\N,\N
"2534","2017-05-13 12:22:08","F12E0A0E5DB743D3A2B44034ACB07C7F","2008-01-30 12:47:25",\N,\N,"0","2008-01-30 12:47:25",\N,"CT2260","244","Tochimilco","22","0",\N,\N
"2535","2017-05-13 12:22:08","F484733EA3484B8C93402F5B3EAA024C","2008-01-30 12:47:25",\N,\N,"0","2008-01-30 12:47:25",\N,"CT2261","224","Tochtepec","22","0",\N,\N
"2536","2017-05-13 12:22:08","9EDA750777F245F2A3B0B53B8074E6F4","2008-01-30 12:47:25",\N,\N,"0","2008-01-30 12:47:25",\N,"CT2262","222","Tonantzintla","22","0",\N,\N
"2537","2017-05-13 12:22:08","F7A2915985DE4E01ACAAFE3632D7F496","2008-01-30 12:47:25",\N,\N,"0","2008-01-30 12:47:25",\N,"CT2263","244","Tronconal","22","0",\N,\N
"2538","2017-05-13 12:22:08","C839337213E042F68C1F0000E0262900","2008-01-30 12:47:25",\N,\N,"0","2008-01-30 12:47:25",\N,"CT2288","984","Holbox","23","0",\N,\N
"2539","2017-05-13 12:22:08","F8DEC28E158E46B3AE567DC2C7AEFC8D","2008-01-30 12:47:25",\N,\N,"0","2008-01-30 12:47:25",\N,"CT2289","984","Ignacio Zaragoza (Kilometro 80)","23","0",\N,\N
"2540","2017-05-13 12:22:08","B0E24EF1EA124A76812F214E6996B378","2008-01-30 12:47:25",\N,\N,"0","2008-01-30 12:47:25",\N,"CT2290","983","Ingenio Alvaro Obregón","23","0",\N,\N
"2541","2017-05-13 12:22:08","A9AAB08C0A764820B8B0FE085B14AA4D","2008-01-30 12:47:25",\N,\N,"0","2008-01-30 12:47:25",\N,"CT2291","998","Isla Mujeres","23","0",\N,\N
"2542","2017-05-13 12:22:08","417D7C35F3144C02B623D0DDBB922BE2","2008-01-30 12:47:25",\N,\N,"0","2008-01-30 12:47:25",\N,"CT2292","997","José María Morelos","23","0",\N,\N
"2543","2017-05-13 12:22:08","09E2F6DD25DF4ABBAEEF89BF270065DF","2008-01-30 12:47:25",\N,\N,"0","2008-01-30 12:47:25",\N,"CT2293","984","Kantunilkin","23","0",\N,\N
"2544","2017-05-13 12:22:08","4E573CF283DF405D99AB96DE02BCB7D6","2008-01-30 12:47:25",\N,\N,"0","2008-01-30 12:47:25",\N,"CT2294","998","Leona Vicario","23","0",\N,\N
"2545","2017-05-13 12:22:08","2556F951981A4F38A5A7EE8B4E5CEDD3","2008-01-30 12:47:25",\N,\N,"0","2008-01-30 12:47:25",\N,"CT2295","983","Morocoy","23","0",\N,\N
"2546","2017-05-13 12:22:08","136C4050D72549E9848314B149DEA75E","2008-01-30 12:47:25",\N,\N,"0","2008-01-30 12:47:25",\N,"CT2296","983","Nicolás Bravo","23","0",\N,\N
"2547","2017-05-13 12:22:08","9FE26DD56627421BA843EDB771DC09BE","2008-01-30 12:47:25",\N,\N,"0","2008-01-30 12:47:25",\N,"CT2297","984","Nuevo Xcan","23","0",\N,\N
"2548","2017-05-13 12:22:08","C990E46EC8414306800061AE56005B63","2008-01-30 12:47:25",\N,\N,"0","2008-01-30 12:47:25",\N,"CT2298","984","Playa del Carmen","23","0",\N,\N
"2549","2017-05-13 12:22:08","C2F05B99127147A8B267AABD678B9820","2008-01-30 12:47:25",\N,\N,"0","2008-01-30 12:47:25",\N,"CT2299","984","Puerto Aventuras","23","0",\N,\N
"2550","2017-05-13 12:22:08","380990B724B848BAB281C4BE536FE922","2008-01-30 12:47:25",\N,\N,"0","2008-01-30 12:47:25",\N,"CT2300","998","Puerto Morelos","23","0",\N,\N
"2551","2017-05-13 12:22:08","FDA5BB83A7F243B79EBD7EF190272677","2008-01-30 12:47:25",\N,\N,"0","2008-01-30 12:47:25",\N,"CT2301","983","Sergio Butrón Casas","23","0",\N,\N
"2552","2017-05-13 12:22:08","3DCDAC899D6B48F0AF4342D5AAD614D7","2008-01-30 12:47:25",\N,\N,"0","2008-01-30 12:47:25",\N,"CT2302","983","Subteniente López (Santa Elena)","23","0",\N,\N
"2553","2017-05-13 12:22:08","F7DA223845324CB8A26C70349904FB72","2008-01-30 12:47:25",\N,\N,"0","2008-01-30 12:47:25",\N,"CT2303","984","Tulum","23","0",\N,\N
"2554","2017-05-13 12:22:09","5EDC1CE9D55C4B2700D1BEE4D02532F2","2008-01-30 12:47:25",\N,\N,"0","2008-01-30 12:47:25",\N,"CT2304","984","Xcaret","23","0",\N,\N
"2555","2017-05-13 12:22:09","032655E0DC694792006300DED7145BDF","2008-01-30 12:47:25",\N,\N,"0","2008-01-30 12:47:25",\N,"CT2305","984","Xpu-ha","23","0",\N,\N
"2556","2017-05-13 12:22:09","BB76720477004315BDCE959288D911F3","2008-01-30 12:47:25",\N,\N,"0","2008-01-30 12:47:25",\N,"CT2306","984","Tuxpec","23","0",\N,\N
"2557","2017-05-13 12:22:09","601A86852B2E47B589F8E8CA9FE26CC4","2008-01-30 12:47:25",\N,\N,"0","2008-01-30 12:47:25",\N,"CT2307","442","Amazcala","24","0",\N,\N
"2558","2017-05-13 12:22:09","CC458736FF3345438F9006BFB4A677E8","2008-01-30 12:47:25",\N,\N,"0","2008-01-30 12:47:25",\N,"CT2308","448","Amealco","24","0",\N,\N
"2559","2017-05-13 12:22:09","4E05A86328624AA38561C090356CCB76","2008-01-30 12:47:25",\N,\N,"0","2008-01-30 12:47:25",\N,"CT2309","487","Arroyo Seco","24","0",\N,\N
"2560","2017-05-13 12:22:09","9FA3DA9E3B704F008653CB9801623451","2008-01-30 12:47:25",\N,\N,"0","2008-01-30 12:47:25",\N,"CT2310","761","Bella Vista del Río","24","0",\N,\N
"2561","2017-05-13 12:22:09","FE5F4255D49142B9992D94A7A209A326","2008-01-30 12:47:25",\N,\N,"0","2008-01-30 12:47:25",\N,"CT2311","441","Boye","24","0",\N,\N
"2562","2017-05-13 12:22:09","03978B7AC51D408DA109A800A17300E5","2008-01-30 12:47:25",\N,\N,"0","2008-01-30 12:47:25",\N,"CT2336","442","Pie de Gallo","24","0",\N,\N
"2563","2017-05-13 12:22:09","FC3B87EEB1F54CD4893C885650DABDEC","2008-01-30 12:47:25",\N,\N,"0","2008-01-30 12:47:25",\N,"CT2337","441","Pinal de Amoles","24","0",\N,\N
"2564","2017-05-13 12:22:09","46B2064D06E2460C8480CDCBF1E8BBE6","2008-01-30 12:47:25",\N,\N,"0","2008-01-30 12:47:25",\N,"CT2338","427","Puerta de Palmillas","24","0",\N,\N
"2565","2017-05-13 12:22:09","909940D9F07A4E5E9F926DAE6BA88FDB","2008-01-30 12:47:25",\N,\N,"0","2008-01-30 12:47:25",\N,"CT2339","442","Querétaro","24","0",\N,\N
"2566","2017-05-13 12:22:09","EBB23B91260B48FD865B86D9E5A77493","2008-01-30 12:47:25",\N,\N,"0","2008-01-30 12:47:25",\N,"CT2340","487","Refugio","24","0",\N,\N
"2567","2017-05-13 12:22:09","795D7F041E9441FA91252D20F700BF64","2008-01-30 12:47:25",\N,\N,"0","2008-01-30 12:47:25",\N,"CT2341","442","Saldarriaga","24","0",\N,\N
"2568","2017-05-13 12:22:09","7D248A39AFA541A3A34659FA85FFFB52","2008-01-30 12:47:25",\N,\N,"0","2008-01-30 12:47:25",\N,"CT2342","441","San Joaquín","24","0",\N,\N
"2569","2017-05-13 12:22:09","1E66771EB12B4051A201F38E8F3B6F29","2008-01-30 12:47:25",\N,\N,"0","2008-01-30 12:47:25",\N,"CT2343","427","San Juan del Río","24","0",\N,\N
"2570","2017-05-13 12:22:09","C24241C110564B3AA326176F48C34300","2008-01-30 12:47:25",\N,\N,"0","2008-01-30 12:47:25",\N,"CT2344","442","Santa Rosa Jáuregui","24","0",\N,\N
"2571","2017-05-13 12:22:09","97A9DA083A3247D2994E34A0A146A220","2008-01-30 12:47:25",\N,\N,"0","2008-01-30 12:47:25",\N,"CT2345","414","Tequisquiapan","24","0",\N,\N
"2572","2017-05-13 12:22:09","77C4458FFEAB45F58BB6FA984B5723E6","2008-01-30 12:47:25",\N,\N,"0","2008-01-30 12:47:25",\N,"CT2346","442","Tlacote El Bajo","24","0",\N,\N
"2573","2017-05-13 12:22:09","9AF608577C694655A3E9EE3BBC55C487","2008-01-30 12:47:25",\N,\N,"0","2008-01-30 12:47:25",\N,"CT2347","441","Vizarrón de Montes","24","0",\N,\N
"2574","2017-05-13 12:22:09","EA62040152ED40BEB4B9BF49ABC58C83","2008-01-30 12:47:25",\N,\N,"0","2008-01-30 12:47:25",\N,"CT2348","482","Agua Buena","25","0",\N,\N
"2575","2017-05-13 12:22:09","33C2397DE57244BAB71D2D5E4583493B","2008-01-30 12:47:25",\N,\N,"0","2008-01-30 12:47:25",\N,"CT2349","444","Ahualulco","25","0",\N,\N
"2576","2017-05-13 12:22:09","802E2B8A59EF4108B06DE12CCBA220B7","2008-01-30 12:47:25",\N,\N,"0","2008-01-30 12:47:25",\N,"CT2350","482","Aquismón","25","0",\N,\N
"2577","2017-05-13 12:22:09","AFB98A83F441421AA6707D074C815879","2008-01-30 12:47:25",\N,\N,"0","2008-01-30 12:47:25",\N,"CT2351","489","Axtla de Terrazas","25","0",\N,\N
"2578","2017-05-13 12:22:09","BC87A18140794DF286B2F766C397CE43","2008-01-30 12:47:25",\N,\N,"0","2008-01-30 12:47:25",\N,"CT2352","487","Cárdenas","25","0",\N,\N
"2579","2017-05-13 12:22:09","3E5DB2E1A1644BD4B45E7296773E8427","2008-01-30 12:47:25",\N,\N,"0","2008-01-30 12:47:25",\N,"CT2353","488","Cedral","25","0",\N,\N
"2580","2017-05-13 12:22:09","964742A756A14899AE03E02F741B0008","2008-01-30 12:47:25",\N,\N,"0","2008-01-30 12:47:25",\N,"CT2354","444","Cerritos de Villa de Pozos","25","0",\N,\N
"2581","2017-05-13 12:22:09","F9B15BE3CBA248289534F78D38F9D300","2008-01-30 12:47:25",\N,\N,"0","2008-01-30 12:47:25",\N,"CT2355","486","Cerritos","25","0",\N,\N
"2582","2017-05-13 12:22:09","D066209415154B219EE2EE1916D98F12","2008-01-30 12:47:25",\N,\N,"0","2008-01-30 12:47:25",\N,"CT2356","483","Chapulhuacanito","25","0",\N,\N
"2583","2017-05-13 12:22:09","2C17359976F44106B7C83D51DD29EC55","2008-01-30 12:47:25",\N,\N,"0","2008-01-30 12:47:25",\N,"CT2357","486","Charcas","25","0",\N,\N
"2584","2017-05-13 12:22:09","829355B023D74A6785024DEFAF8403D2","2008-01-30 12:47:25",\N,\N,"0","2008-01-30 12:47:25",\N,"CT2358","482","Ciudad del Maíz","25","0",\N,\N
"2585","2017-05-13 12:22:09","377C3707A9B84B4FA496F8154C9F5897","2008-01-30 12:47:25",\N,\N,"0","2008-01-30 12:47:25",\N,"CT2359","481","Ciudad Valles","25","0",\N,\N
"2586","2017-05-13 12:22:09","1A606BFF2FD1461091C493CE92A29CF8","2008-01-30 12:47:25",\N,\N,"0","2008-01-30 12:47:25",\N,"CT2384","845","Pujal Coy","25","0",\N,\N
"2587","2017-05-13 12:22:09","A71B46FAFB904E3EB110BD9209688B57","2008-01-30 12:47:25",\N,\N,"0","2008-01-30 12:47:25",\N,"CT2385","481","Rascón","25","0",\N,\N
"2588","2017-05-13 12:22:09","8DBBF0F4013E462BB8F487963C7C97D1","2008-01-30 12:47:25",\N,\N,"0","2008-01-30 12:47:25",\N,"CT2386","487","Rayón","25","0",\N,\N
"2589","2017-05-13 12:22:09","E2975AB598044A2D983399E77129AB70","2008-01-30 12:47:25",\N,\N,"0","2008-01-30 12:47:25",\N,"CT2387","488","Real de Catorce","25","0",\N,\N
"2590","2017-05-13 12:22:09","CE94BF9A5C89437DB11941E00056B7EF","2008-01-30 12:47:25",\N,\N,"0","2008-01-30 12:47:25",\N,"CT2388","444","Rincón del Porvenir","25","0",\N,\N
"2591","2017-05-13 12:22:10","B934496D30D447E79D3878F0ACA3A58D","2008-01-30 12:47:25",\N,\N,"0","2008-01-30 12:47:25",\N,"CT2389","487","Rioverde","25","0",\N,\N
"2592","2017-05-13 12:22:10","80D8D39F0CFE4911A0C0FB80F6475BB0","2008-01-30 12:47:25",\N,\N,"0","2008-01-30 12:47:25",\N,"CT2390","496","Salinas de Hidalgo","25","0",\N,\N
"2593","2017-05-13 12:22:10","FF555A82FF644584A96821A1B0155DF8","2008-01-30 12:47:25",\N,\N,"0","2008-01-30 12:47:25",\N,"CT2391","458","Salitral de Carrera","25","0",\N,\N
"2594","2017-05-13 12:22:10","1E7F12FC4D9E40EE00007F9FD8F83424","2008-01-30 12:47:25",\N,\N,"0","2008-01-30 12:47:25",\N,"CT2392","487","San Ciro de Acosta","25","0",\N,\N
"2595","2017-05-13 12:22:10","BAF7D98389FB40448293AF8C97EAAE43","2008-01-30 12:47:25",\N,\N,"0","2008-01-30 12:47:25",\N,"CT2393","487","San Diego","25","0",\N,\N
"2596","2017-05-13 12:22:10","4C999B7B4E44438DA379D463F0812BEE","2008-01-30 12:47:25",\N,\N,"0","2008-01-30 12:47:25",\N,"CT2394","444","San Luis Potosí","25","0",\N,\N
"2597","2017-05-13 12:22:10","3665C8BD0AE04AD2833B26687138C6D0","2008-01-30 12:47:25",\N,\N,"0","2008-01-30 12:47:25",\N,"CT2395","444","San Marcos Carmona","25","0",\N,\N
"2598","2017-05-13 12:22:10","478B6EA694FF4164AF287C5624CE3723","2008-01-30 12:47:25",\N,\N,"0","2008-01-30 12:47:25",\N,"CT2396","483","San Martín Chalchicuautla","25","0",\N,\N
"2599","2017-05-13 12:22:10","DCFD6609ADCC4EF0BDD97877DA08A645","2008-01-30 12:47:25",\N,\N,"0","2008-01-30 12:47:25",\N,"CT2397","489","San Vicente Tancuayalab","25","0",\N,\N
"2600","2017-05-13 12:22:10","50FC248A831A41399C7348FB943389B5","2008-01-30 12:47:25",\N,\N,"0","2008-01-30 12:47:25",\N,"CT2398","486","Santa Catarina","25","0",\N,\N
"2601","2017-05-13 12:22:10","3EF8CFBA5C0B4E1E88573DDE0115E281","2008-01-30 12:47:25",\N,\N,"0","2008-01-30 12:47:25",\N,"CT2399","485","Santa María del Río","25","0",\N,\N
"2602","2017-05-13 12:22:10","0B697220D2354FA4B02CD012F9BBFB64","2008-01-30 12:47:25",\N,\N,"0","2008-01-30 12:47:25",\N,"CT2400","444","Soledad de Graciano Sánchez","25","0",\N,\N
"2603","2017-05-13 12:22:10","BEC7E5C2ACB0403188772C22AF23B914","2008-01-30 12:47:25",\N,\N,"0","2008-01-30 12:47:25",\N,"CT2401","444","Suspiro Picacho","25","0",\N,\N
"2604","2017-05-13 12:22:10","8D344547531C40CE896E2060CA0177B1","2008-01-30 12:47:25",\N,\N,"0","2008-01-30 12:47:25",\N,"CT2402","483","Tamán","25","0",\N,\N
"2605","2017-05-13 12:22:10","4D662FDAB3F7496C8492B9C4ADD5EA4B","2008-01-30 12:47:25",\N,\N,"0","2008-01-30 12:47:25",\N,"CT2403","482","Tamasopo","25","0",\N,\N
"2606","2017-05-13 12:22:10","068DF6527F6448949CF2209D83A42D3E","2008-01-30 12:47:25",\N,\N,"0","2008-01-30 12:47:25",\N,"CT2404","483","Tamazunchale","25","0",\N,\N
"2607","2017-05-13 12:22:10","62133C35C1C243E5AB64CFA6B14B5558","2008-01-30 12:47:25",\N,\N,"0","2008-01-30 12:47:25",\N,"CT2405","482","Tambaca","25","0",\N,\N
"2608","2017-05-13 12:22:10","93569B90092C478C9F81283B6C968FDB","2008-01-30 12:47:25",\N,\N,"0","2008-01-30 12:47:25",\N,"CT2406","489","Tampamolón Corona","25","0",\N,\N
"2609","2017-05-13 12:22:10","CA05C2F1E31D45B893A48CEBE9B41172","2008-01-30 12:47:25",\N,\N,"0","2008-01-30 12:47:25",\N,"CT2407","489","Tamuín","25","0",\N,\N
"2610","2017-05-13 12:22:10","8E5C6728D0FF4814A6B744B306ABE7B0","2008-01-30 12:47:25",\N,\N,"0","2008-01-30 12:47:25",\N,"CT2570","937","Coronel Gregorio Mendez Magaña","28","0",\N,\N
"2611","2017-05-13 12:22:10","B37B0A6641F24E33956423578FFA65E1","2008-01-30 12:47:25",\N,\N,"0","2008-01-30 12:47:25",\N,"CT2571","934","El Triunfo","28","0",\N,\N
"2612","2017-05-13 12:22:11","EFA0A05CCC9A482089A59110007E1775","2008-01-30 12:47:25",\N,\N,"0","2008-01-30 12:47:25",\N,"CT2572","934","Emiliano Zapata","28","0",\N,\N
"2613","2017-05-13 12:22:11","1263C1CA9FFC4C65BBF2204373A42C83","2008-01-30 12:47:25",\N,\N,"0","2008-01-30 12:47:25",\N,"CT2573","917","Estación Chontalpa","28","0",\N,\N
"2614","2017-05-13 12:22:11","F5B1FAA8AA60462A9371B04C17A0E9A9","2008-01-30 12:47:25",\N,\N,"0","2008-01-30 12:47:25",\N,"CT2574","923","Francisco Rueda","28","0",\N,\N
"2615","2017-05-13 12:22:11","E62460DE095A44CEA2E04CA9FF976DB8","2008-01-30 12:47:25",\N,\N,"0","2008-01-30 12:47:25",\N,"CT2575","913","Frontera","28","0",\N,\N
"2616","2017-05-13 12:22:11","1B6F686A3A5A449ABB96E0E53603F4B6","2008-01-30 12:47:25",\N,\N,"0","2008-01-30 12:47:25",\N,"CT2576","917","Huimanguillo","28","0",\N,\N
"2617","2017-05-13 12:22:11","4BF20AB4EE9F4615A777AAA306C0DF3C","2008-01-30 12:47:25",\N,\N,"0","2008-01-30 12:47:25",\N,"CT2577","932","Jalapa","28","0",\N,\N
"2618","2017-05-13 12:22:11","07A692438A1C420DBD634BEF92A1EB85","2008-01-30 12:47:25",\N,\N,"0","2008-01-30 12:47:25",\N,"CT2578","914","Jalpa de Méndez","28","0",\N,\N
"2619","2017-05-13 12:22:11","B24D40263886484FA5EDCE3203333FEC","2008-01-30 12:47:25",\N,\N,"0","2008-01-30 12:47:25",\N,"CT2579","913","Jonuta","28","0",\N,\N
"2620","2017-05-13 12:22:11","83B5F3F59EEA416D8F001BE2D6005B52","2008-01-30 12:47:25",\N,\N,"0","2008-01-30 12:47:25",\N,"CT2580","923","La Venta","28","0",\N,\N
"2621","2017-05-13 12:22:11","2D6CF3384B494546B7BCE6CEEA9DC3CD","2008-01-30 12:47:25",\N,\N,"0","2008-01-30 12:47:25",\N,"CT2581","993","Macultepec-Ocuiltzapotlan","28","0",\N,\N
"2622","2017-05-13 12:22:11","866FBAE729C24CEAB13DC541E11291C7","2008-01-30 12:47:25",\N,\N,"0","2008-01-30 12:47:25",\N,"CT2582","936","Macuspana","28","0",\N,\N
"2623","2017-05-13 12:22:11","05FFEFFBC9A2434D97EF0153B218B102","2008-01-30 12:47:25",\N,\N,"0","2008-01-30 12:47:25",\N,"CT2583","914","Nacajuca","28","0",\N,\N
"2624","2017-05-13 12:22:11","E6266AEDD2784B8500E500487D074853","2008-01-30 12:47:25",\N,\N,"0","2008-01-30 12:47:25",\N,"CT2584","914","Once de Febrero 1a. Sección","28","0",\N,\N
"2625","2017-05-13 12:22:11","E0D031F745704DDAA9A108BDA0D0684C","2008-01-30 12:47:25",\N,\N,"0","2008-01-30 12:47:25",\N,"CT2585","933","Paraíso","28","0",\N,\N
"2626","2017-05-13 12:22:11","FA1C34538347470DB802BCD0405F3D69","2008-01-30 12:47:25",\N,\N,"0","2008-01-30 12:47:25",\N,"CT2586","993","Parrilla Primera Sección","28","0",\N,\N
"2627","2017-05-13 12:22:11","737F70EF3BFC4AC98DB86C01531C4E00","2008-01-30 12:47:25",\N,\N,"0","2008-01-30 12:47:25",\N,"CT2587","936","Pemex (Ciudad Pemex)","28","0",\N,\N
"2628","2017-05-13 12:22:11","40F1EC3C80514427B2EDF8BDF39E5ED3","2008-01-30 12:47:25",\N,\N,"0","2008-01-30 12:47:25",\N,"CT2588","993","Playas del Rosario (Subteniente García)","28","0",\N,\N
"2629","2017-05-13 12:22:11","3C6AFD8113DB4340BFB633127E002C00","2008-01-30 12:47:25",\N,\N,"0","2008-01-30 12:47:25",\N,"CT2589","923","Pueblo Sánchez Magallane","28","0",\N,\N
"2630","2017-05-13 12:22:11","8B21A7E2662941F5A4181C37CA03786D","2008-01-30 12:47:25",\N,\N,"0","2008-01-30 12:47:25",\N,"CT2590","932","Tacotalpa","28","0",\N,\N
"2631","2017-05-13 12:22:11","566D1F0A2FE44DA19E2FE279143B9D32","2008-01-30 12:47:25",\N,\N,"0","2008-01-30 12:47:25",\N,"CT2591","993","Tamulte de las Sabanas","28","0",\N,\N
"2632","2017-05-13 12:22:11","7CD25691E732444182AFA6870262CA27","2008-01-30 12:47:25",\N,\N,"0","2008-01-30 12:47:25",\N,"CT2592","932","Teapa","28","0",\N,\N
"2633","2017-05-13 12:22:11","E228AD7FFA454642ADDBC89B7166E4EE","2008-01-30 12:47:25",\N,\N,"0","2008-01-30 12:47:25",\N,"CT2616","833","Ejido Germinal","29","0",\N,\N
"2634","2017-05-13 12:22:11","8FA0AE3BCF6549D3B7F0E649C8A91246","2008-01-30 12:47:25",\N,\N,"0","2008-01-30 12:47:25",\N,"CT2617","831","El Abra","29","0",\N,\N
"2635","2017-05-13 12:22:11","6BDF0F47FC774EADBB85101910A2FCC8","2008-01-30 12:47:25",\N,\N,"0","2008-01-30 12:47:25",\N,"CT2618","835","El Barretal","29","0",\N,\N
"2636","2017-05-13 12:22:11","238598B5464F4FE3B588E13094FFAE00","2008-01-30 12:47:25",\N,\N,"0","2008-01-30 12:47:25",\N,"CT2619","868","El Control","29","0",\N,\N
"2637","2017-05-13 12:22:11","EEA34271481B46C495BF06DD812F19D1","2008-01-30 12:47:25",\N,\N,"0","2008-01-30 12:47:25",\N,"CT2620","831","El Limón","29","0",\N,\N
"2638","2017-05-13 12:22:11","B2E224A15AF34735A8118B00512235EE","2008-01-30 12:47:25",\N,\N,"0","2008-01-30 12:47:25",\N,"CT2621","894","Empalme","29","0",\N,\N
"2639","2017-05-13 12:22:11","C8F13E6648D84CE29BD8E1EC363258CE","2008-01-30 12:47:25",\N,\N,"0","2008-01-30 12:47:25",\N,"CT2622","836","Estación Cuauhtémoc","29","0",\N,\N
"2640","2017-05-13 12:22:11","726F5916289946EBB71CB1F566AAD69C","2008-01-30 12:47:25",\N,\N,"0","2008-01-30 12:47:25",\N,"CT2623","836","Estación Manuel","29","0",\N,\N
"2641","2017-05-13 12:22:11","547CA326B2E5494DB44E9C8B92522416","2008-01-30 12:47:25",\N,\N,"0","2008-01-30 12:47:25",\N,"CT2624","835","Estación Santa Engracia","29","0",\N,\N
"2642","2017-05-13 12:22:11","AB8BD76E8F17403F86769CDCF106EAE5","2008-01-30 12:47:25",\N,\N,"0","2008-01-30 12:47:25",\N,"CT2625","836","Esteros","29","0",\N,\N
"2643","2017-05-13 12:22:11","FC0ACDF9106C4CB9A8036B422047A8DE","2008-01-30 12:47:25",\N,\N,"0","2008-01-30 12:47:25",\N,"CT2626","831","Fortines y Emiliano Zapata (Fortines)","29","0",\N,\N
"2644","2017-05-13 12:22:12","D82865D3920146AEB421DCC42EBB908E","2008-01-30 12:47:25",\N,\N,"0","2008-01-30 12:47:25",\N,"CT2627","841","General Francisco Villa","29","0",\N,\N
"2645","2017-05-13 12:22:12","902693CF056C404F00C9037719504941","2008-01-30 12:47:25",\N,\N,"0","2008-01-30 12:47:25",\N,"CT2628","836","González","29","0",\N,\N
"2646","2017-05-13 12:22:12","BCB3CCE0597744CC9F91F2768CBCC54C","2008-01-30 12:47:25",\N,\N,"0","2008-01-30 12:47:25",\N,"CT2629","836","Graciano Sánchez","29","0",\N,\N
"2647","2017-05-13 12:22:12","1930DF597E9B4B2EB25FB628BE796401","2008-01-30 12:47:25",\N,\N,"0","2008-01-30 12:47:25",\N,"CT2630","835","Gsemez","29","0",\N,\N
"2648","2017-05-13 12:22:12","1361B7D2CAFF427EBBE9C097E560A3EA","2008-01-30 12:47:25",\N,\N,"0","2008-01-30 12:47:25",\N,"CT2631","835","Guadalupe Victoria","29","0",\N,\N
"2649","2017-05-13 12:22:12","06A8D6D59195425CAE96181C005C14B2","2008-01-30 12:47:25",\N,\N,"0","2008-01-30 12:47:25",\N,"CT2632","897","Guardados de Arriba","29","0",\N,\N
"2650","2017-05-13 12:22:12","4B196C0E2993488384E62D31AE1502D5","2008-01-30 12:47:25",\N,\N,"0","2008-01-30 12:47:25",\N,"CT2633","891","Gustavo Díaz Ordaz","29","0",\N,\N
"2651","2017-05-13 12:22:12","9DE3C54FE2A5417392A000A4A1A95299","2008-01-30 12:47:25",\N,\N,"0","2008-01-30 12:47:25",\N,"CT2634","835","Hidalgo","29","0",\N,\N
"2652","2017-05-13 12:22:12","A17400E293CE44F09C6FF2B7777C4645","2008-01-30 12:47:25",\N,\N,"0","2008-01-30 12:47:25",\N,"CT2635","832","Jaumave","29","0",\N,\N
"2653","2017-05-13 12:22:12","B00D6156A1FE4533899E1F9B82D6E955","2008-01-30 12:47:25",\N,\N,"0","2008-01-30 12:47:25",\N,"CT2636","835","La Pesca","29","0",\N,\N
"2654","2017-05-13 12:22:12","B9FC7003EE2F47169344F1203E15FA95","2008-01-30 12:47:25",\N,\N,"0","2008-01-30 12:47:25",\N,"CT2637","899","La Soledad","29","0",\N,\N
"2655","2017-05-13 12:22:12","DB402DA423A74A249955DDD995DAA514","2008-01-30 12:47:25",\N,\N,"0","2008-01-30 12:47:25",\N,"CT2638","832","Llera de Canales","29","0",\N,\N
"2656","2017-05-13 12:22:12","204223EF6A2E4D7ABFF2CF323EB24778","2008-01-30 12:47:25",\N,\N,"0","2008-01-30 12:47:25",\N,"CT2663","833","Tampico","29","0",\N,\N
"2657","2017-05-13 12:22:12","EE58FC77834D439FB3F1596D8BBD81B6","2008-01-30 12:47:25",\N,\N,"0","2008-01-30 12:47:25",\N,"CT2664","832","Tula","29","0",\N,\N
"2658","2017-05-13 12:22:12","48700D3CB746479B82379EB40400DDC8","2008-01-30 12:47:25",\N,\N,"0","2008-01-30 12:47:25",\N,"CT2665","891","Valadeces","29","0",\N,\N
"2659","2017-05-13 12:22:12","CDCB42F526984CAE003DD35B65323190","2008-01-30 12:47:25",\N,\N,"0","2008-01-30 12:47:25",\N,"CT2666","894","Valle Hermoso","29","0",\N,\N
"2660","2017-05-13 12:22:12","8724D8C6D30E49D89964B5F500233C1E","2008-01-30 12:47:25",\N,\N,"0","2008-01-30 12:47:25",\N,"CT2667","836","Villa Aldama","29","0",\N,\N
"2661","2017-05-13 12:22:12","43DCE98ECCD74990B0F4CA4415ABDEED","2008-01-30 12:47:25",\N,\N,"0","2008-01-30 12:47:25",\N,"CT2668","841","Villa de Méndez","29","0",\N,\N
"2662","2017-05-13 12:22:12","C8C6FFD3A1654B9A8C9B9FF1F3CB5EFB","2008-01-30 12:47:25",\N,\N,"0","2008-01-30 12:47:25",\N,"CT2669","835","Villagrán","29","0",\N,\N
"2663","2017-05-13 12:22:12","1FE6165E679F44409BC8DC768C9E54BA","2008-01-30 12:47:25",\N,\N,"0","2008-01-30 12:47:25",\N,"CT2670","832","Xicoténcatl","29","0",\N,\N
"2664","2017-05-13 12:22:12","5A6712692AF24D56A2EDCD6D027D3E26","2008-01-30 12:47:25",\N,\N,"0","2008-01-30 12:47:25",\N,"CT2671","241","Acopinalco del Peñón","30","0",\N,\N
"2665","2017-05-13 12:22:12","EF79BA898084450D86FE0789FFDBA010","2008-01-30 12:47:25",\N,\N,"0","2008-01-30 12:47:25",\N,"CT2672","276","Altzayanca","30","0",\N,\N
"2666","2017-05-13 12:22:12","479BE041913C4B00A69E007DFE94EA26","2008-01-30 12:47:25",\N,\N,"0","2008-01-30 12:47:25",\N,"CT2673","241","Apizaco","30","0",\N,\N
"2667","2017-05-13 12:22:12","4C3579435CDE45058000FE7B7D06E43E","2008-01-30 12:47:25",\N,\N,"0","2008-01-30 12:47:25",\N,"CT2674","748","Benito Juárez","30","0",\N,\N
"2668","2017-05-13 12:22:12","782BAB84267E47F580FFB7BE6D2FA100","2008-01-30 12:47:25",\N,\N,"0","2008-01-30 12:47:25",\N,"CT2675","749","Calpulalpan","30","0",\N,\N
"2669","2017-05-13 12:22:12","4ED4501234A74DCFACFE834DDD32C200","2008-01-30 12:47:25",\N,\N,"0","2008-01-30 12:47:25",\N,"CT2676","246","Chiautempan","30","0",\N,\N
"2670","2017-05-13 12:22:12","12ADC7B3F43E4608B4FAEBDFA0E3BD68","2008-01-30 12:47:25",\N,\N,"0","2008-01-30 12:47:25",\N,"CT2677","241","Españita","30","0",\N,\N
"2671","2017-05-13 12:22:12","6437A47E9DE947B5B51B3B9067BAC126","2008-01-30 12:47:25",\N,\N,"0","2008-01-30 12:47:25",\N,"CT2678","247","Huamantla","30","0",\N,\N
"2672","2017-05-13 12:22:12","ED70B6D9D94B4DA3974835921503CF45","2008-01-30 12:47:25",\N,\N,"0","2008-01-30 12:47:25",\N,"CT2679","241","Hueyotlipan","30","0",\N,\N
"2673","2017-05-13 12:22:12","C8CE5DAD28524BE3A13DA057FB8FCC00","2008-01-30 12:47:25",\N,\N,"0","2008-01-30 12:47:25",\N,"CT2680","222","Mazatecochco","30","0",\N,\N
"2674","2017-05-13 12:22:12","9609D8289D0848130028E16E83FD3704","2008-01-30 12:47:25",\N,\N,"0","2008-01-30 12:47:25",\N,"CT2681","241","Muñoz","30","0",\N,\N
"2675","2017-05-13 12:22:12","EA4661B6E2724DA5A34300B700D21867","2008-01-30 12:47:25",\N,\N,"0","2008-01-30 12:47:25",\N,"CT2682","748","Nanacamilpa","30","0",\N,\N
"2676","2017-05-13 12:22:12","C2BEC5AEDBA14DEBA9357BBE4463D01E","2008-01-30 12:47:25",\N,\N,"0","2008-01-30 12:47:25",\N,"CT2683","246","Panotla","30","0",\N,\N
"2677","2017-05-13 12:22:13","852710A5E8BF4C8AA3FC50A242D2E354","2008-01-30 12:47:25",\N,\N,"0","2008-01-30 12:47:25",\N,"CT2684","222","Papalotla","30","0",\N,\N
"2678","2017-05-13 12:22:13","DF2E5B3ECAC8429200DFAA52FBE0623F","2008-01-30 12:47:25",\N,\N,"0","2008-01-30 12:47:25",\N,"CT2685","248","San Antonio Atotonilco","30","0",\N,\N
"2679","2017-05-13 12:22:13","F3322F2BEA4E48EEBD025EE232A0C697","2008-01-30 12:47:25",\N,\N,"0","2008-01-30 12:47:25",\N,"CT2686","246","San Bartolomé Cuahuixmatlac","30","0",\N,\N
"2680","2017-05-13 12:22:13","3CCF7586F2CB472900AB817B33136B61","2008-01-30 12:47:25",\N,\N,"0","2008-01-30 12:47:25",\N,"CT2710","279","Actopan","31","0",\N,\N
"2681","2017-05-13 12:22:13","5734AB261CBF4DE40000CFA0EA163929","2008-01-30 12:47:25",\N,\N,"0","2008-01-30 12:47:25",\N,"CT2711","288","Acula","31","0",\N,\N
"2682","2017-05-13 12:22:13","DBE328CC95A2466EA65D9BF6F339848F","2008-01-30 12:47:25",\N,\N,"0","2008-01-30 12:47:25",\N,"CT2712","272","Acultzingo","31","0",\N,\N
"2683","2017-05-13 12:22:13","82A4C537A6EA4AED9100CB2CB0B158AB","2008-01-30 12:47:25",\N,\N,"0","2008-01-30 12:47:25",\N,"CT2713","784","Agua Dulce Papantla","31","0",\N,\N
"2684","2017-05-13 12:22:13","9ED48F89C0484F3C830015CCF4DC0371","2008-01-30 12:47:25",\N,\N,"0","2008-01-30 12:47:25",\N,"CT2714","923","Agua Dulce","31","0",\N,\N
"2685","2017-05-13 12:22:13","79ED5252C29A42CCA58EB17F3DD2E0E9","2008-01-30 12:47:25",\N,\N,"0","2008-01-30 12:47:25",\N,"CT2715","924","Aguilera","31","0",\N,\N
"2686","2017-05-13 12:22:13","A685A903A980457590138D406FF07C40","2008-01-30 12:47:25",\N,\N,"0","2008-01-30 12:47:25",\N,"CT2716","765","Alamo Temapache","31","0",\N,\N
"2687","2017-05-13 12:22:13","5D9BCD92A7EE474595E745FC94009856","2008-01-30 12:47:25",\N,\N,"0","2008-01-30 12:47:25",\N,"CT2717","924","Almagres","31","0",\N,\N
"2688","2017-05-13 12:22:13","066A7A11B16D493D81C4BB4E32FE9D86","2008-01-30 12:47:25",\N,\N,"0","2008-01-30 12:47:25",\N,"CT2718","279","Alto Lucero","31","0",\N,\N
"2689","2017-05-13 12:22:13","4986FE6FD5354862BA73C3823B52F06C","2008-01-30 12:47:25",\N,\N,"0","2008-01-30 12:47:25",\N,"CT2719","226","Altotonga","31","0",\N,\N
"2690","2017-05-13 12:22:13","5DF3D4F73DC7408795C2614981A5A08F","2008-01-30 12:47:25",\N,\N,"0","2008-01-30 12:47:25",\N,"CT2720","297","Alvarado","31","0",\N,\N
"2691","2017-05-13 12:22:13","D372C6ED65954093A245905755FBFFA8","2008-01-30 12:47:25",\N,\N,"0","2008-01-30 12:47:25",\N,"CT2721","288","Amartillán","31","0",\N,\N
"2692","2017-05-13 12:22:13","2C6FBE367AA54D65BF95040177421824","2008-01-30 12:47:25",\N,\N,"0","2008-01-30 12:47:25",\N,"CT2722","271","Amatlán","31","0",\N,\N
"2693","2017-05-13 12:22:13","4878C48528B5483A8FBC175D2388DC7F","2008-01-30 12:47:25",\N,\N,"0","2008-01-30 12:47:25",\N,"CT2723","833","Anáhuac","31","0",\N,\N
"2694","2017-05-13 12:22:13","CAB896269EA74761B7F086A5C000A697","2008-01-30 12:47:25",\N,\N,"0","2008-01-30 12:47:25",\N,"CT2724","284","Angel Rosario Cabada","31","0",\N,\N
"2695","2017-05-13 12:22:13","9511424F774340BA8900AF7F7D433750","2008-01-30 12:47:25",\N,\N,"0","2008-01-30 12:47:25",\N,"CT2725","297","Anton Lizardo","31","0",\N,\N
"2696","2017-05-13 12:22:13","C70F403FB01740B7B6A5880249D77229","2008-01-30 12:47:25",\N,\N,"0","2008-01-30 12:47:25",\N,"CT2726","235","Arroyo Hondo","31","0",\N,\N
"2697","2017-05-13 12:22:13","7B8443797520478A99D2538200C5539B","2008-01-30 12:47:25",\N,\N,"0","2008-01-30 12:47:25",\N,"CT2727","228","Banderilla","31","0",\N,\N
"2698","2017-05-13 12:22:13","6C22F9B7936C4D9D9003A38C51EE3228","2008-01-30 12:47:25",\N,\N,"0","2008-01-30 12:47:25",\N,"CT2728","283","Boca del Monte","31","0",\N,\N
"2699","2017-05-13 12:22:13","6DF69644ED6849388C9F76AE79418C07","2008-01-30 12:47:25",\N,\N,"0","2008-01-30 12:47:25",\N,"CT2729","229","Boca del Río","31","0",\N,\N
"2700","2017-05-13 12:22:13","B8D3405664C347B9A3D77B9BE308E681","2008-01-30 12:47:25",\N,\N,"0","2008-01-30 12:47:25",\N,"CT2730","273","Camarón de Tejeda","31","0",\N,\N
"2701","2017-05-13 12:22:13","E36344F49F2F4A5E00B6861B8CBD9628","2008-01-30 12:47:25",\N,\N,"0","2008-01-30 12:47:25",\N,"CT2731","278","Campo Cuichapa (Mpio. Cuichapa)","31","0",\N,\N
"2702","2017-05-13 12:22:13","85ECBB4BE9B34885B0ACDA712CDD5FBD","2008-01-30 12:47:25",\N,\N,"0","2008-01-30 12:47:25",\N,"CT2732","921","Cánticas","31","0",\N,\N
"2703","2017-05-13 12:22:13","5A4345ED54F54C7F8602BB21A789D2D4","2008-01-30 12:47:25",\N,\N,"0","2008-01-30 12:47:25",\N,"CT2733","288","Carlos A. Carrillo (San Cristóbal)","31","0",\N,\N
"2704","2017-05-13 12:22:13","73BCFAD30FC146B5856D7B90515E016D","2008-01-30 12:47:25",\N,\N,"0","2008-01-30 12:47:25",\N,"CT2593","933","Tecolutilla","28","0",\N,\N
"2705","2017-05-13 12:22:13","03655B6F45CE441B97E508B8409654A4","2008-01-30 12:47:25",\N,\N,"0","2008-01-30 12:47:25",\N,"CT2594","934","Tenosique","28","0",\N,\N
"2706","2017-05-13 12:22:13","E1995A1CB52A4E7681B414E8E2842688","2008-01-30 12:47:25",\N,\N,"0","2008-01-30 12:47:25",\N,"CT2595","913","Vicente Guerrero","28","0",\N,\N
"2707","2017-05-13 12:22:13","2EB55515678046708241F2E5F5D1A15C","2008-01-30 12:47:25",\N,\N,"0","2008-01-30 12:47:25",\N,"CT2596","933","Villa Aldama 1a. Sección","28","0",\N,\N
"2708","2017-05-13 12:22:14","FD54A9DE0ADA4FD4AC87A38DDFB438EF","2008-01-30 12:47:25",\N,\N,"0","2008-01-30 12:47:25",\N,"CT2597","923","Villa Benito Juárez (Campo Magallanes)","28","0",\N,\N
"2709","2017-05-13 12:22:14","DF33AC7AC31D400500E6A04136D3A102","2008-01-30 12:47:25",\N,\N,"0","2008-01-30 12:47:25",\N,"CT2598","993","Villahermosa","28","0",\N,\N
"2710","2017-05-13 12:22:14","4ED1C65A3EE242ECA7DE1EC8B152FB02","2008-01-30 12:47:25",\N,\N,"0","2008-01-30 12:47:25",\N,"CT2599","832","Adolfo López Mateos (Chamal Nuevo)","29","0",\N,\N
"2711","2017-05-13 12:22:14","798126B9272145E38DABD4004B694FC2","2008-01-30 12:47:25",\N,\N,"0","2008-01-30 12:47:25",\N,"CT2600","841","Gral. Fco. González Villarreal","29","0",\N,\N
"2712","2017-05-13 12:22:14","63F1B6B975BD45BABD7C00D0D385DBD1","2008-01-30 12:47:25",\N,\N,"0","2008-01-30 12:47:25",\N,"CT2601","835","Abasolo","29","0",\N,\N
"2713","2017-05-13 12:22:14","137B3920595C47859B4DD8201BDC92DA","2008-01-30 12:47:25",\N,\N,"0","2008-01-30 12:47:25",\N,"CT2602","868","Alfredo V. Bonfil","29","0",\N,\N
"2714","2017-05-13 12:22:14","8DDDB2EC5167496887E763B2A8BB232E","2008-01-30 12:47:25",\N,\N,"0","2008-01-30 12:47:25",\N,"CT2603","833","Altamira","29","0",\N,\N
"2715","2017-05-13 12:22:14","FEEFBCC106634303A856BA61DA24CC1C","2008-01-30 12:47:25",\N,\N,"0","2008-01-30 12:47:25",\N,"CT2604","894","Anáhuac","29","0",\N,\N
"2716","2017-05-13 12:22:14","132BBD24480C4CDDAE06F1BCCE48E12E","2008-01-30 12:47:25",\N,\N,"0","2008-01-30 12:47:25",\N,"CT2605","831","Antiguo Morelos","29","0",\N,\N
"2717","2017-05-13 12:22:14","BEBC3E39159F465387CB1D10AB92AFD9","2008-01-30 12:47:25",\N,\N,"0","2008-01-30 12:47:25",\N,"CT2606","897","Arcabuz","29","0",\N,\N
"2718","2017-05-13 12:22:14","937F171057DC43F6852F4ED4A3008D8C","2008-01-30 12:47:25",\N,\N,"0","2008-01-30 12:47:25",\N,"CT2607","841","Burgos","29","0",\N,\N
"2719","2017-05-13 12:22:14","E6B208C6E2D9489CBE569F495286B29B","2008-01-30 12:47:25",\N,\N,"0","2008-01-30 12:47:25",\N,"CT2608","835","Casas","29","0",\N,\N
"2720","2017-05-13 12:22:14","8347049303014E2A89446CB494BFC3BD","2008-01-30 12:47:25",\N,\N,"0","2008-01-30 12:47:25",\N,"CT2609","831","Celaya","29","0",\N,\N
"2721","2017-05-13 12:22:14","BA35AF7960944321BC987D27227CD1AA","2008-01-30 12:47:25",\N,\N,"0","2008-01-30 12:47:25",\N,"CT2610","891","Ciudad Camargo","29","0",\N,\N
"2722","2017-05-13 12:22:14","74E63519DE6742A9BCB2B50958A22D8E","2008-01-30 12:47:25",\N,\N,"0","2008-01-30 12:47:25",\N,"CT2611","833","Ciudad Madero","29","0",\N,\N
"2723","2017-05-13 12:22:14","78A01407BF42496EB76437BA08B96880","2008-01-30 12:47:25",\N,\N,"0","2008-01-30 12:47:25",\N,"CT2612","831","Ciudad Mante","29","0",\N,\N
"2724","2017-05-13 12:22:14","16AE6ECAFAC843FCA43086265B3352B6","2008-01-30 12:47:25",\N,\N,"0","2008-01-30 12:47:25",\N,"CT2613","897","Ciudad Mier","29","0",\N,\N
"2725","2017-05-13 12:22:14","C08567F558504AB3AE76E211B04BC8A4","2008-01-30 12:47:25",\N,\N,"0","2008-01-30 12:47:25",\N,"CT2614","897","Ciudad Miguel Alemán","29","0",\N,\N
"2726","2017-05-13 12:22:14","7DC56D3385774BC896523253D5376183","2008-01-30 12:47:25",\N,\N,"0","2008-01-30 12:47:25",\N,"CT2615","834","Ciudad Victoria","29","0",\N,\N
"2727","2017-05-13 12:22:14","8265354FCA034BBFA2A514E5EED61033","2008-01-30 12:47:25",\N,\N,"0","2008-01-30 12:47:25",\N,"CT2639","832","Loma Alta (Loma Alta de Gómez Farias)","29","0",\N,\N
"2728","2017-05-13 12:22:14","F69AFCE50DFD4254BA095EDDF6C023D5","2008-01-30 12:47:25",\N,\N,"0","2008-01-30 12:47:25",\N,"CT2640","836","Lomas del Real","29","0",\N,\N
"2729","2017-05-13 12:22:14","E82289C15C7E409BA7ABC3A03152E736","2008-01-30 12:47:25",\N,\N,"0","2008-01-30 12:47:25",\N,"CT2641","831","Los Aztecas","29","0",\N,\N
"2730","2017-05-13 12:22:14","6F1DF22DD34F4C3A9F0657C86EFEED56","2008-01-30 12:47:25",\N,\N,"0","2008-01-30 12:47:25",\N,"CT2642","891","Los Comales","29","0",\N,\N
"2731","2017-05-13 12:22:14","2B5D80C9A04F4C30B38E4F003ED03F9F","2008-01-30 12:47:25",\N,\N,"0","2008-01-30 12:47:25",\N,"CT2643","868","Matamoros","29","0",\N,\N
"2732","2017-05-13 12:22:14","17D37827F20F4EE28572FF9CBC6C9BFF","2008-01-30 12:47:25",\N,\N,"0","2008-01-30 12:47:25",\N,"CT2644","832","Miquihuana","29","0",\N,\N
"2733","2017-05-13 12:22:14","3067E62D846E48959FAE7FD6DE2B2F40","2008-01-30 12:47:25",\N,\N,"0","2008-01-30 12:47:25",\N,"CT2645","897","Nueva Ciudad Guerrero","29","0",\N,\N
"2734","2017-05-13 12:22:14","4F82A090EEF841E2A2180495008495D5","2008-01-30 12:47:25",\N,\N,"0","2008-01-30 12:47:25",\N,"CT2646","867","Nuevo Laredo","29","0",\N,\N
"2735","2017-05-13 12:22:14","E0921D47A94C4055B74C19AA5F692701","2008-01-30 12:47:25",\N,\N,"0","2008-01-30 12:47:25",\N,"CT2647","482","Nuevo Morelos","29","0",\N,\N
"2736","2017-05-13 12:22:14","9F5E55F191A4412890A12B57F51DA71E","2008-01-30 12:47:25",\N,\N,"0","2008-01-30 12:47:25",\N,"CT2648","835","Nuevo Padilla","29","0",\N,\N
"2737","2017-05-13 12:22:14","4163750F3C804DA89133FC53DC905B00","2008-01-30 12:47:25",\N,\N,"0","2008-01-30 12:47:25",\N,"CT2649","899","Nuevo Progreso","29","0",\N,\N
"2738","2017-05-13 12:22:14","69AC53DF23644928B36B24E9D7A1D9BC","2008-01-30 12:47:25",\N,\N,"0","2008-01-30 12:47:25",\N,"CT2650","831","Nuevo Tantoán","29","0",\N,\N
"2739","2017-05-13 12:22:14","57954DEA2F6B47A8898F0008B2CC8070","2008-01-30 12:47:25",\N,\N,"0","2008-01-30 12:47:25",\N,"CT2651","832","Ocampo","29","0",\N,\N
"2740","2017-05-13 12:22:14","2DDE5AAB22834D979506A3AD1E33EB83","2008-01-30 12:47:25",\N,\N,"0","2008-01-30 12:47:25",\N,"CT2652","831","Plan de Ayala","29","0",\N,\N
"2741","2017-05-13 12:22:14","069552F9C7CE47B7BCE27202E2AEABA2","2008-01-30 12:47:25",\N,\N,"0","2008-01-30 12:47:25",\N,"CT2653","899","Reynosa","29","0",\N,\N
"2742","2017-05-13 12:22:14","844698A7F92C4A4985E940B8913EB78E","2008-01-30 12:47:25",\N,\N,"0","2008-01-30 12:47:25",\N,"CT2654","899","Río Bravo","29","0",\N,\N
"2743","2017-05-13 12:22:15","3170023D475F4118B318C60006419007","2008-01-30 12:47:25",\N,\N,"0","2008-01-30 12:47:25",\N,"CT2655","836","San Antonio Rayón","29","0",\N,\N
"2744","2017-05-13 12:22:15","44AFF709A59646E6AE28131700092131","2008-01-30 12:47:25",\N,\N,"0","2008-01-30 12:47:25",\N,"CT2656","841","San Fernando","29","0",\N,\N
"2745","2017-05-13 12:22:15","AC2FA515739D49A1A404C0E511B1B143","2008-01-30 12:47:25",\N,\N,"0","2008-01-30 12:47:25",\N,"CT2657","841","San Germán","29","0",\N,\N
"2746","2017-05-13 12:22:15","A4E6E200655D4E4497CB4C18E81DEEE7","2008-01-30 12:47:25",\N,\N,"0","2008-01-30 12:47:25",\N,"CT2658","868","Sandoval","29","0",\N,\N
"2747","2017-05-13 12:22:15","3A000137AC914BE4BC00DD4DB9193551","2008-01-30 12:47:25",\N,\N,"0","2008-01-30 12:47:25",\N,"CT2659","894","Santa Apolonia","29","0",\N,\N
"2748","2017-05-13 12:22:15","810A99F636AA4CEFB8F556C7268D1886","2008-01-30 12:47:25",\N,\N,"0","2008-01-30 12:47:25",\N,"CT2660","891","Santa Rosalía","29","0",\N,\N
"2749","2017-05-13 12:22:15","EE8687B56F9D425EBABF2BA820E335F8","2008-01-30 12:47:25",\N,\N,"0","2008-01-30 12:47:25",\N,"CT2661","835","Santander Jiménez","29","0",\N,\N
"2750","2017-05-13 12:22:15","854F1F7AC808412C9BD5E4662FF552DB","2008-01-30 12:47:25",\N,\N,"0","2008-01-30 12:47:25",\N,"CT2662","835","Soto La Marina","29","0",\N,\N
"2751","2017-05-13 12:22:15","FCDAC349B585438A96AB067896006109","2008-01-30 12:47:25",\N,\N,"0","2008-01-30 12:47:25",\N,"CT2687","241","San Cosme Xalostoc","30","0",\N,\N
"2752","2017-05-13 12:22:15","D50D3A855C7C4DC2A0AA9C68238C7FFA","2008-01-30 12:47:25",\N,\N,"0","2008-01-30 12:47:25",\N,"CT2688","246","San Damián Texoloc","30","0",\N,\N
"2753","2017-05-13 12:22:15","F8427E7FC6AF4FCB8CECAE82CB047F93","2008-01-30 12:47:25",\N,\N,"0","2008-01-30 12:47:25",\N,"CT2689","276","San Lorenzo Cuapiaxtla","30","0",\N,\N
"2754","2017-05-13 12:22:15","6429AE70255441B588004BBB4C8E7D2B","2008-01-30 12:47:25",\N,\N,"0","2008-01-30 12:47:25",\N,"CT2690","246","San Marcos Contla","30","0",\N,\N
"2755","2017-05-13 12:22:15","72D3A1B8EBA44CBCA37DD945F4E2E9B0","2008-01-30 12:47:25",\N,\N,"0","2008-01-30 12:47:25",\N,"CT2691","241","San Martin Xaltocan","30","0",\N,\N
"2756","2017-05-13 12:22:15","31D4EA7852294CF0AF8D7F969B00E803","2008-01-30 12:47:25",\N,\N,"0","2008-01-30 12:47:25",\N,"CT2692","248","San Mateo Tepetitla","30","0",\N,\N
"2757","2017-05-13 12:22:15","EB2C228DFA8D403EBE882EBD324C9099","2008-01-30 12:47:25",\N,\N,"0","2008-01-30 12:47:25",\N,"CT2693","241","San Salvador Tzompantepec","30","0",\N,\N
"2758","2017-05-13 12:22:15","44F351D18B8A4388B14987F26312FA5C","2008-01-30 12:47:25",\N,\N,"0","2008-01-30 12:47:25",\N,"CT2694","241","San Simeon Xipetzinco","30","0",\N,\N
"2759","2017-05-13 12:22:15","2D0635DFEAD24462BC5502EC9E8583A2","2008-01-30 12:47:25",\N,\N,"0","2008-01-30 12:47:25",\N,"CT2695","748","Sanctorum Lázaro Cárdenas","30","0",\N,\N
"2760","2017-05-13 12:22:15","496BBA24E27D470589FB4812844819F9","2008-01-30 12:47:25",\N,\N,"0","2008-01-30 12:47:25",\N,"CT2696","246","Santa Ana Nopalucan","30","0",\N,\N
"2761","2017-05-13 12:22:15","FED02179C1F448FF98BF7BF219AED866","2008-01-30 12:47:25",\N,\N,"0","2008-01-30 12:47:25",\N,"CT2697","246","Santa Maria Nativitas","30","0",\N,\N
"2762","2017-05-13 12:22:15","3339C213FBB64192BE3D76A5799E2F2B","2008-01-30 12:47:25",\N,\N,"0","2008-01-30 12:47:25",\N,"CT2698","276","Tequexquitla","30","0",\N,\N
"2763","2017-05-13 12:22:15","8CA0DB7DF9264113A1BA9CEDDFA19B88","2008-01-30 12:47:25",\N,\N,"0","2008-01-30 12:47:25",\N,"CT2699","241","Tetla","30","0",\N,\N
"2764","2017-05-13 12:22:15","606820C61FE84B3CA4254E9E355B0096","2008-01-30 12:47:25",\N,\N,"0","2008-01-30 12:47:25",\N,"CT2700","246","Tlaxcala","30","0",\N,\N
"2765","2017-05-13 12:22:15","4430C04BAE3C42EA93F07C0357675307","2008-01-30 12:47:25",\N,\N,"0","2008-01-30 12:47:25",\N,"CT2701","241","Tlaxco","30","0",\N,\N
"2766","2017-05-13 12:22:15","DD92653F10CF4F80B1F8BEADFE2D3293","2008-01-30 12:47:25",\N,\N,"0","2008-01-30 12:47:25",\N,"CT2702","248","Villa Mariano Matamoros","30","0",\N,\N
"2767","2017-05-13 12:22:15","869ABDC4C0D24901B3B791EC4EA883D0","2008-01-30 12:47:25",\N,\N,"0","2008-01-30 12:47:25",\N,"CT2703","222","Villa Vicente Guerrero","30","0",\N,\N
"2768","2017-05-13 12:22:15","76A6F66858BD4BD5B3C8EB6DBE31025C","2008-01-30 12:47:25",\N,\N,"0","2008-01-30 12:47:25",\N,"CT2704","246","Zacatelco","30","0",\N,\N
"2769","2017-05-13 12:22:15","36BBF07187B24824B2718404D40093C7","2008-01-30 12:47:25",\N,\N,"0","2008-01-30 12:47:25",\N,"CT2705","223","Zitlaltepec","30","0",\N,\N
"2770","2017-05-13 12:22:15","22EE7AE4F369446985E2B6BADCB2304C","2008-01-30 12:47:25",\N,\N,"0","2008-01-30 12:47:25",\N,"CT2706","283","Abasolo del Valle","31","0",\N,\N
"2771","2017-05-13 12:22:15","F1192630B5084F7AA6E752B6EEFE8ED7","2008-01-30 12:47:25",\N,\N,"0","2008-01-30 12:47:25",\N,"CT2707","279","Acatlán","31","0",\N,\N
"2772","2017-05-13 12:22:15","847E6B1111BD476F9249D394CEDEBE7F","2008-01-30 12:47:25",\N,\N,"0","2008-01-30 12:47:25",\N,"CT2708","924","Acayucan","31","0",\N,\N
"2773","2017-05-13 12:22:15","1A7F9118D34C40D0BD7934FA4D3974A4","2008-01-30 12:47:25",\N,\N,"0","2008-01-30 12:47:25",\N,"CT2709","924","Achotal","31","0",\N,\N
"2774","2017-05-13 12:22:15","E9E93D4DDA244823A571B8C33B0010CD","2008-01-30 12:47:25",\N,\N,"0","2008-01-30 12:47:25",\N,"CT2734","232","Casitas","31","0",\N,\N
"2775","2017-05-13 12:22:15","558FD0E375AB4F48A9C27D2C09431D96","2008-01-30 12:47:25",\N,\N,"0","2008-01-30 12:47:25",\N,"CT2735","746","Castillo de Teayo","31","0",\N,\N
"2776","2017-05-13 12:22:15","A79D387987A14D918867C13CE5F2EC3D","2008-01-30 12:47:25",\N,\N,"0","2008-01-30 12:47:25",\N,"CT2736","294","Catemaco","31","0",\N,\N
"2777","2017-05-13 12:22:15","D9B3867E01D548519879FBD62B3171BB","2008-01-30 12:47:25",\N,\N,"0","2008-01-30 12:47:25",\N,"CT2737","784","Cazones de Herrera","31","0",\N,\N
"2778","2017-05-13 12:22:15","5AC474A653CC4E698509DBE93456EDE1","2008-01-30 12:47:25",\N,\N,"0","2008-01-30 12:47:25",\N,"CT2738","785","Cerro Azul","31","0",\N,\N
"2779","2017-05-13 12:22:15","D9F5024D142D4E10A820D66816378FB7","2008-01-30 12:47:25",\N,\N,"0","2008-01-30 12:47:25",\N,"CT2739","288","Chacaltianguis","31","0",\N,\N
"2780","2017-05-13 12:22:15","CDE7010DD0A445F700E9F52CB48F9446","2008-01-30 12:47:25",\N,\N,"0","2008-01-30 12:47:25",\N,"CT2740","789","Chalma","31","0",\N,\N
"2781","2017-05-13 12:22:15","B1D2A78E3D7745719B2800077456277C","2008-01-30 12:47:25",\N,\N,"0","2008-01-30 12:47:25",\N,"CT2741","296","Chichicaxtle","31","0",\N,\N
"2782","2017-05-13 12:22:15","C7C1565C68C848B6B7A63C04947300BD","2008-01-30 12:47:25",\N,\N,"0","2008-01-30 12:47:25",\N,"CT2742","279","Chiconquiaco","31","0",\N,\N
"2783","2017-05-13 12:22:16","2EA2BD2AFE8B4FEFBE7C68D9A048AD46","2008-01-30 12:47:25",\N,\N,"0","2008-01-30 12:47:25",\N,"CT2743","746","Chicontepec","31","0",\N,\N
"2784","2017-05-13 12:22:16","53CCE59EC2EE475BB60732A9005E2CCD","2008-01-30 12:47:25",\N,\N,"0","2008-01-30 12:47:25",\N,"CT2744","846","Chijol 17","31","0",\N,\N
"2785","2017-05-13 12:22:16","D84010D2C2D74B068804C03EC80001B5","2008-01-30 12:47:25",\N,\N,"0","2008-01-30 12:47:25",\N,"CT2745","922","Chinameca","31","0",\N,\N
"2786","2017-05-13 12:22:16","D90E97423F7F404BAEF66DD0125434E4","2008-01-30 12:47:25",\N,\N,"0","2008-01-30 12:47:25",\N,"CT2746","273","Chocamán","31","0",\N,\N
"2787","2017-05-13 12:22:16","BC6869F404A04008BB917834FD04511C","2008-01-30 12:47:25",\N,\N,"0","2008-01-30 12:47:25",\N,"CT2747","785","Chontla","31","0",\N,\N
"2788","2017-05-13 12:22:16","EBAAA1B1CD4E47DD009D1F5C7B2156D6","2008-01-30 12:47:25",\N,\N,"0","2008-01-30 12:47:25",\N,"CT2748","785","Citlaltepec","31","0",\N,\N
"2789","2017-05-13 12:22:16","C300B4FB0E5B4E9FA2D1906F6CE7639F","2008-01-30 12:47:25",\N,\N,"0","2008-01-30 12:47:25",\N,"CT2749","296","Ciudad Cardel","31","0",\N,\N
"2790","2017-05-13 12:22:16","8D9FEA8666594ADA8C013F7247F0E0CA","2008-01-30 12:47:25",\N,\N,"0","2008-01-30 12:47:25",\N,"CT2750","833","Ciudad Cuauhtémoc","31","0",\N,\N
"2791","2017-05-13 12:22:16","7FF9EA90E3B64E7DB7DB36098F966B05","2008-01-30 12:47:25",\N,\N,"0","2008-01-30 12:47:25",\N,"CT2751","272","Ciudad Mendoza","31","0",\N,\N
"2792","2017-05-13 12:22:16","3FD000035E59489CB12C6462628B2266","2008-01-30 12:47:25",\N,\N,"0","2008-01-30 12:47:25",\N,"CT2752","833","Ciudad Quetzalcoatl","31","0",\N,\N
"2793","2017-05-13 12:22:16","2E6991F6AC6E4D3A8685A851E7D68994","2008-01-30 12:47:25",\N,\N,"0","2008-01-30 12:47:25",\N,"CT2753","228","Coacoatzintla","31","0",\N,\N
"2794","2017-05-13 12:22:16","9E015E9F75D946038B386F7F6DDEA492","2008-01-30 12:47:25",\N,\N,"0","2008-01-30 12:47:25",\N,"CT2754","228","Coatepec","31","0",\N,\N
"2795","2017-05-13 12:22:16","85711BA6494A4E479041EA3809811478","2008-01-30 12:47:25",\N,\N,"0","2008-01-30 12:47:25",\N,"CT2755","921","Coatzacoalcos","31","0",\N,\N
"2796","2017-05-13 12:22:16","AEFF0AF24F5C4858B03BAAEBAE05BD2B","2008-01-30 12:47:25",\N,\N,"0","2008-01-30 12:47:25",\N,"CT2756","782","Coatzintla","31","0",\N,\N
"2797","2017-05-13 12:22:16","DBC614A199604814856E642DC3908E33","2008-01-30 12:47:25",\N,\N,"0","2008-01-30 12:47:25",\N,"CT2757","279","Colipa","31","0",\N,\N
"2798","2017-05-13 12:22:16","265E2471A6BA45CB84CDF400546B5DB7","2008-01-30 12:47:25",\N,\N,"0","2008-01-30 12:47:25",\N,"CT2782","274","El Jícaro","31","0",\N,\N
"2799","2017-05-13 12:22:16","3B97F1E5DA0C4E00ABD2815262860091","2008-01-30 12:47:25",\N,\N,"0","2008-01-30 12:47:25",\N,"CT2783","833","El Magozal","31","0",\N,\N
"2800","2017-05-13 12:22:16","984FD29827834C4EAC196C2E18855D41","2008-01-30 12:47:25",\N,\N,"0","2008-01-30 12:47:25",\N,"CT2784","833","El Moralillo","31","0",\N,\N
"2801","2017-05-13 12:22:16","E12E28D138214E61934DE825005680C1","2008-01-30 12:47:25",\N,\N,"0","2008-01-30 12:47:25",\N,"CT2785","283","El Nigromante","31","0",\N,\N
"2802","2017-05-13 12:22:16","743E950F592E419BA9BA0236C99D6F3B","2008-01-30 12:47:25",\N,\N,"0","2008-01-30 12:47:25",\N,"CT2786","296","El Palmar","31","0",\N,\N
"2803","2017-05-13 12:22:16","C25F9304DA8B49B387481BA178E0CAED","2008-01-30 12:47:25",\N,\N,"0","2008-01-30 12:47:25",\N,"CT2787","232","El Pital","31","0",\N,\N
"2804","2017-05-13 12:22:16","0D9146C781F24A23BF14853EAB2EE3C6","2008-01-30 12:47:25",\N,\N,"0","2008-01-30 12:47:25",\N,"CT2788","235","Emilio Carranza","31","0",\N,\N
"2805","2017-05-13 12:22:16","E86F3A7F1FEE42768FA4DE467E65A2E2","2008-01-30 12:47:25",\N,\N,"0","2008-01-30 12:47:25",\N,"CT2789","784","Entabladero","31","0",\N,\N
"2806","2017-05-13 12:22:16","544A5DD521D8459F9F2540007C002763","2008-01-30 12:47:25",\N,\N,"0","2008-01-30 12:47:25",\N,"CT2790","228","Estanzuela","31","0",\N,\N
"2807","2017-05-13 12:22:16","FAF627FDC9E54E2DBA257BB29CF38C06","2008-01-30 12:47:25",\N,\N,"0","2008-01-30 12:47:25",\N,"CT2791","232","Felipe Carrillo Puerto (Paso Largo)","31","0",\N,\N
"2808","2017-05-13 12:22:16","E4A5C1BA5E284D90858C41B4FD4B0097","2008-01-30 12:47:25",\N,\N,"0","2008-01-30 12:47:25",\N,"CT2792","271","Fortín de las Flores","31","0",\N,\N
"2809","2017-05-13 12:22:16","3711560B40A34834B7D1F04200892100","2008-01-30 12:47:25",\N,\N,"0","2008-01-30 12:47:25",\N,"CT2793","235","Francisco Sarabia","31","0",\N,\N
"2810","2017-05-13 12:22:16","5326CD513FFC4FE8855BB96E55A4E9C6","2008-01-30 12:47:25",\N,\N,"0","2008-01-30 12:47:25",\N,"CT2794","766","Gutiérrez Zamora","31","0",\N,\N
"2811","2017-05-13 12:22:16","90AE8415C5C743AEA581782DE3121BF6","2008-01-30 12:47:25",\N,\N,"0","2008-01-30 12:47:25",\N,"CT2795","924","Hidalgotitlán","31","0",\N,\N
"2812","2017-05-13 12:22:16","20DA9F15B57B4C55921DBBCEF10063DC","2008-01-30 12:47:25",\N,\N,"0","2008-01-30 12:47:25",\N,"CT2796","273","Huatusco","31","0",\N,\N
"2813","2017-05-13 12:22:16","7AA9ED403BD845C79C31AAC40000D5A7","2008-01-30 12:47:25",\N,\N,"0","2008-01-30 12:47:25",\N,"CT2797","774","Huayacocotla","31","0",\N,\N
"2814","2017-05-13 12:22:16","62480E205D6043AC0068008E60135007","2008-01-30 12:47:25",\N,\N,"0","2008-01-30 12:47:25",\N,"CT2798","846","Huayalejo","31","0",\N,\N
"2815","2017-05-13 12:22:16","73317A5A47064A9B9055D96D6528E7EE","2008-01-30 12:47:25",\N,\N,"0","2008-01-30 12:47:25",\N,"CT2799","232","Hueytepec","31","0",\N,\N
"2816","2017-05-13 12:22:16","9FCE6B2ED40F4F5495B1FCC2153FD359","2008-01-30 12:47:25",\N,\N,"0","2008-01-30 12:47:25",\N,"CT2800","279","Idolos","31","0",\N,\N
"2817","2017-05-13 12:22:16","D59E4B420C4247E8A94B44C6EE91688B","2008-01-30 12:47:25",\N,\N,"0","2008-01-30 12:47:25",\N,"CT2801","285","Ignacio de la Llave","31","0",\N,\N
"2818","2017-05-13 12:22:16","B49D56434C374D9ABAA4F9C445D6ACB5","2008-01-30 12:47:25",\N,\N,"0","2008-01-30 12:47:25",\N,"CT2802","283","Isla","31","0",\N,\N
"2819","2017-05-13 12:22:16","A8F5C2E13CDF41A9A4E0AD1B6E9174AA","2008-01-30 12:47:25",\N,\N,"0","2008-01-30 12:47:25",\N,"CT2803","785","Ixcatepec","31","0",\N,\N
"2820","2017-05-13 12:22:16","C34C2B5D2F8C422B004390499099112C","2008-01-30 12:47:25",\N,\N,"0","2008-01-30 12:47:25",\N,"CT2804","273","Ixhuatlán del Café","31","0",\N,\N
"2821","2017-05-13 12:22:17","046D52B1324D4D6CAFEADFC5A189694F","2008-01-30 12:47:25",\N,\N,"0","2008-01-30 12:47:25",\N,"CT2805","921","Ixhuatlán del Sureste","31","0",\N,\N
"2822","2017-05-13 12:22:17","5AA30D5019D74BB3BFB722E7003FE0F1","2008-01-30 12:47:25",\N,\N,"0","2008-01-30 12:47:25",\N,"CT2830","766","Lomas de Arena","31","0",\N,\N
"2823","2017-05-13 12:22:17","9F356C3651074CD7B9F6679CD4006C05","2008-01-30 12:47:25",\N,\N,"0","2008-01-30 12:47:25",\N,"CT2831","921","Lomas de Barrillas","31","0",\N,\N
"2824","2017-05-13 12:22:17","22F572C8E4FF4071A2D47215537E2010","2008-01-30 12:47:25",\N,\N,"0","2008-01-30 12:47:25",\N,"CT2832","282","Los Altos","31","0",\N,\N
"2825","2017-05-13 12:22:17","0D0CABDED0CE4FB48F69B72154DC4992","2008-01-30 12:47:25",\N,\N,"0","2008-01-30 12:47:25",\N,"CT2833","285","Los Robles","31","0",\N,\N
"2826","2017-05-13 12:22:17","EB4CA1D1B97E43D480443E764947128E","2008-01-30 12:47:25",\N,\N,"0","2008-01-30 12:47:25",\N,"CT2834","283","Los Tigres (San Marcos)","31","0",\N,\N
"2827","2017-05-13 12:22:17","608E2F75266849AEB7627CEFD968D1E3","2008-01-30 12:47:25",\N,\N,"0","2008-01-30 12:47:25",\N,"CT2835","228","Mahuixtlán","31","0",\N,\N
"2828","2017-05-13 12:22:17","AC4594AAB4D444B4919216FC3062A624","2008-01-30 12:47:25",\N,\N,"0","2008-01-30 12:47:25",\N,"CT2836","272","Maltrata","31","0",\N,\N
"2829","2017-05-13 12:22:17","22C39AC482FC4257BB629732FF88D199","2008-01-30 12:47:25",\N,\N,"0","2008-01-30 12:47:25",\N,"CT2837","285","Manlio Fabio Altamirano","31","0",\N,\N
"2830","2017-05-13 12:22:17","34FBB9855AA1458E9F95415CC527BCA7","2008-01-30 12:47:25",\N,\N,"0","2008-01-30 12:47:25",\N,"CT2838","232","Martínez de la Torre","31","0",\N,\N
"2831","2017-05-13 12:22:17","16404A0BAF504179912213AC00D082DE","2008-01-30 12:47:25",\N,\N,"0","2008-01-30 12:47:25",\N,"CT2839","285","Medellín de Bravo","31","0",\N,\N
"2832","2017-05-13 12:22:17","DCB86649E79349B6BA2EB315961B9892","2008-01-30 12:47:25",\N,\N,"0","2008-01-30 12:47:25",\N,"CT2840","924","Medias Aguas","31","0",\N,\N
"2833","2017-05-13 12:22:17","3EBCD5A8E86E490D90392EEA2BCD3698","2008-01-30 12:47:25",\N,\N,"0","2008-01-30 12:47:25",\N,"CT2841","922","Minatitlán","31","0",\N,\N
"2834","2017-05-13 12:22:17","5CAAD4AB87FE47F0B77CA2F44CD679FD","2008-01-30 12:47:25",\N,\N,"0","2008-01-30 12:47:25",\N,"CT2842","235","Misantla","31","0",\N,\N
"2835","2017-05-13 12:22:17","D7FDA4BCEC514D34BA07135C5CFA70B3","2008-01-30 12:47:25",\N,\N,"0","2008-01-30 12:47:25",\N,"CT2843","273","Monte Blanco","31","0",\N,\N
"2836","2017-05-13 12:22:17","4481649E02CE4CF9ABAEF773DDB3CDBF","2008-01-30 12:47:25",\N,\N,"0","2008-01-30 12:47:25",\N,"CT2844","296","Mozomboa","31","0",\N,\N
"2837","2017-05-13 12:22:17","AFE154D180B04EA9B40984099E3434A8","2008-01-30 12:47:25",\N,\N,"0","2008-01-30 12:47:25",\N,"CT2845","921","Nanchital de Lázaro Cárdenas del Río","31","0",\N,\N
"2838","2017-05-13 12:22:17","2D880EEBF8B34F3584C9FE8FBEB3D4FA","2008-01-30 12:47:25",\N,\N,"0","2008-01-30 12:47:25",\N,"CT2846","279","Naolinco de Victoria","31","0",\N,\N
"2839","2017-05-13 12:22:17","D476AEA66D814F1497FA8F05F48E3F20","2008-01-30 12:47:25",\N,\N,"0","2008-01-30 12:47:25",\N,"CT2847","271","Naranjal","31","0",\N,\N
"2840","2017-05-13 12:22:17","03A56B53570443F092A636F939497CAD","2008-01-30 12:47:25",\N,\N,"0","2008-01-30 12:47:25",\N,"CT2848","768","Naranjos","31","0",\N,\N
"2841","2017-05-13 12:22:17","29E21DB74F24461185C219CB1C920062","2008-01-30 12:47:25",\N,\N,"0","2008-01-30 12:47:25",\N,"CT2849","235","Nautla","31","0",\N,\N
"2842","2017-05-13 12:22:17","B3D03B1232C74B858552C17DC1CAF7FC","2008-01-30 12:47:25",\N,\N,"0","2008-01-30 12:47:25",\N,"CT2850","288","Nopaltepec","31","0",\N,\N
"2843","2017-05-13 12:22:17","0080F73A125C426CA6CBDBD04841DC76","2008-01-30 12:47:25",\N,\N,"0","2008-01-30 12:47:25",\N,"CT2851","283","Nuevo Ixcatlán","31","0",\N,\N
"2844","2017-05-13 12:22:17","144212AAA27049B0B9B9411F2B112577","2008-01-30 12:47:25",\N,\N,"0","2008-01-30 12:47:25",\N,"CT2852","782","Nuevo Progreso (El Doce)","31","0",\N,\N
"2845","2017-05-13 12:22:17","A35009CA73B447BF9926109E6E35C828","2008-01-30 12:47:25",\N,\N,"0","2008-01-30 12:47:25",\N,"CT2853","278","Omealca","31","0",\N,\N
"2846","2017-05-13 12:22:17","8A426B65F0624A098FCF94F627FBCEE7","2008-01-30 12:47:25",\N,\N,"0","2008-01-30 12:47:25",\N,"CT2878","768","Saladero","31","0",\N,\N
"2847","2017-05-13 12:22:17","39E08B752C8244AB80101E2F3171CBAC","2008-01-30 12:47:25",\N,\N,"0","2008-01-30 12:47:25",\N,"CT2879","294","San Andrés Tuxtla","31","0",\N,\N
"2848","2017-05-13 12:22:17","77480559538346DFADAB357476110029","2008-01-30 12:47:25",\N,\N,"0","2008-01-30 12:47:25",\N,"CT2880","282","San Antonio Tenextepec","31","0",\N,\N
"2849","2017-05-13 12:22:17","C659CB26F4B847B0A00018190000997B","2008-01-30 12:47:25",\N,\N,"0","2008-01-30 12:47:25",\N,"CT2881","924","San Juan Evangelista","31","0",\N,\N
"2850","2017-05-13 12:22:17","644E1E0C623C4CC692955333EA3E1B8D","2008-01-30 12:47:25",\N,\N,"0","2008-01-30 12:47:25",\N,"CT2882","235","San Rafael","31","0",\N,\N
"2851","2017-05-13 12:22:17","40251CB50D714E94BE6D1F263C93EE73","2008-01-30 12:47:25",\N,\N,"0","2008-01-30 12:47:25",\N,"CT2883","783","Santiago de la Peña","31","0",\N,\N
"2852","2017-05-13 12:22:17","092A8A80F8B540E595002D757B3B3589","2008-01-30 12:47:25",\N,\N,"0","2008-01-30 12:47:25",\N,"CT2884","294","Santiago Tuxtla","31","0",\N,\N
"2853","2017-05-13 12:22:17","E35F4728E25941E79B4CE900086F175E","2008-01-30 12:47:25",\N,\N,"0","2008-01-30 12:47:25",\N,"CT2885","924","Sayula de Alemán","31","0",\N,\N
"2854","2017-05-13 12:22:17","63A19EFE36A94619BB02A782B90698A2","2008-01-30 12:47:25",\N,\N,"0","2008-01-30 12:47:25",\N,"CT2886","285","Soledad de Doblado","31","0",\N,\N
"2855","2017-05-13 12:22:17","C89B73D1E1014DF3A37E82CD20B8E288","2008-01-30 12:47:25",\N,\N,"0","2008-01-30 12:47:25",\N,"CT2887","924","Suchilapan del Río","31","0",\N,\N
"2856","2017-05-13 12:22:17","494BDC2460DB4DD393EC2D3CAFA7D704","2008-01-30 12:47:25",\N,\N,"0","2008-01-30 12:47:25",\N,"CT2888","272","Sumidero","31","0",\N,\N
"2857","2017-05-13 12:22:17","315FB4A69758491381D6E4FC81B34067","2008-01-30 12:47:25",\N,\N,"0","2008-01-30 12:47:25",\N,"CT2889","768","Tamalín","31","0",\N,\N
"2858","2017-05-13 12:22:17","07DE30C566FC44FDB5F9F4F815D7AE12","2008-01-30 12:47:25",\N,\N,"0","2008-01-30 12:47:25",\N,"CT2890","768","Tamiahua","31","0",\N,\N
"2859","2017-05-13 12:22:17","7960C353602D4C31AA21936661A0FAE0","2008-01-30 12:47:25",\N,\N,"0","2008-01-30 12:47:25",\N,"CT2891","846","Tamos","31","0",\N,\N
"2860","2017-05-13 12:22:17","478A3C19749648348ECEA9D5B40223E7","2008-01-30 12:47:25",\N,\N,"0","2008-01-30 12:47:25",\N,"CT2892","833","Tampico Alto","31","0",\N,\N
"2861","2017-05-13 12:22:17","EE1A3D52AD9E4DF5B6A68D5F9624406F","2008-01-30 12:47:25",\N,\N,"0","2008-01-30 12:47:25",\N,"CT2893","789","Tantoyuca","31","0",\N,\N
"2862","2017-05-13 12:22:17","193C29C48ECE444CBD8F0839A13FA416","2008-01-30 12:47:25",\N,\N,"0","2008-01-30 12:47:25",\N,"CT2894","766","Tecolutla","31","0",\N,\N
"2863","2017-05-13 12:22:18","140AF24BF4634FFBBEB07797EAA5F1DE","2008-01-30 12:47:25",\N,\N,"0","2008-01-30 12:47:25",\N,"CT2895","789","Tempoal de Sánchez","31","0",\N,\N
"2864","2017-05-13 12:22:18","63362942AAB6479481208900EBAE886F","2008-01-30 12:47:25",\N,\N,"0","2008-01-30 12:47:25",\N,"CT2896","285","Tenenexpan","31","0",\N,\N
"2865","2017-05-13 12:22:18","5F9FEF7460FD4A74B6106E25000061BD","2008-01-30 12:47:25",\N,\N,"0","2008-01-30 12:47:25",\N,"CT2897","279","Teocelo","31","0",\N,\N
"2866","2017-05-13 12:22:18","3B8FA847A669406E81C03E250049F92E","2008-01-30 12:47:25",\N,\N,"0","2008-01-30 12:47:25",\N,"CT2898","279","Tepetlán","31","0",\N,\N
"2867","2017-05-13 12:22:18","706F04565BC44736B1F6D500338F48C7","2008-01-30 12:47:25",\N,\N,"0","2008-01-30 12:47:25",\N,"CT2899","785","Tepetzintla","31","0",\N,\N
"2868","2017-05-13 12:22:18","3C4CAD5BE2464CAEBB2654A265590045","2008-01-30 12:47:25",\N,\N,"0","2008-01-30 12:47:25",\N,"CT2900","278","Tequila","31","0",\N,\N
"2869","2017-05-13 12:22:18","4D86A7E7C0C04871B6B242EA4C119018","2008-01-30 12:47:25",\N,\N,"0","2008-01-30 12:47:25",\N,"CT2901","924","Texistepec","31","0",\N,\N
"2870","2017-05-13 12:22:18","E12DFAF3616D47748518A6AC6BA2F89F","2008-01-30 12:47:25",\N,\N,"0","2008-01-30 12:47:25",\N,"CT2902","278","Tezonapa","31","0",\N,\N
"2871","2017-05-13 12:22:18","81927B49EB674A53A72C00D3C097F254","2008-01-30 12:47:25",\N,\N,"0","2008-01-30 12:47:25",\N,"CT2903","274","Tierra Blanca","31","0",\N,\N
"2872","2017-05-13 12:22:18","D0883A93F2CE47779958A0CD4C1B9CA6","2008-01-30 12:47:25",\N,\N,"0","2008-01-30 12:47:25",\N,"CT2904","746","Tihuatlán","31","0",\N,\N
"2873","2017-05-13 12:22:18","CBCCC8283F14437EA68FCAC144268339","2008-01-30 12:47:25",\N,\N,"0","2008-01-30 12:47:25",\N,"CT2905","288","Tlacojalpan","31","0",\N,\N
"2874","2017-05-13 12:22:18","C1355B2089894BBDA5B8E690E382F66C","2008-01-30 12:47:25",\N,\N,"0","2008-01-30 12:47:25",\N,"CT2906","746","Tlacolula","31","0",\N,\N
"2875","2017-05-13 12:22:18","2ECF07CEFD5E449E90004CB9050804C1","2008-01-30 12:47:25",\N,\N,"0","2008-01-30 12:47:25",\N,"CT2907","288","Tlacotalpan","31","0",\N,\N
"2876","2017-05-13 12:22:18","BAC9CAC306C34DC8AEEE1F4E52A01553","2008-01-30 12:47:25",\N,\N,"0","2008-01-30 12:47:25",\N,"CT2908","285","Tlalixcoyan","31","0",\N,\N
"2877","2017-05-13 12:22:18","611D0CE941584CD283006D7E7329B867","2008-01-30 12:47:25",\N,\N,"0","2008-01-30 12:47:25",\N,"CT2909","225","Tlapacoyan","31","0",\N,\N
"2878","2017-05-13 12:22:18","C0186A0B041C483994D3428C8BB5391B","2008-01-30 12:47:25",\N,\N,"0","2008-01-30 12:47:25",\N,"CT2910","285","Tolome","31","0",\N,\N
"2879","2017-05-13 12:22:18","D666610417B1414D8C389800E7F66200","2008-01-30 12:47:25",\N,\N,"0","2008-01-30 12:47:25",\N,"CT2911","273","Tomatlán","31","0",\N,\N
"2880","2017-05-13 12:22:18","2F574A009A90435BB028F6ABFDB5E48E","2008-01-30 12:47:25",\N,\N,"0","2008-01-30 12:47:25",\N,"CT2912","273","Totutla","31","0",\N,\N
"2881","2017-05-13 12:22:18","05E8CB69FA824C8E88A5BEE7A300B209","2008-01-30 12:47:25",\N,\N,"0","2008-01-30 12:47:25",\N,"CT2913","279","Trapiche del Rosario","31","0",\N,\N
"2882","2017-05-13 12:22:18","1DBD4B5BB2E74F3E99EE2DD2EC312FDD","2008-01-30 12:47:25",\N,\N,"0","2008-01-30 12:47:25",\N,"CT2914","288","Tres Valles","31","0",\N,\N
"2883","2017-05-13 12:22:18","5DD1847F92C74704A2DA90E9A4DAD735","2008-01-30 12:47:25",\N,\N,"0","2008-01-30 12:47:25",\N,"CT2915","294","Tres Zapotes","31","0",\N,\N
"2884","2017-05-13 12:22:18","6B32C7F6505D46FA93003C3C9932AD95","2008-01-30 12:47:25",\N,\N,"0","2008-01-30 12:47:25",\N,"CT2916","783","Tuxpan","31","0",\N,\N
"2885","2017-05-13 12:22:18","74BBDA2D53D74B4282FD473C002E6C1C","2008-01-30 12:47:25",\N,\N,"0","2008-01-30 12:47:25",\N,"CT2917","288","Tuxtilla","31","0",\N,\N
"2886","2017-05-13 12:22:18","6CD9F1D13D6348C5A1E7E0354D00386C","2008-01-30 12:47:25",\N,\N,"0","2008-01-30 12:47:25",\N,"CT2918","228","Tuzamapan","31","0",\N,\N
"2887","2017-05-13 12:22:18","9BC8CF8FF0E24E269BA2CDAEF1B69564","2008-01-30 12:47:25",\N,\N,"0","2008-01-30 12:47:25",\N,"CT2919","296","Ursulo Galván","31","0",\N,\N
"2888","2017-05-13 12:22:18","F7FC10ECA8884AF78BBEF55365D8ECC2","2008-01-30 12:47:25",\N,\N,"0","2008-01-30 12:47:25",\N,"CT2920","229","Valente Díaz","31","0",\N,\N
"2889","2017-05-13 12:22:18","DFB5A1C6BF134BA7A264489133A50014","2008-01-30 12:47:25",\N,\N,"0","2008-01-30 12:47:25",\N,"CT2921","235","Vega de Alatorre","31","0",\N,\N
"2890","2017-05-13 12:22:18","4982204342DA43AD9384B3B33C30CE91","2008-01-30 12:47:25",\N,\N,"0","2008-01-30 12:47:25",\N,"CT2922","229","Veracruz","31","0",\N,\N
"2891","2017-05-13 12:22:18","FEA86DF78FA84E799242D82B11AF4E00","2008-01-30 12:47:25",\N,\N,"0","2008-01-30 12:47:25",\N,"CT2923","283","Villa Azueta","31","0",\N,\N
"2892","2017-05-13 12:22:18","444419E231EA4EC0A80063E4EAF4DAA0","2008-01-30 12:47:25",\N,\N,"0","2008-01-30 12:47:25",\N,"CT2924","846","Villa Cacalilao (Cacalilao)","31","0",\N,\N
"2893","2017-05-13 12:22:18","19ADE6FF7825439A00AAE7CA457385F7","2008-01-30 12:47:25",\N,\N,"0","2008-01-30 12:47:25",\N,"CT2925","279","Villa Emiliano Zapata (El Carrizal)","31","0",\N,\N
"2894","2017-05-13 12:22:18","7E7E6FD20B7148DF82C4F1F4A3E9312F","2008-01-30 12:47:25",\N,\N,"0","2008-01-30 12:47:25",\N,"CT2758","273","Colonia Manuel González","31","0",\N,\N
"2895","2017-05-13 12:22:18","398926EC60264AE49128E13D871765C6","2008-01-30 12:47:25",\N,\N,"0","2008-01-30 12:47:25",\N,"CT2759","924","Colonia Nuevo Morelos","31","0",\N,\N
"2896","2017-05-13 12:22:18","2634E5A7EFC74B588E8721E4561972F5","2008-01-30 12:47:25",\N,\N,"0","2008-01-30 12:47:25",\N,"CT2760","846","Colonia Piloto","31","0",\N,\N
"2897","2017-05-13 12:22:18","10F1129403F744A08894000300081874","2008-01-30 12:47:25",\N,\N,"0","2008-01-30 12:47:25",\N,"CT2761","784","Comalteco","31","0",\N,\N
"2898","2017-05-13 12:22:18","F6D184D896BD4B889BF6EED8C9C70818","2008-01-30 12:47:25",\N,\N,"0","2008-01-30 12:47:25",\N,"CT2762","294","Comoapan","31","0",\N,\N
"2899","2017-05-13 12:22:18","2712CC28A4B64B64BBFD3B5DB3331BCE","2008-01-30 12:47:25",\N,\N,"0","2008-01-30 12:47:25",\N,"CT2763","271","Córdoba","31","0",\N,\N
"2900","2017-05-13 12:22:18","3398F9091D774D08AA004D1B22F7CB60","2008-01-30 12:47:25",\N,\N,"0","2008-01-30 12:47:25",\N,"CT2764","789","Corozal","31","0",\N,\N
"2901","2017-05-13 12:22:19","889FCB5C3554434F96A5E36F699D8875","2008-01-30 12:47:25",\N,\N,"0","2008-01-30 12:47:25",\N,"CT2765","294","Corral Nuevo","31","0",\N,\N
"2902","2017-05-13 12:22:19","3928F74784694E8A85BE75236F5BFFCF","2008-01-30 12:47:25",\N,\N,"0","2008-01-30 12:47:25",\N,"CT2766","288","Cosamaloapan","31","0",\N,\N
"2903","2017-05-13 12:22:19","9FD4F5C9F272484CBE00B50600FB1489","2008-01-30 12:47:25",\N,\N,"0","2008-01-30 12:47:25",\N,"CT2767","279","Cosautlán de Carvajal","31","0",\N,\N
"2904","2017-05-13 12:22:19","0DC1B055AC874BDEB66599BCF230D76B","2008-01-30 12:47:25",\N,\N,"0","2008-01-30 12:47:25",\N,"CT2768","273","Coscomatepec","31","0",\N,\N
"2905","2017-05-13 12:22:19","AC40ED51EF1643638DD790000785EACD","2008-01-30 12:47:25",\N,\N,"0","2008-01-30 12:47:25",\N,"CT2769","922","Cosoleacaque","31","0",\N,\N
"2906","2017-05-13 12:22:19","E0EC24CA3329460FAECAE4511D4DC3DA","2008-01-30 12:47:25",\N,\N,"0","2008-01-30 12:47:25",\N,"CT2770","278","Cotaxtla","31","0",\N,\N
"2907","2017-05-13 12:22:19","D775E291E5554ABDAB7E6D69D3D8C0AE","2008-01-30 12:47:25",\N,\N,"0","2008-01-30 12:47:25",\N,"CT2771","784","Coyutla","31","0",\N,\N
"2908","2017-05-13 12:22:19","8FB90DE621724F87BF103737005B2929","2008-01-30 12:47:25",\N,\N,"0","2008-01-30 12:47:25",\N,"CT2772","271","Cuautlapan","31","0",\N,\N
"2909","2017-05-13 12:22:19","7A9D3BE5EFFC458686E1F62C71D09891","2008-01-30 12:47:25",\N,\N,"0","2008-01-30 12:47:25",\N,"CT2773","923","Cuichapa (Mpio. Moloacan)","31","0",\N,\N
"2910","2017-05-13 12:22:19","75FCFA5BB358405A8B8C5B8E4BBF0865","2008-01-30 12:47:25",\N,\N,"0","2008-01-30 12:47:25",\N,"CT2774","278","Cuitláhuac","31","0",\N,\N
"2911","2017-05-13 12:22:19","997AF14311284A9784B18974177E8504","2008-01-30 12:47:25",\N,\N,"0","2008-01-30 12:47:25",\N,"CT2775","228","Dos Ríos","31","0",\N,\N
"2912","2017-05-13 12:22:19","6A14FD941C0D46D8ADA55DB75435B2D7","2008-01-30 12:47:25",\N,\N,"0","2008-01-30 12:47:25",\N,"CT2776","765","El Alazán","31","0",\N,\N
"2913","2017-05-13 12:22:19","0B666C60DC984DFC8F1E31ED8C8D94FB","2008-01-30 12:47:25",\N,\N,"0","2008-01-30 12:47:25",\N,"CT2777","784","El Chote","31","0",\N,\N
"2914","2017-05-13 12:22:19","EB02A650F711488698191F940002CCC3","2008-01-30 12:47:25",\N,\N,"0","2008-01-30 12:47:25",\N,"CT2778","285","El Cocuite","31","0",\N,\N
"2915","2017-05-13 12:22:19","B87314B8B12147B18E23EB519B4DA656","2008-01-30 12:47:25",\N,\N,"0","2008-01-30 12:47:25",\N,"CT2779","229","El Conchal","31","0",\N,\N
"2916","2017-05-13 12:22:19","C86FA69364F74B06B3BE7C58C1C03B24","2008-01-30 12:47:25",\N,\N,"0","2008-01-30 12:47:25",\N,"CT2780","296","El Farallón(Campamento CFE)","31","0",\N,\N
"2917","2017-05-13 12:22:19","87AD8E02F7984DC29B78ED8EEBDBAD31","2008-01-30 12:47:25",\N,\N,"0","2008-01-30 12:47:25",\N,"CT2781","489","El Higo","31","0",\N,\N
"2918","2017-05-13 12:22:19","F19E7B4254C74E24B9D157A83384E71D","2008-01-30 12:47:25",\N,\N,"0","2008-01-30 12:47:25",\N,"CT2806","272","Ixtaczoquitlán","31","0",\N,\N
"2919","2017-05-13 12:22:19","0E9732DB2C754AF8B0F6ACC6981FB000","2008-01-30 12:47:25",\N,\N,"0","2008-01-30 12:47:25",\N,"CT2807","226","Jalacingo","31","0",\N,\N
"2920","2017-05-13 12:22:19","8708968FFA8741D195D63C8DFC91ED30","2008-01-30 12:47:25",\N,\N,"0","2008-01-30 12:47:25",\N,"CT2808","228","Jalapa (Xalapa)","31","0",\N,\N
"2921","2017-05-13 12:22:19","C0C9487BB1074A0E821CE6EFD78C4CB9","2008-01-30 12:47:25",\N,\N,"0","2008-01-30 12:47:25",\N,"CT2809","922","Jaltipán","31","0",\N,\N
"2922","2017-05-13 12:22:19","8416E55990CB49728527FC4B16C6CFF0","2008-01-30 12:47:25",\N,\N,"0","2008-01-30 12:47:25",\N,"CT2810","285","Jamapa","31","0",\N,\N
"2923","2017-05-13 12:22:19","02F626581C7E474682A641804B5730A4","2008-01-30 12:47:25",\N,\N,"0","2008-01-30 12:47:25",\N,"CT2811","924","Jesús Carranza","31","0",\N,\N
"2924","2017-05-13 12:22:19","3B82D253AC684EE3BD11F6F6B3C8EDA0","2008-01-30 12:47:25",\N,\N,"0","2008-01-30 12:47:25",\N,"CT2812","274","Joachín","31","0",\N,\N
"2925","2017-05-13 12:22:19","E9E535CAC16648ADA76C002697F85E91","2008-01-30 12:47:25",\N,\N,"0","2008-01-30 12:47:25",\N,"CT2813","296","José Cardel","31","0",\N,\N
"2926","2017-05-13 12:22:19","462E47EA0428413399B436DBD59825A4","2008-01-30 12:47:25",\N,\N,"0","2008-01-30 12:47:25",\N,"CT2814","294","Juan Díaz Covarrubias","31","0",\N,\N
"2927","2017-05-13 12:22:19","F0EB3BCC232E41E1A911042520FF9114","2008-01-30 12:47:25",\N,\N,"0","2008-01-30 12:47:25",\N,"CT2815","924","Juanita","31","0",\N,\N
"2928","2017-05-13 12:22:19","B438F04328C6484BA748A5683E0000DC","2008-01-30 12:47:25",\N,\N,"0","2008-01-30 12:47:25",\N,"CT2816","279","Juchique de Ferrer","31","0",\N,\N
"2929","2017-05-13 12:22:19","18665DBB2912403690F893A94220D833","2008-01-30 12:47:25",\N,\N,"0","2008-01-30 12:47:25",\N,"CT2817","296","La Antigua","31","0",\N,\N
"2930","2017-05-13 12:22:19","7FB1A76995DC406082D3BDAD5371ABB4","2008-01-30 12:47:25",\N,\N,"0","2008-01-30 12:47:25",\N,"CT2818","228","La Concepción","31","0",\N,\N
"2931","2017-05-13 12:22:19","F983A673334C42E193E0B844849D2D2D","2008-01-30 12:47:25",\N,\N,"0","2008-01-30 12:47:25",\N,"CT2819","288","La Granja","31","0",\N,\N
"2932","2017-05-13 12:22:19","93A014AF85DC4B6DABC7BB3334008620","2008-01-30 12:47:25",\N,\N,"0","2008-01-30 12:47:25",\N,"CT2820","285","La Laguna y Monte del Castillo","31","0",\N,\N
"2933","2017-05-13 12:22:19","12B64375463B44409832F075CBD73BC1","2008-01-30 12:47:25",\N,\N,"0","2008-01-30 12:47:25",\N,"CT2821","279","La Reforma","31","0",\N,\N
"2934","2017-05-13 12:22:19","73F0907A94DA477A8922CAC02CC354BC","2008-01-30 12:47:25",\N,\N,"0","2008-01-30 12:47:25",\N,"CT2822","278","La Tinaja","31","0",\N,\N
"2935","2017-05-13 12:22:19","9D29591B3DD3487CAD9E6680B125B5C2","2008-01-30 12:47:25",\N,\N,"0","2008-01-30 12:47:25",\N,"CT2823","232","La Vigueta","31","0",\N,\N
"2936","2017-05-13 12:22:20","2ABB348A84664E1EA5718277E4AE3CF3","2008-01-30 12:47:25",\N,\N,"0","2008-01-30 12:47:25",\N,"CT2824","923","Las Choapas","31","0",\N,\N
"2937","2017-05-13 12:22:20","564D0B9A5D2642FBBCBD26256FFDFD02","2008-01-30 12:47:25",\N,\N,"0","2008-01-30 12:47:25",\N,"CT2825","846","Las Cucharas","31","0",\N,\N
"2938","2017-05-13 12:22:20","96FD5C1158F148D5990396CCAB85297D","2008-01-30 12:47:25",\N,\N,"0","2008-01-30 12:47:25",\N,"CT2826","846","Lázaro Cárdenas","31","0",\N,\N
"2939","2017-05-13 12:22:20","6307F66E1E8245E6B2C9BB8B7838C379","2008-01-30 12:47:25",\N,\N,"0","2008-01-30 12:47:25",\N,"CT2827","284","Lerdo de Tejada","31","0",\N,\N
"2940","2017-05-13 12:22:20","F20E9FBA9A4F4151A7031515D4D9E633","2008-01-30 12:47:25",\N,\N,"0","2008-01-30 12:47:25",\N,"CT2828","283","Linda Vista","31","0",\N,\N
"2941","2017-05-13 12:22:20","FAFDAF1DC7DB4692B3703665B019002E","2008-01-30 12:47:25",\N,\N,"0","2008-01-30 12:47:25",\N,"CT2829","235","Loma Bonita","31","0",\N,\N
"2942","2017-05-13 12:22:20","4C605F4A18D847C888CB2674C5608D1F","2008-01-30 12:47:25",\N,\N,"0","2008-01-30 12:47:25",\N,"CT2854","272","Orizaba","31","0",\N,\N
"2943","2017-05-13 12:22:20","8F117FB1AB6347B2AAC08FC7E8D43593","2008-01-30 12:47:25",\N,\N,"0","2008-01-30 12:47:25",\N,"CT2855","287","Otatitlán","31","0",\N,\N
"2944","2017-05-13 12:22:20","80A32EA6970A4F489FB55327F56BC414","2008-01-30 12:47:25",\N,\N,"0","2008-01-30 12:47:25",\N,"CT2856","846","Ozuluama","31","0",\N,\N
"2945","2017-05-13 12:22:20","A2782336048A4A1A9FC6B196EFF005FF","2008-01-30 12:47:25",\N,\N,"0","2008-01-30 12:47:25",\N,"CT2857","228","Pacho Viejo","31","0",\N,\N
"2946","2017-05-13 12:22:20","9B5A411E1D47492A936BF37BD677C89F","2008-01-30 12:47:25",\N,\N,"0","2008-01-30 12:47:25",\N,"CT2858","296","Palma Sola","31","0",\N,\N
"2947","2017-05-13 12:22:20","7F0395628FF64F3A9271346FC2784021","2008-01-30 12:47:25",\N,\N,"0","2008-01-30 12:47:25",\N,"CT2859","846","Pánuco","31","0",\N,\N
"2948","2017-05-13 12:22:20","9DED445BA3E5406FAAC5EF47823509A5","2008-01-30 12:47:25",\N,\N,"0","2008-01-30 12:47:25",\N,"CT2860","784","Papantla","31","0",\N,\N
"2949","2017-05-13 12:22:20","C22907FFB9FD4951BF2713090034ED19","2008-01-30 12:47:25",\N,\N,"0","2008-01-30 12:47:25",\N,"CT2861","278","Paraíso La Reforma","31","0",\N,\N
"2950","2017-05-13 12:22:20","E49C1238F16243168F8239CF9BDAE4BF","2008-01-30 12:47:25",\N,\N,"0","2008-01-30 12:47:25",\N,"CT2862","288","Paraíso Novillero","31","0",\N,\N
"2951","2017-05-13 12:22:20","F48385E49BCC4D7D91F8E12C788D6C10","2008-01-30 12:47:25",\N,\N,"0","2008-01-30 12:47:25",\N,"CT2863","271","Paraje Nuevo","31","0",\N,\N
"2952","2017-05-13 12:22:20","CD2CFB9422AD4789A875A18B96B812F3","2008-01-30 12:47:25",\N,\N,"0","2008-01-30 12:47:25",\N,"CT2864","285","Paso de Ovejas","31","0",\N,\N
"2953","2017-05-13 12:22:20","7A155FA116B042E9818E9C2410DA0026","2008-01-30 12:47:25",\N,\N,"0","2008-01-30 12:47:25",\N,"CT2865","273","Paso del Macho","31","0",\N,\N
"2954","2017-05-13 12:22:20","217608ECE6874F7D816292C5673EC39B","2008-01-30 12:47:25",\N,\N,"0","2008-01-30 12:47:25",\N,"CT2866","282","Perote","31","0",\N,\N
"2955","2017-05-13 12:22:20","99A6068A321D4AD0B700C67436DA6248","2008-01-30 12:47:25",\N,\N,"0","2008-01-30 12:47:25",\N,"CT2867","285","Piedras Negras","31","0",\N,\N
"2956","2017-05-13 12:22:20","D584CEEBED48463E86D0B8218340F84E","2008-01-30 12:47:25",\N,\N,"0","2008-01-30 12:47:25",\N,"CT2868","226","Plan de Arroyos","31","0",\N,\N
"2957","2017-05-13 12:22:20","83F9108E7EC045B2855F2D34EF3DEDA5","2008-01-30 12:47:25",\N,\N,"0","2008-01-30 12:47:25",\N,"CT2869","279","Plan de las Hayas","31","0",\N,\N
"2958","2017-05-13 12:22:20","9734B394B20D425CA5E989B4EC003814","2008-01-30 12:47:25",\N,\N,"0","2008-01-30 12:47:25",\N,"CT2870","789","Platón Sánchez","31","0",\N,\N
"2959","2017-05-13 12:22:20","1DCCD63990764297BAEFFDE574E64C56","2008-01-30 12:47:25",\N,\N,"0","2008-01-30 12:47:25",\N,"CT2871","283","Playa Vicente","31","0",\N,\N
"2960","2017-05-13 12:22:20","6D05B2CD4929466EAEE76E8451A343C8","2008-01-30 12:47:25",\N,\N,"0","2008-01-30 12:47:25",\N,"CT2872","273","Potrero","31","0",\N,\N
"2961","2017-05-13 12:22:20","AFF0B4F4D6404B80A0EDDA1D8FB46F79","2008-01-30 12:47:25",\N,\N,"0","2008-01-30 12:47:25",\N,"CT2873","782","Poza Rica","31","0",\N,\N
"2962","2017-05-13 12:22:20","C6B3DCA174FB47759E00A8AE69F54158","2008-01-30 12:47:25",\N,\N,"0","2008-01-30 12:47:25",\N,"CT2874","282","Rafael Ramirez (Las Vigas)","31","0",\N,\N
"2963","2017-05-13 12:22:20","1BD04E84F1E14BADA6D5FF190834A7EB","2008-01-30 12:47:25",\N,\N,"0","2008-01-30 12:47:25",\N,"CT2875","279","Rinconada","31","0",\N,\N
"2964","2017-05-13 12:22:20","AD66E97FAD0D495481CA9205FD3DE047","2008-01-30 12:47:25",\N,\N,"0","2008-01-30 12:47:25",\N,"CT2876","272","Río Blanco","31","0",\N,\N
"2965","2017-05-13 12:22:20","22535FDB80B7400DBF333EA28CE2B7AC","2008-01-30 12:47:25",\N,\N,"0","2008-01-30 12:47:25",\N,"CT2877","283","Rodríguez Clara","31","0",\N,\N
"2966","2017-05-13 12:22:20","87A296D34F2A450E8E11BDCCAFDF08EA","2008-01-30 12:47:25",\N,\N,"0","2008-01-30 12:47:25",\N,"CT2926","274","Villa Tejeda","31","0",\N,\N
"2967","2017-05-13 12:22:20","8AAF82662D714AD284151DD2ED001BB0","2008-01-30 12:47:25",\N,\N,"0","2008-01-30 12:47:25",\N,"CT2927","228","Xico","31","0",\N,\N
"2968","2017-05-13 12:22:20","E0C1B2A8A13A49E5B72F8416AB7DA23B","2008-01-30 12:47:25",\N,\N,"0","2008-01-30 12:47:25",\N,"CT2928","278","Yanga","31","0",\N,\N
"2969","2017-05-13 12:22:20","EF3D6F1CA9F34CD0B2DA749F00E1ADCF","2008-01-30 12:47:25",\N,\N,"0","2008-01-30 12:47:25",\N,"CT2929","279","Yecuatla","31","0",\N,\N
"2970","2017-05-13 12:22:20","F2E437600F62488D9B80F68C184D6410","2008-01-30 12:47:25",\N,\N,"0","2008-01-30 12:47:25",\N,"CT2930","746","Zacate Colorado","31","0",\N,\N
"2971","2017-05-13 12:22:21","4EF4B7699D294C5BAC9F6BD173649036","2008-01-30 12:47:25",\N,\N,"0","2008-01-30 12:47:25",\N,"CT2931","296","Zempoala","31","0",\N,\N
"2972","2017-05-13 12:22:21","25AE5588D2034A1EA4B59DDD16B98546","2008-01-30 12:47:25",\N,\N,"0","2008-01-30 12:47:25",\N,"CT2932","278","Zongolica","31","0",\N,\N
"2973","2017-05-13 12:22:21","E53388AEED404467969347C48F302D22","2008-01-30 12:47:25",\N,\N,"0","2008-01-30 12:47:25",\N,"CT2933","784","Zozocolco de Hidalgo","31","0",\N,\N
"2974","2017-05-13 12:22:21","2A4B1E14C68442E0A3B11DD4B9F2A3E3","2008-01-30 12:47:25",\N,\N,"0","2008-01-30 12:47:25",\N,"CT2934","988","Acanceh","32","0",\N,\N
"2975","2017-05-13 12:22:21","986D2D89B1A643A4B63FEE32261BF1D3","2008-01-30 12:47:25",\N,\N,"0","2008-01-30 12:47:25",\N,"CT2935","997","Akil","32","0",\N,\N
"2976","2017-05-13 12:22:21","F4DBE811F8254B449312FC3B67685731","2008-01-30 12:47:25",\N,\N,"0","2008-01-30 12:47:25",\N,"CT2936","991","Baca","32","0",\N,\N
"2977","2017-05-13 12:22:21","52D5FB3D849C4C62A3CD58D54231FE7F","2008-01-30 12:47:25",\N,\N,"0","2008-01-30 12:47:25",\N,"CT2937","991","Buctzotz","32","0",\N,\N
"2978","2017-05-13 12:22:21","55A6EEC7F3BA4813929B271796B090FB","2008-01-30 12:47:25",\N,\N,"0","2008-01-30 12:47:25",\N,"CT2938","991","Cacalchen","32","0",\N,\N
"2979","2017-05-13 12:22:21","9EA3FE3E6B9C4269852BEB642DB94ECD","2008-01-30 12:47:25",\N,\N,"0","2008-01-30 12:47:25",\N,"CT2939","991","Cansahcab","32","0",\N,\N
"2980","2017-05-13 12:22:21","8075B469356843438E7F441DEF3C7801","2008-01-30 12:47:25",\N,\N,"0","2008-01-30 12:47:25",\N,"CT2940","999","Caucel","32","0",\N,\N
"2981","2017-05-13 12:22:21","61D78D91B6364AB0A2A6AF5E3F3E1257","2008-01-30 12:47:25",\N,\N,"0","2008-01-30 12:47:25",\N,"CT2941","988","Celestun","32","0",\N,\N
"2982","2017-05-13 12:22:21","8A4A63B2E83F4F21B6539B2E18000063","2008-01-30 12:47:25",\N,\N,"0","2008-01-30 12:47:25",\N,"CT2942","991","Cenotillo","32","0",\N,\N
"2983","2017-05-13 12:22:21","061F704C37F74F88B58B651F5FE64ED3","2008-01-30 12:47:25",\N,\N,"0","2008-01-30 12:47:25",\N,"CT2943","985","Chemax","32","0",\N,\N
"2984","2017-05-13 12:22:21","9633BB6186804FDF9FA42931B1AEF7F0","2008-01-30 12:47:25",\N,\N,"0","2008-01-30 12:47:25",\N,"CT2944","999","Chicxulub Pueblo","32","0",\N,\N
"2985","2017-05-13 12:22:21","0F057CEA0C5D4D899B493592B19F6D9B","2008-01-30 12:47:25",\N,\N,"0","2008-01-30 12:47:25",\N,"CT2945","988","Chochola","32","0",\N,\N
"2986","2017-05-13 12:22:21","2A52A1A79DF745CFB021BC53E9225BB4","2008-01-30 12:47:25",\N,\N,"0","2008-01-30 12:47:25",\N,"CT2946","999","Cholul","32","0",\N,\N
"2987","2017-05-13 12:22:21","7D28FD43FFF1456A98A841C005464001","2008-01-30 12:47:25",\N,\N,"0","2008-01-30 12:47:25",\N,"CT2947","986","Colonia Yucatán","32","0",\N,\N
"2988","2017-05-13 12:22:21","F18C2B8CA83045C79E38B2733E9E3E84","2008-01-30 12:47:25",\N,\N,"0","2008-01-30 12:47:25",\N,"CT2948","999","Conkal","32","0",\N,\N
"2989","2017-05-13 12:22:21","0A2A8F0711474EE8BEA921D7586DF416","2008-01-30 12:47:25",\N,\N,"0","2008-01-30 12:47:25",\N,"CT2949","991","Dzidzantun","32","0",\N,\N
"2990","2017-05-13 12:22:21","0F5D237847024481B2197BF76FF1C990","2008-01-30 12:47:25",\N,\N,"0","2008-01-30 12:47:25",\N,"CT2950","991","Dzilam de Bravo","32","0",\N,\N
"2991","2017-05-13 12:22:21","5F209508B04542819474C7DAE3004EFF","2008-01-30 12:47:25",\N,\N,"0","2008-01-30 12:47:25",\N,"CT2977","988","Seye","32","0",\N,\N
"2992","2017-05-13 12:22:21","05EDE248ED734494B81D7C5CE9AA4750","2008-01-30 12:47:25",\N,\N,"0","2008-01-30 12:47:25",\N,"CT2978","988","Sotuta","32","0",\N,\N
"2993","2017-05-13 12:22:21","05A13D364CFC4ABDB06200F64B00D818","2008-01-30 12:47:25",\N,\N,"0","2008-01-30 12:47:25",\N,"CT2979","986","Sucila","32","0",\N,\N
"2994","2017-05-13 12:22:21","77495AD2E93541A2B96B07C01039E6DC","2008-01-30 12:47:25",\N,\N,"0","2008-01-30 12:47:25",\N,"CT2980","988","Tahmek","32","0",\N,\N
"2995","2017-05-13 12:22:21","F82F6DA659CC4F1A973B1D7B42005687","2008-01-30 12:47:25",\N,\N,"0","2008-01-30 12:47:25",\N,"CT2981","988","Tecoh","32","0",\N,\N
"2996","2017-05-13 12:22:21","711AA9BBEEF5462CAD52FDB75EC9217F","2008-01-30 12:47:25",\N,\N,"0","2008-01-30 12:47:25",\N,"CT2982","991","Tekanto","32","0",\N,\N
"2997","2017-05-13 12:22:21","2FE018F335F443969724D59CBA491598","2008-01-30 12:47:25",\N,\N,"0","2008-01-30 12:47:25",\N,"CT2983","997","Tekax","32","0",\N,\N
"2998","2017-05-13 12:22:21","D36552ED02BC42C9975F52CF2167AF55","2008-01-30 12:47:25",\N,\N,"0","2008-01-30 12:47:25",\N,"CT2984","997","Tekit","32","0",\N,\N
"2999","2017-05-13 12:22:21","60310E2ABC304D9B9CEB000041B3F2FC","2008-01-30 12:47:25",\N,\N,"0","2008-01-30 12:47:25",\N,"CT2985","991","Telchac Pueblo","32","0",\N,\N
"3000","2017-05-13 12:22:21","A275EE5B67534105B9F3278E163093AF","2008-01-30 12:47:25",\N,\N,"0","2008-01-30 12:47:25",\N,"CT2986","991","Telchac Puerto","32","0",\N,\N
"3001","2017-05-13 12:22:21","46F2C0EEB0FD496CA549AF074F83F2EB","2008-01-30 12:47:25",\N,\N,"0","2008-01-30 12:47:25",\N,"CT2987","991","Temax","32","0",\N,\N
"3002","2017-05-13 12:22:21","FFAB9A0E164A48A6BBF9655995281E88","2008-01-30 12:47:25",\N,\N,"0","2008-01-30 12:47:25",\N,"CT2988","985","Temozón","32","0",\N,\N
"3003","2017-05-13 12:22:21","B58D1737653749EC0062B46D2175D0A1","2008-01-30 12:47:25",\N,\N,"0","2008-01-30 12:47:25",\N,"CT2989","997","Ticul","32","0",\N,\N
"3004","2017-05-13 12:22:21","E905852D1A364E058537740087D2141E","2008-01-30 12:47:25",\N,\N,"0","2008-01-30 12:47:25",\N,"CT2990","991","Tixkokob","32","0",\N,\N
"3005","2017-05-13 12:22:21","03B42626A91246B4A9F106E61122EFFB","2008-01-30 12:47:25",\N,\N,"0","2008-01-30 12:47:25",\N,"CT2991","986","Tizimín","32","0",\N,\N
"3006","2017-05-13 12:22:21","C04B0EA59F25463DB86B60E19E50D811","2008-01-30 12:47:25",\N,\N,"0","2008-01-30 12:47:25",\N,"CT2992","991","Tunkas","32","0",\N,\N
"3007","2017-05-13 12:22:21","DBD241BBDE56441C97236C6108A1D5D9","2008-01-30 12:47:25",\N,\N,"0","2008-01-30 12:47:25",\N,"CT2993","997","Tzucacab","32","0",\N,\N
"3008","2017-05-13 12:22:22","FD7FECBEB2A5409B956F00AFFC4000FF","2008-01-30 12:47:25",\N,\N,"0","2008-01-30 12:47:25",\N,"CT2994","988","Uman","32","0",\N,\N
"3009","2017-05-13 12:22:22","B61D25AAD75248F7B67F5214D830AD56","2008-01-30 12:47:25",\N,\N,"0","2008-01-30 12:47:25",\N,"CT2995","997","Uxmal (Hoteles)","32","0",\N,\N
"3010","2017-05-13 12:22:22","8EC0ECD6B4894097B607E91356BF26D4","2008-01-30 12:47:25",\N,\N,"0","2008-01-30 12:47:25",\N,"CT2996","985","Valladolid","32","0",\N,\N
"3011","2017-05-13 12:22:22","F8B7F869AFDA405CBA97210052A4E236","2008-01-30 12:47:25",\N,\N,"0","2008-01-30 12:47:25",\N,"CT2997","999","Xmatkuil","32","0",\N,\N
"3012","2017-05-13 12:22:22","0BC5A3743CC740379D72CDA57CACF0EA","2008-01-30 12:47:25",\N,\N,"0","2008-01-30 12:47:25",\N,"CT2998","467","Benito Juárez (Mpio.B. Juárez)","33","0",\N,\N
"3013","2017-05-13 12:22:22","87E3EE85D0AB478E8981E7EBA61721ED","2008-01-30 12:47:25",\N,\N,"0","2008-01-30 12:47:25",\N,"CT2999","467","Apozol","33","0",\N,\N
"3014","2017-05-13 12:22:22","47B8B7991E434AE090001180C9034500","2008-01-30 12:47:25",\N,\N,"0","2008-01-30 12:47:25",\N,"CT3000","346","Apulco","33","0",\N,\N
"3015","2017-05-13 12:22:22","A671EB30534B4DB38DE44956BFBA856C","2008-01-30 12:47:25",\N,\N,"0","2008-01-30 12:47:25",\N,"CT3001","437","Atolinga","33","0",\N,\N
"3016","2017-05-13 12:22:22","9F4869BC9BD946AE837DEAC291216D5B","2008-01-30 12:47:25",\N,\N,"0","2008-01-30 12:47:25",\N,"CT2951","991","Dzilam González","32","0",\N,\N
"3017","2017-05-13 12:22:22","A28A0BA28F594D279E0684381D8F3516","2008-01-30 12:47:25",\N,\N,"0","2008-01-30 12:47:25",\N,"CT2952","986","Espita","32","0",\N,\N
"3018","2017-05-13 12:22:22","7BC42C2C9F214E7A901E813C67600047","2008-01-30 12:47:25",\N,\N,"0","2008-01-30 12:47:25",\N,"CT2953","969","Flamboyanes","32","0",\N,\N
"3019","2017-05-13 12:22:22","E1112645BD5F44B4B6F8DC1D98F002D6","2008-01-30 12:47:25",\N,\N,"0","2008-01-30 12:47:25",\N,"CT2954","997","Halacho","32","0",\N,\N
"3020","2017-05-13 12:22:22","E4A01297E3934D62BC3E8FAAE156409F","2008-01-30 12:47:25",\N,\N,"0","2008-01-30 12:47:25",\N,"CT2955","988","Hocaba","32","0",\N,\N
"3021","2017-05-13 12:22:22","61793AC0BC924216A61EE07300F9A6E3","2008-01-30 12:47:25",\N,\N,"0","2008-01-30 12:47:25",\N,"CT2956","988","Hoctun","32","0",\N,\N
"3022","2017-05-13 12:22:22","3125A5A0826E4E3BA989E0DD7972C2FC","2008-01-30 12:47:25",\N,\N,"0","2008-01-30 12:47:25",\N,"CT2957","988","Huhi","32","0",\N,\N
"3023","2017-05-13 12:22:22","D27529B4F1F1488A89B7638DDBFBFEA6","2008-01-30 12:47:25",\N,\N,"0","2008-01-30 12:47:25",\N,"CT2958","988","Hunucma","32","0",\N,\N
"3024","2017-05-13 12:22:22","EA12B8C3156D456E955700C7F21E23CC","2008-01-30 12:47:25",\N,\N,"0","2008-01-30 12:47:25",\N,"CT2959","988","Izamal","32","0",\N,\N
"3025","2017-05-13 12:22:22","562630DC81C94E6580BC1B3E662005DF","2008-01-30 12:47:25",\N,\N,"0","2008-01-30 12:47:25",\N,"CT2960","999","Kanasin","32","0",\N,\N
"3026","2017-05-13 12:22:22","05754C64EBB942E0AFD52F58C9B4AA55","2008-01-30 12:47:25",\N,\N,"0","2008-01-30 12:47:25",\N,"CT2961","988","Kantunil","32","0",\N,\N
"3027","2017-05-13 12:22:22","8F8BEA6C5E744903B6F63218CE3E4471","2008-01-30 12:47:25",\N,\N,"0","2008-01-30 12:47:25",\N,"CT2962","985","Kaua","32","0",\N,\N
"3028","2017-05-13 12:22:22","CE46E0CB6596456DB0DCC7F655DEAA2C","2008-01-30 12:47:25",\N,\N,"0","2008-01-30 12:47:25",\N,"CT2963","999","Komchen","32","0",\N,\N
"3029","2017-05-13 12:22:22","E4533D01022C416DA4E054912C88E625","2008-01-30 12:47:25",\N,\N,"0","2008-01-30 12:47:25",\N,"CT2964","986","Las Coloradas","32","0",\N,\N
"3030","2017-05-13 12:22:22","D12BBBC4A0AB40FABDBD41DF8B3EB431","2008-01-30 12:47:25",\N,\N,"0","2008-01-30 12:47:25",\N,"CT2965","997","Mani","32","0",\N,\N
"3031","2017-05-13 12:22:22","404F5EF0A8AC4738B82EA29128FC12EC","2008-01-30 12:47:25",\N,\N,"0","2008-01-30 12:47:25",\N,"CT2966","997","Maxcanú","32","0",\N,\N
"3032","2017-05-13 12:22:22","FE243D75296C4561B3AECF2E4EB4154D","2008-01-30 12:47:25",\N,\N,"0","2008-01-30 12:47:25",\N,"CT2967","999","Mérida","32","0",\N,\N
"3033","2017-05-13 12:22:22","E2182FC3191A473B86E4D458826C5500","2008-01-30 12:47:25",\N,\N,"0","2008-01-30 12:47:25",\N,"CT2968","991","Motul","32","0",\N,\N
"3034","2017-05-13 12:22:22","D25D43628D7447FB9F614F3483F1CD1B","2008-01-30 12:47:25",\N,\N,"0","2008-01-30 12:47:25",\N,"CT2969","997","Muna","32","0",\N,\N
"3035","2017-05-13 12:22:22","2665AB6A5249416CA03E69F4D8BDD019","2008-01-30 12:47:25",\N,\N,"0","2008-01-30 12:47:25",\N,"CT2970","997","Oxkutzcab","32","0",\N,\N
"3036","2017-05-13 12:22:22","8F6CD62BF0D34EC589E49D0000A5A237","2008-01-30 12:47:25",\N,\N,"0","2008-01-30 12:47:25",\N,"CT2971","986","Panaba","32","0",\N,\N
"3037","2017-05-13 12:22:23","5366D42972E0414EA4CB4005362F70ED","2008-01-30 12:47:25",\N,\N,"0","2008-01-30 12:47:25",\N,"CT2972","997","Peto","32","0",\N,\N
"3038","2017-05-13 12:22:23","9C76ADAAFB2C446AB917B3BD00464200","2008-01-30 12:47:25",\N,\N,"0","2008-01-30 12:47:25",\N,"CT2973","985","Piste","32","0",\N,\N
"3039","2017-05-13 12:22:23","68B455978A9541D49EFA9B10114ED9B4","2008-01-30 12:47:25",\N,\N,"0","2008-01-30 12:47:25",\N,"CT2974","969","Progreso","32","0",\N,\N
"3040","2017-05-13 12:22:23","9AE3CA231C284D28BBCE8117AFC709F0","2008-01-30 12:47:25",\N,\N,"0","2008-01-30 12:47:25",\N,"CT2975","986","Río Lagartos","32","0",\N,\N
"3041","2017-05-13 12:22:23","4267D1107EE648099795403029F9D3A4","2008-01-30 12:47:25",\N,\N,"0","2008-01-30 12:47:25",\N,"CT2976","986","San Felipe","32","0",\N,\N
"3042","2017-05-13 12:22:23","3D68B7688C3545FBBA55E9A98025CC74","2008-01-30 12:47:25",\N,\N,"0","2008-01-30 12:47:25",\N,"CT3002","433","Benito Juárez (Mpio.Sombrerete)","33","0",\N,\N
"3043","2017-05-13 12:22:23","D1D2261B1626462F8BB303CAA054569C","2008-01-30 12:47:25",\N,\N,"0","2008-01-30 12:47:25",\N,"CT3003","498","Boquilla de Arriba","33","0",\N,\N
"3044","2017-05-13 12:22:23","FB916AEA63C044BB93A2EC08B5007933","2008-01-30 12:47:25",\N,\N,"0","2008-01-30 12:47:25",\N,"CT3004","478","Calera de Víctor Rosales","33","0",\N,\N
"3045","2017-05-13 12:22:23","AA9A45E9BB1B426E870075E606E69DD6","2008-01-30 12:47:25",\N,\N,"0","2008-01-30 12:47:25",\N,"CT3005","433","Campo Cinco (La Honda)","33","0",\N,\N
"3046","2017-05-13 12:22:23","57939ED3BD724E03AFB0F7B06E01DE04","2008-01-30 12:47:25",\N,\N,"0","2008-01-30 12:47:25",\N,"CT3006","433","Campo Diecisiete (La Honda)","33","0",\N,\N
"3047","2017-05-13 12:22:23","80C1D7F8898C470E957057C5551CD6E6","2008-01-30 12:47:25",\N,\N,"0","2008-01-30 12:47:25",\N,"CT3007","458","Cañitas de Felipe Pescador","33","0",\N,\N
"3048","2017-05-13 12:22:23","5EE3313228764F36B08B65A75EA28D91","2008-01-30 12:47:25",\N,\N,"0","2008-01-30 12:47:25",\N,"CT3008","457","Chalchihuites","33","0",\N,\N
"3049","2017-05-13 12:22:23","C13346BF18204B4785769D63EBF4026B","2008-01-30 12:47:25",\N,\N,"0","2008-01-30 12:47:25",\N,"CT3009","433","Charco Blanco","33","0",\N,\N
"3050","2017-05-13 12:22:23","101F40E2F25843F9A9753F76E8E98802","2008-01-30 12:47:25",\N,\N,"0","2008-01-30 12:47:25",\N,"CT3010","494","Ciudad Jerez de García Salinas","33","0",\N,\N
"3051","2017-05-13 12:22:23","EFC17AF835564909BAFF29FC79C5E395","2008-01-30 12:47:25",\N,\N,"0","2008-01-30 12:47:25",\N,"CT3011","433","Colonia Gonzalez Ortega","33","0",\N,\N
"3052","2017-05-13 12:22:23","B55AC71C9CD246D600922C706422D3BE","2008-01-30 12:47:25",\N,\N,"0","2008-01-30 12:47:25",\N,"CT3012","496","Colonia Madero (Madero)","33","0",\N,\N
"3053","2017-05-13 12:22:23","1416D40AE14547039D98CF3801049797","2008-01-30 12:47:25",\N,\N,"0","2008-01-30 12:47:25",\N,"CT3013","842","Concepción del Oro","33","0",\N,\N
"3054","2017-05-13 12:22:23","7F2008F6140C46F3AAFD32FF28003172","2008-01-30 12:47:25",\N,\N,"0","2008-01-30 12:47:25",\N,"CT3014","492","El Bordo Buenavista","33","0",\N,\N
"3055","2017-05-13 12:22:23","E30C112CCC61466992B91B25E63800BB","2008-01-30 12:47:25",\N,\N,"0","2008-01-30 12:47:25",\N,"CT3015","492","El Bote","33","0",\N,\N
"3056","2017-05-13 12:22:23","0F70F658244641C9BAF300E633B717EA","2008-01-30 12:47:25",\N,\N,"0","2008-01-30 12:47:25",\N,"CT3016","494","El Cargadero","33","0",\N,\N
"3057","2017-05-13 12:22:23","347DF5CF7373414AA6F8FB1E77F8F885","2008-01-30 12:47:25",\N,\N,"0","2008-01-30 12:47:25",\N,"CT3017","463","El Chique","33","0",\N,\N
"3058","2017-05-13 12:22:23","322D32EBF110480A00A2C0F7DE462B6D","2008-01-30 12:47:25",\N,\N,"0","2008-01-30 12:47:25",\N,"CT3018","458","El Saucito","33","0",\N,\N
"3059","2017-05-13 12:22:23","14A04CD0FB53423D9E68FFF44CCDCF00","2008-01-30 12:47:25",\N,\N,"0","2008-01-30 12:47:25",\N,"CT3019","498","Emiliano Zapata (Morones)","33","0",\N,\N
"3060","2017-05-13 12:22:23","4413212300504A43B01962020748006D","2008-01-30 12:47:25",\N,\N,"0","2008-01-30 12:47:25",\N,"CT3020","494","Ermita de Guadalupe","33","0",\N,\N
"3061","2017-05-13 12:22:23","92FBD5F5AEB8446A8F39DB00A3288155","2008-01-30 12:47:25",\N,\N,"0","2008-01-30 12:47:25",\N,"CT3021","494","Ermita de los Correas","33","0",\N,\N
"3062","2017-05-13 12:22:23","4A01D8FDCF704A18BF503F60F1E8CA45","2008-01-30 12:47:25",\N,\N,"0","2008-01-30 12:47:25",\N,"CT3022","493","Estación San José","33","0",\N,\N
"3063","2017-05-13 12:22:23","BFB9C0E5A0874A42BB1B4313D187C455","2008-01-30 12:47:25",\N,\N,"0","2008-01-30 12:47:25",\N,"CT3023","496","Estancia de Animas","33","0",\N,\N
"3064","2017-06-07 11:02:23","AA1440E64AE746B2AE4B1D8CBCD88DDE","2017-06-07 11:02:15",\N,\N,"0","2017-06-07 11:02:15",\N,"0000","0000","Desconocido","34","0",\N,\N
